{"type":"FeatureCollection","features":[{"type":"Feature","geometry":{"coordinates":[[[[112.6640367,-7.1927036],[112.6646082,-7.1922857],[112.6647627807186,-7.192204081380581],[112.66489548664042,-7.192204081380581],[112.66489548664042,-7.193103298163857],[112.66399626985715,-7.193103298163857],[112.66399626985715,-7.192742509540128],[112.6640367,-7.1927036]]]],"type":"MultiPolygon"},"properties":{"Kelas":"Sedang"}},{"type":"Feature","geometry":{"coordinates":[[[[112.6642675,-7.1937472],[112.66399626985715,-7.193505444486034],[112.66399626985715,-7.193103298163857],[112.66489548664042,-7.193103298163857],[112.66489548664042,-7.194002514947133],[112.66441030159237,-7.194002514947133],[112.6642675,-7.1937472]]]],"type":"MultiPolygon"},"properties":{"Kelas":"Cukup Rendah"}},{"type":"Feature","geometry":{"coordinates":[[[[112.6640017,-7.1943138],[112.66399626985715,-7.1943528447198],[112.66399626985715,-7.194296305220704],[112.6640017,-7.1943138]]],[[[112.6643693,-7.1955608],[112.664449,-7.1941474],[112.6644113,-7.1940043],[112.66441030159237,-7.194002514947133],[112.66489548664042,-7.194002514947133],[112.66489548664042,-7.195800948513684],[112.66437547246292,-7.195800948513684],[112.6643693,-7.1955608]]]],"type":"MultiPolygon"},"properties":{"Kelas":"Sangat Rendah"}},{"type":"Feature","geometry":{"coordinates":[[[[112.6643864,-7.1962261],[112.66437547246292,-7.195800948513684],[112.66489548664042,-7.195800948513684],[112.66489548664042,-7.19670016529696],[112.66449450554383,-7.19670016529696],[112.6643864,-7.1962261]]]],"type":"MultiPolygon"},"properties":{"Kelas":"Cukup Rendah"}},{"type":"Feature","geometry":{"coordinates":[[[[112.7604095,-7.1958276],[112.76061607828485,-7.195800948513684],[112.76173451758196,-7.195800948513684],[112.7618256,-7.1958096],[112.7618589861267,-7.195800948513684],[112.76201089923421,-7.195800948513684],[112.76201089923421,-7.19670016529696],[112.76021246566766,-7.19670016529696],[112.76021246566766,-7.195857953937685],[112.7604095,-7.1958276]]]],"type":"MultiPolygon"},"properties":{"Kelas":"Sedang"}},{"type":"Feature","geometry":{"coordinates":[[[[112.7630393,-7.1958106],[112.7636199,-7.1959301],[112.76380933280078,-7.195987524271165],[112.76380933280078,-7.19670016529696],[112.7629101160175,-7.19670016529696],[112.7629101160175,-7.195800948513684],[112.76297172546477,-7.195800948513684],[112.7630393,-7.1958106]]]],"type":"MultiPolygon"},"properties":{"Kelas":"Sedang"}},{"type":"Feature","geometry":{"coordinates":[[[[112.66592164684492,-7.197078075490936],[112.66561000138383,-7.197389373908082],[112.6654437,-7.1974369],[112.66509391446216,-7.197407702215608],[112.66489548664042,-7.19670016529696],[112.66594302201725,-7.196994784621691],[112.66592164684492,-7.197078075490936]]]],"type":"MultiPolygon"},"properties":{"Kelas":"Cukup Rendah"}},{"type":"Feature","geometry":{"coordinates":[[[[112.7575577,-7.1970913],[112.7581041,-7.1967156],[112.75813853607394,-7.19670016529696],[112.76021246566766,-7.19670016529696],[112.76021246566766,-7.197599382080236],[112.75751481531785,-7.197599382080236],[112.75751481531785,-7.197118110774936],[112.7575577,-7.1970913]]]],"type":"MultiPolygon"},"properties":{"Kelas":"Sedang"}},{"type":"Feature","geometry":{"coordinates":[[[[112.76560776636732,-7.196720957638085],[112.76560776636732,-7.197599382080236],[112.76470854958404,-7.197599382080236],[112.76470854958404,-7.19670016529696],[112.76556321135062,-7.19670016529696],[112.76560776636732,-7.196720957638085]]]],"type":"MultiPolygon"},"properties":{"Kelas":"Sedang"}},{"type":"Feature","geometry":{"coordinates":[[[[112.66399626985715,-7.198498598863512],[112.66309705307387,-7.198498598863512],[112.66309705307387,-7.197599382080236],[112.66399626985715,-7.197599382080236],[112.66399626985715,-7.198498598863512]]]],"type":"MultiPolygon"},"properties":{"Kelas":"Sedang"}},{"type":"Feature","geometry":{"coordinates":[[[[112.73503439573594,-7.198498598863512],[112.73539970255415,-7.196430575890256],[112.73617597954284,-7.198010352250718],[112.73503439573594,-7.198498598863512]]]],"type":"MultiPolygon"},"properties":{"Kelas":"Sedang"}},{"type":"Feature","geometry":{"coordinates":[[[[112.7665069831506,-7.198498598863512],[112.76560776636732,-7.198498598863512],[112.76560776636732,-7.197599382080236],[112.7665069831506,-7.197599382080236],[112.7665069831506,-7.198498598863512]]]],"type":"MultiPolygon"},"properties":{"Kelas":"Sedang"}},{"type":"Feature","geometry":{"coordinates":[[[[112.6475222253377,-7.197762431713961],[112.64781036775818,-7.199397815646789],[112.6466424397096,-7.198897275054534],[112.647212735828,-7.19780813344579],[112.6475222253377,-7.197762431713961]]]],"type":"MultiPolygon"},"properties":{"Kelas":"Sangat Rendah"}},{"type":"Feature","geometry":{"coordinates":[[[[112.6512833,-7.1969647],[112.6541789,-7.1961316],[112.6544571,-7.1960516],[112.657690431583,-7.196259246405797],[112.65554152455502,-7.197925172535896],[112.65014095500702,-7.199251166034671],[112.650875081209,-7.197067228397946],[112.65088772395298,-7.197058507825367],[112.6512833,-7.1969647]]],[[[112.6591492,-7.1951499],[112.6598439,-7.1943423],[112.65996297644794,-7.194203886351105],[112.66230672582294,-7.194412606976224],[112.65915057046392,-7.195221984008065],[112.6591492,-7.1951499]]]],"type":"MultiPolygon"},"properties":{"Kelas":"Cukup Tinggi"}},{"type":"Feature","geometry":{"coordinates":[[[[112.66487363041378,-7.199055431039321],[112.66399626985715,-7.199397815646789],[112.66399626985715,-7.198498598863512],[112.66502539641091,-7.198900209225955],[112.66487363041378,-7.199055431039321]]]],"type":"MultiPolygon"},"properties":{"Kelas":"Sedang"}},{"type":"Feature","geometry":{"coordinates":[[[[112.74762343070181,-7.199397815646789],[112.74672421391853,-7.199397815646789],[112.74717382231017,-7.198245694143216],[112.74762343070181,-7.199397815646789]]]],"type":"MultiPolygon"},"properties":{"Kelas":"Sangat Rendah"}},{"type":"Feature","geometry":{"coordinates":[[[[112.74942186426836,-7.199397815646789],[112.74852264748509,-7.199397815646789],[112.74897225587672,-7.198245694143216],[112.74942186426836,-7.199397815646789]]]],"type":"MultiPolygon"},"properties":{"Kelas":"Cukup Rendah"}},{"type":"Feature","geometry":{"coordinates":[[[[112.75578,-7.19856],[112.75588745198885,-7.198498598863512],[112.75661559853457,-7.198498598863512],[112.75661559853457,-7.199397815646789],[112.75571638175128,-7.199397815646789],[112.75571638175128,-7.198603169525915],[112.75578,-7.19856]]]],"type":"MultiPolygon"},"properties":{"Kelas":"Cukup Rendah"}},{"type":"Feature","geometry":{"coordinates":[[[[112.75669,-7.19801],[112.7569,-7.19786],[112.7569909,-7.1977691],[112.75706,-7.1977],[112.7570673,-7.1976318],[112.75707078150195,-7.197599382080236],[112.75751481531785,-7.197599382080236],[112.75751481531785,-7.199397815646789],[112.75661559853457,-7.199397815646789],[112.75661559853457,-7.198498598863512],[112.75661559853457,-7.198056500915899],[112.75669,-7.19801]]]],"type":"MultiPolygon"},"properties":{"Kelas":"Sedang"}},{"type":"Feature","geometry":{"coordinates":[[[[112.7368328293025,-7.200297032430063],[112.73593361251922,-7.200297032430063],[112.73638322091085,-7.199144910926492],[112.7368328293025,-7.200297032430063]]]],"type":"MultiPolygon"},"properties":{"Kelas":"Sedang"}},{"type":"Feature","geometry":{"coordinates":[[[[112.74582499713526,-7.200297032430063],[112.74582499713526,-7.199397815646789],[112.74672421391853,-7.199397815646789],[112.74672421391853,-7.200297032430063],[112.74582499713526,-7.200297032430063]]]],"type":"MultiPolygon"},"properties":{"Kelas":"Sangat Rendah"}},{"type":"Feature","geometry":{"coordinates":[[[[112.75408,-7.19967],[112.75441,-7.19943],[112.75445973945496,-7.199397815646789],[112.75571638175128,-7.199397815646789],[112.75661559853457,-7.199397815646789],[112.75661559853457,-7.200297032430063],[112.75391794818474,-7.200297032430063],[112.75391794818474,-7.199705038230328],[112.75408,-7.19967]]]],"type":"MultiPolygon"},"properties":{"Kelas":"Sedang"}},{"type":"Feature","geometry":{"coordinates":[[[[112.6325236824425,-7.200366310219599],[112.6325236824425,-7.201196249213339],[112.63162446565921,-7.201196249213339],[112.63162446565921,-7.200652613442746],[112.6325236824425,-7.200366310219599]]]],"type":"MultiPolygon"},"properties":{"Kelas":"Sedang"}},{"type":"Feature","geometry":{"coordinates":[[[[112.63274126906403,-7.200297032430063],[112.63342289922576,-7.200297032430063],[112.63342289922576,-7.201196249213339],[112.6325236824425,-7.201196249213339],[112.6325236824425,-7.200366310219599],[112.63274126906403,-7.200297032430063]]]],"type":"MultiPolygon"},"properties":{"Kelas":"Cukup Rendah"}},{"type":"Feature","geometry":{"coordinates":[[[[112.66129861950732,-7.201196249213339],[112.66129861950732,-7.200297032430063],[112.6621978362906,-7.200297032430063],[112.6621978362906,-7.201196249213339],[112.66129861950732,-7.201196249213339]]]],"type":"MultiPolygon"},"properties":{"Kelas":"Sangat Rendah"}},{"type":"Feature","geometry":{"coordinates":[[[[112.7368328293025,-7.201196249213339],[112.73593361251922,-7.201196249213339],[112.73593361251922,-7.200297032430063],[112.7368328293025,-7.200297032430063],[112.7368328293025,-7.201196249213339]]]],"type":"MultiPolygon"},"properties":{"Kelas":"Cukup Tinggi"}},{"type":"Feature","geometry":{"coordinates":[[[[112.74582499713526,-7.201196249213339],[112.74492578035198,-7.201196249213339],[112.74375785230339,-7.200674633227729],[112.74582499713526,-7.200297032430063],[112.74582499713526,-7.201196249213339]]]],"type":"MultiPolygon"},"properties":{"Kelas":"Sangat Rendah"}},{"type":"Feature","geometry":{"coordinates":[[[[112.74762343070181,-7.201196249213339],[112.74582499713526,-7.201196249213339],[112.74582499713526,-7.200297032430063],[112.74672421391853,-7.200297032430063],[112.74672421391853,-7.199397815646789],[112.74762343070181,-7.199397815646789],[112.74762343070181,-7.201196249213339]]]],"type":"MultiPolygon"},"properties":{"Kelas":"Cukup Rendah"}},{"type":"Feature","geometry":{"coordinates":[[[[112.74762343070181,-7.201196249213339],[112.74762343070181,-7.199397815646789],[112.74852264748509,-7.199397815646789],[112.74942186426836,-7.199397815646789],[112.75032108105164,-7.199397815646789],[112.75032108105164,-7.200297032430063],[112.74911978363022,-7.200894168575209],[112.74762343070181,-7.201196249213339]]]],"type":"MultiPolygon"},"properties":{"Kelas":"Sedang"}},{"type":"Feature","geometry":{"coordinates":[[[[112.75301873140145,-7.200297032430063],[112.75391794818474,-7.200297032430063],[112.7534683397931,-7.201449153933636],[112.75301873140145,-7.200297032430063]]]],"type":"MultiPolygon"},"properties":{"Kelas":"Sedang"}},{"type":"Feature","geometry":{"coordinates":[[[[112.64474734672676,-7.198023260619422],[112.64465257132004,-7.198133292045306],[112.6446069624469,-7.198031045923969],[112.64474734672676,-7.198023260619422]]],[[[112.65088772395298,-7.197058507825367],[112.650875081209,-7.197067228397946],[112.65014095500702,-7.199251166034671],[112.65554152455502,-7.197925172535896],[112.657690431583,-7.196259246405797],[112.6589699758116,-7.196341419468876],[112.65885914272613,-7.196355933872113],[112.65728551335539,-7.199880793411243],[112.6518234739101,-7.200713271448885],[112.64877281072154,-7.202415987603935],[112.64916993617794,-7.197465868020274],[112.65088772395298,-7.197058507825367]]],[[[112.65915057046392,-7.195221984008065],[112.66230672582294,-7.194412606976224],[112.65996297644794,-7.194203886351105],[112.660347,-7.1937575],[112.6610288,-7.1933075],[112.66309705307387,-7.193511464183557],[112.66309705307387,-7.195800948513684],[112.65917135183459,-7.196315047805692],[112.65915057046392,-7.195221984008065]]]],"type":"MultiPolygon"},"properties":{"Kelas":"Sedang"}},{"type":"Feature","geometry":{"coordinates":[[[[112.74582499713526,-7.202095465996615],[112.74492578035198,-7.202095465996615],[112.74492578035198,-7.201196249213339],[112.74582499713526,-7.201196249213339],[112.74582499713526,-7.202095465996615]]]],"type":"MultiPolygon"},"properties":{"Kelas":"Cukup Rendah"}},{"type":"Feature","geometry":{"coordinates":[[[[112.74582499713526,-7.202095465996615],[112.74582499713526,-7.201196249213339],[112.74762343070181,-7.201196249213339],[112.74762343070181,-7.202095465996615],[112.74582499713526,-7.202095465996615]]]],"type":"MultiPolygon"},"properties":{"Kelas":"Sedang"}},{"type":"Feature","geometry":{"coordinates":[[[[112.77100306706697,-7.202095465996615],[112.76855656515467,-7.201467594902825],[112.7665069831506,-7.198498598863512],[112.76895348506291,-7.199126469957303],[112.77100306706697,-7.202095465996615]]]],"type":"MultiPolygon"},"properties":{"Kelas":"Sedang"}},{"type":"Feature","geometry":{"coordinates":[[[[112.63342289922576,-7.202994682779892],[112.6325236824425,-7.202994682779892],[112.6325236824425,-7.201196249213339],[112.63342289922576,-7.201196249213339],[112.63342289922576,-7.202994682779892]]]],"type":"MultiPolygon"},"properties":{"Kelas":"Sedang"}},{"type":"Feature","geometry":{"coordinates":[[[[112.65410488524111,-7.202994682779892],[112.65107178488034,-7.202565271640221],[112.65506732820447,-7.200890656009648],[112.65410488524111,-7.202994682779892]]]],"type":"MultiPolygon"},"properties":{"Kelas":"Sangat Rendah"}},{"type":"Feature","geometry":{"coordinates":[[[[112.77190228385025,-7.202994682779892],[112.77100306706697,-7.202994682779892],[112.77100306706697,-7.202095465996615],[112.77190228385025,-7.202095465996615],[112.77190228385025,-7.202994682779892]]]],"type":"MultiPolygon"},"properties":{"Kelas":"Sedang"}},{"type":"Feature","geometry":{"coordinates":[[[[112.63432211600905,-7.203893899563168],[112.63342289922576,-7.203893899563168],[112.63342289922576,-7.202994682779892],[112.63432211600905,-7.202994682779892],[112.63432211600905,-7.203893899563168]]]],"type":"MultiPolygon"},"properties":{"Kelas":"Sedang"}},{"type":"Feature","geometry":{"coordinates":[[[[112.6361205495756,-7.203893899563168],[112.63432211600905,-7.203893899563168],[112.63432211600905,-7.202994682779892],[112.63342289922576,-7.202994682779892],[112.63342289922576,-7.201196249213339],[112.6352143076612,-7.202102491127736],[112.6361205495756,-7.203893899563168]]]],"type":"MultiPolygon"},"properties":{"Kelas":"Cukup Rendah"}},{"type":"Feature","geometry":{"coordinates":[[[[112.73259,-7.20374],[112.73257,-7.20358],[112.73292,-7.2035],[112.73291,-7.20344],[112.7327,-7.20347],[112.73260976586474,-7.203194284586703],[112.73278635377775,-7.202741778059595],[112.73323596216939,-7.203893899563168],[112.7323367453861,-7.203893899563168],[112.73238128987536,-7.203779754309455],[112.73259,-7.20374]]]],"type":"MultiPolygon"},"properties":{"Kelas":"Cukup Rendah"}},{"type":"Feature","geometry":{"coordinates":[[[[112.74492578035198,-7.203893899563168],[112.7440265635687,-7.203893899563168],[112.74285863552011,-7.203372283577556],[112.74492578035198,-7.202994682779892],[112.74492578035198,-7.203893899563168]]]],"type":"MultiPolygon"},"properties":{"Kelas":"Cukup Rendah"}},{"type":"Feature","geometry":{"coordinates":[[[[112.77331180770793,-7.202897318434184],[112.7737007174168,-7.203893899563168],[112.77280150063353,-7.203893899563168],[112.77319513360382,-7.202885215076808],[112.77331180770793,-7.202897318434184]]]],"type":"MultiPolygon"},"properties":{"Kelas":"Tinggi"}},{"type":"Feature","geometry":{"coordinates":[[[[112.634819,-7.1996355],[112.6371267,-7.1992069],[112.6385370495406,-7.198944960523112],[112.6382105260836,-7.201570337445444],[112.64016702510034,-7.201813582610452],[112.64281549953233,-7.201484279589232],[112.64201463458473,-7.202595128447479],[112.6401178491825,-7.203394237112304],[112.63839142320992,-7.20440936855905],[112.6361205495756,-7.203893899563168],[112.6352143076612,-7.202102491127736],[112.63342289922576,-7.201196249213339],[112.63342289922576,-7.200297032430063],[112.63274126906403,-7.200297032430063],[112.634819,-7.1996355]]]],"type":"MultiPolygon"},"properties":{"Kelas":"Sangat Rendah"}},{"type":"Feature","geometry":{"coordinates":[[[[112.65950018594077,-7.204793116346444],[112.65733468927323,-7.204260962664153],[112.65410488524111,-7.203893899563168],[112.65410488524111,-7.202994682779892],[112.65770175237421,-7.202994682779892],[112.65950018594077,-7.202994682779892],[112.65950018594077,-7.204793116346444]]]],"type":"MultiPolygon"},"properties":{"Kelas":"Sedang"}},{"type":"Feature","geometry":{"coordinates":[[[[112.7323367453861,-7.204662659719082],[112.7323367453861,-7.203893899563168],[112.73323596216939,-7.203893899563168],[112.73323596216939,-7.204793116346444],[112.7323625601251,-7.204793116346444],[112.7323367453861,-7.204662659719082]]]],"type":"MultiPolygon"},"properties":{"Kelas":"Sangat Rendah"}},{"type":"Feature","geometry":{"coordinates":[[[[112.73773204608577,-7.204793116346444],[112.73773204608577,-7.203893899563168],[112.73888416758935,-7.204343507954805],[112.73773204608577,-7.204793116346444]]]],"type":"MultiPolygon"},"properties":{"Kelas":"Cukup Rendah"}},{"type":"Feature","geometry":{"coordinates":[[[[112.75481716496802,-7.204793116346444],[112.75352629712484,-7.203796425868887],[112.75564437415731,-7.20268733329342],[112.75481716496802,-7.204793116346444]]]],"type":"MultiPolygon"},"properties":{"Kelas":"Cukup Tinggi"}},{"type":"Feature","geometry":{"coordinates":[[[[112.75032108105164,-7.205692333129718],[112.74875096424645,-7.205464016368341],[112.74739511394043,-7.204122216324546],[112.74492578035198,-7.203893899563168],[112.74492578035198,-7.202994682779892],[112.74492578035198,-7.202095465996615],[112.74582499713526,-7.202095465996615],[112.74616747227732,-7.202652207637824],[112.74905304488459,-7.203634847853142],[112.75032108105164,-7.205692333129718]]]],"type":"MultiPolygon"},"properties":{"Kelas":"Sedang"}},{"type":"Feature","geometry":{"coordinates":[[[[112.65950018594077,-7.206591549912995],[112.65834806443719,-7.206141941521357],[112.65950018594077,-7.205692333129718],[112.65950018594077,-7.206591549912995]]]],"type":"MultiPolygon"},"properties":{"Kelas":"Sedang"}},{"type":"Feature","geometry":{"coordinates":[[[[112.7512202978349,-7.206591549912995],[112.75032108105164,-7.206591549912995],[112.75032108105164,-7.205692333129718],[112.7512202978349,-7.205692333129718],[112.7512202978349,-7.206591549912995]]]],"type":"MultiPolygon"},"properties":{"Kelas":"Sedang"}},{"type":"Feature","geometry":{"coordinates":[[[[112.76470854958404,-7.206591549912995],[112.76201089923421,-7.206591549912995],[112.76201089923421,-7.204793116346444],[112.76470854958404,-7.204793116346444],[112.76470854958404,-7.206591549912995]]]],"type":"MultiPolygon"},"properties":{"Kelas":"Sedang"}},{"type":"Feature","geometry":{"coordinates":[[[[112.65320566845784,-7.207490766696271],[112.65140723489128,-7.207490766696271],[112.65140723489128,-7.203893899563168],[112.65410488524111,-7.203893899563168],[112.65380280460298,-7.204491035708312],[112.65213433596213,-7.205334929584023],[112.65320566845784,-7.207490766696271]]]],"type":"MultiPolygon"},"properties":{"Kelas":"Sedang"}},{"type":"Feature","geometry":{"coordinates":[[[[112.74672421391853,-7.207490766696271],[112.74582499713526,-7.207490766696271],[112.74492578035198,-7.207490766696271],[112.74492578035198,-7.206591549912995],[112.74432864420683,-7.205390252491588],[112.7440265635687,-7.203893899563168],[112.74492578035198,-7.203893899563168],[112.74492578035198,-7.204793116346444],[112.74672421391853,-7.204793116346444],[112.74672421391853,-7.207490766696271]]]],"type":"MultiPolygon"},"properties":{"Kelas":"Sangat Rendah"}},{"type":"Feature","geometry":{"coordinates":[[[[112.75211951461819,-7.207490766696271],[112.7512202978349,-7.207490766696271],[112.7512202978349,-7.206591549912995],[112.75211951461819,-7.206591549912995],[112.75211951461819,-7.207490766696271]]]],"type":"MultiPolygon"},"properties":{"Kelas":"Sedang"}},{"type":"Feature","geometry":{"coordinates":[[[[112.59835344467801,-7.208389983479547],[112.59628629984614,-7.208025554802731],[112.59786519806521,-7.207248399672654],[112.59835344467801,-7.208389983479547]]]],"type":"MultiPolygon"},"properties":{"Kelas":"Sedang"}},{"type":"Feature","geometry":{"coordinates":[[[[112.65680253559094,-7.208389983479547],[112.65320566845784,-7.208389983479547],[112.65320566845784,-7.207490766696271],[112.65680253559094,-7.207490766696271],[112.65680253559094,-7.208389983479547]]]],"type":"MultiPolygon"},"properties":{"Kelas":"Sedang"}},{"type":"Feature","geometry":{"coordinates":[[[[112.65770175237421,-7.208389983479547],[112.65680253559094,-7.208389983479547],[112.65680253559094,-7.207490766696271],[112.65320566845784,-7.207490766696271],[112.65213433596213,-7.205334929584023],[112.65380280460298,-7.204491035708312],[112.65410488524111,-7.203893899563168],[112.65733468927323,-7.204260962664153],[112.65950018594077,-7.204793116346444],[112.65950018594077,-7.205692333129718],[112.65834806443719,-7.206141941521357],[112.65950018594077,-7.206591549912995],[112.65950018594077,-7.207490766696271],[112.65860096915749,-7.207490766696271],[112.65770175237421,-7.207490766696271],[112.65770175237421,-7.208389983479547]]]],"type":"MultiPolygon"},"properties":{"Kelas":"Cukup Tinggi"}},{"type":"Feature","geometry":{"coordinates":[[[[112.65860096915749,-7.208389983479547],[112.65770175237421,-7.208389983479547],[112.65770175237421,-7.207490766696271],[112.65860096915749,-7.207490766696271],[112.65860096915749,-7.208389983479547]]]],"type":"MultiPolygon"},"properties":{"Kelas":"Sedang"}},{"type":"Feature","geometry":{"coordinates":[[[[112.74672421391853,-7.208389983479547],[112.74582499713526,-7.208389983479547],[112.74582499713526,-7.207490766696271],[112.74672421391853,-7.207490766696271],[112.74672421391853,-7.208389983479547]]]],"type":"MultiPolygon"},"properties":{"Kelas":"Sedang"}},{"type":"Feature","geometry":{"coordinates":[[[[112.74852264748509,-7.208389983479547],[112.74762343070181,-7.208389983479547],[112.74672421391853,-7.208389983479547],[112.74672421391853,-7.207490766696271],[112.74672421391853,-7.204793116346444],[112.74492578035198,-7.204793116346444],[112.74492578035198,-7.203893899563168],[112.74739511394043,-7.204122216324546],[112.74875096424645,-7.205464016368341],[112.75032108105164,-7.205692333129718],[112.75032108105164,-7.206591549912995],[112.74778676500033,-7.206911193378925],[112.74852264748509,-7.208389983479547]]]],"type":"MultiPolygon"},"properties":{"Kelas":"Cukup Rendah"}},{"type":"Feature","geometry":{"coordinates":[[[[112.75032108105164,-7.208389983479547],[112.74852264748509,-7.208389983479547],[112.74778676500033,-7.206911193378925],[112.75032108105164,-7.206591549912995],[112.75032108105164,-7.208389983479547]]]],"type":"MultiPolygon"},"properties":{"Kelas":"Sangat Rendah"}},{"type":"Feature","geometry":{"coordinates":[[[[112.7512202978349,-7.208389983479547],[112.75032108105164,-7.208389983479547],[112.75032108105164,-7.206591549912995],[112.7512202978349,-7.206591549912995],[112.7512202978349,-7.207490766696271],[112.7512202978349,-7.208389983479547]]]],"type":"MultiPolygon"},"properties":{"Kelas":"Cukup Rendah"}},{"type":"Feature","geometry":{"coordinates":[[[[112.66039940272404,-7.209289200262823],[112.65860096915749,-7.209289200262823],[112.65860096915749,-7.208389983479547],[112.66039940272404,-7.208389983479547],[112.66039940272404,-7.209289200262823]]]],"type":"MultiPolygon"},"properties":{"Kelas":"Cukup Rendah"}},{"type":"Feature","geometry":{"coordinates":[[[[112.74762343070181,-7.209289200262823],[112.74762343070181,-7.208389983479547],[112.74852264748509,-7.208389983479547],[112.75032108105164,-7.208389983479547],[112.7512202978349,-7.208389983479547],[112.7512202978349,-7.209289200262823],[112.74762343070181,-7.209289200262823]]]],"type":"MultiPolygon"},"properties":{"Kelas":"Sedang"}},{"type":"Feature","geometry":{"coordinates":[[[[112.7629101160175,-7.209289200262823],[112.76201089923421,-7.209289200262823],[112.76246050762586,-7.20813707875925],[112.7629101160175,-7.209289200262823]]]],"type":"MultiPolygon"},"properties":{"Kelas":"Sedang"}},{"type":"Feature","geometry":{"coordinates":[[[[112.62263229782646,-7.210188417046099],[112.62083386425991,-7.210188417046099],[112.62125712840984,-7.208087902841415],[112.62335588633175,-7.208730702338835],[112.62263229782646,-7.210188417046099]]]],"type":"MultiPolygon"},"properties":{"Kelas":"Sedang"}},{"type":"Feature","geometry":{"coordinates":[[[[112.65500410202439,-7.210188417046099],[112.65390818156978,-7.209880189418238],[112.65469675253792,-7.209092496591481],[112.65500410202439,-7.210188417046099]]]],"type":"MultiPolygon"},"properties":{"Kelas":"Sangat Rendah"}},{"type":"Feature","geometry":{"coordinates":[[[[112.72334457755335,-7.209289200262823],[112.72303722806689,-7.21038512071744],[112.72224865709873,-7.209597427890683],[112.72334457755335,-7.209289200262823]]]],"type":"MultiPolygon"},"properties":{"Kelas":"Sangat Rendah"}},{"type":"Feature","geometry":{"coordinates":[[[[112.74492578035198,-7.210188417046099],[112.74361208083266,-7.209056492794495],[112.74582499713526,-7.208389983479547],[112.74492578035198,-7.210188417046099]]]],"type":"MultiPolygon"},"properties":{"Kelas":"Sedang"}},{"type":"Feature","geometry":{"coordinates":[[[[112.74762343070181,-7.209289200262823],[112.74731608121533,-7.21038512071744],[112.74652751024719,-7.209597427890683],[112.74762343070181,-7.209289200262823]]]],"type":"MultiPolygon"},"properties":{"Kelas":"Tinggi"}},{"type":"Feature","geometry":{"coordinates":[[[[112.7593132488844,-7.210188417046099],[112.75661559853457,-7.210188417046099],[112.75661559853457,-7.209289200262823],[112.7593132488844,-7.209289200262823],[112.7593132488844,-7.210188417046099]]]],"type":"MultiPolygon"},"properties":{"Kelas":"Sedang"}},{"type":"Feature","geometry":{"coordinates":[[[[112.76201089923421,-7.210188417046099],[112.76111168245095,-7.210188417046099],[112.76111168245095,-7.209289200262823],[112.76201089923421,-7.209289200262823],[112.76201089923421,-7.210188417046099]]]],"type":"MultiPolygon"},"properties":{"Kelas":"Sedang"}},{"type":"Feature","geometry":{"coordinates":[[[[112.7629101160175,-7.210188417046099],[112.76201089923421,-7.210188417046099],[112.76201089923421,-7.209289200262823],[112.7629101160175,-7.209289200262823],[112.7629101160175,-7.210188417046099]]]],"type":"MultiPolygon"},"properties":{"Kelas":"Cukup Rendah"}},{"type":"Feature","geometry":{"coordinates":[[[[112.60644639572749,-7.211087633829374],[112.60343788332563,-7.210696860910861],[112.60583696560289,-7.209931121618853],[112.60644639572749,-7.211087633829374]]]],"type":"MultiPolygon"},"properties":{"Kelas":"Sedang"}},{"type":"Feature","geometry":{"coordinates":[[[[112.74582499713526,-7.211087633829374],[112.74492578035198,-7.211087633829374],[112.74492578035198,-7.210188417046099],[112.74582499713526,-7.210188417046099],[112.74582499713526,-7.211087633829374]]]],"type":"MultiPolygon"},"properties":{"Kelas":"Sedang"}},{"type":"Feature","geometry":{"coordinates":[[[[112.75032108105164,-7.211087633829374],[112.74825393621977,-7.210723205152558],[112.74983283443883,-7.209946050022481],[112.75032108105164,-7.211087633829374]]]],"type":"MultiPolygon"},"properties":{"Kelas":"Tinggi"}},{"type":"Feature","geometry":{"coordinates":[[[[112.75661559853457,-7.211087633829374],[112.75571638175128,-7.211087633829374],[112.75571638175128,-7.210188417046099],[112.75661559853457,-7.210188417046099],[112.75661559853457,-7.211087633829374]]]],"type":"MultiPolygon"},"properties":{"Kelas":"Sedang"}},{"type":"Feature","geometry":{"coordinates":[[[[112.7593132488844,-7.211087633829374],[112.75661559853457,-7.211087633829374],[112.75661559853457,-7.210188417046099],[112.7593132488844,-7.210188417046099],[112.7593132488844,-7.211087633829374]]]],"type":"MultiPolygon"},"properties":{"Kelas":"Cukup Rendah"}},{"type":"Feature","geometry":{"coordinates":[[[[112.7593132488844,-7.211087633829374],[112.7593132488844,-7.210188417046099],[112.76111168245095,-7.210188417046099],[112.76111168245095,-7.211087633829374],[112.7593132488844,-7.211087633829374]]]],"type":"MultiPolygon"},"properties":{"Kelas":"Sedang"}},{"type":"Feature","geometry":{"coordinates":[[[[112.75391794818474,-7.21198685061265],[112.75301873140145,-7.21198685061265],[112.75265166830047,-7.209656263363808],[112.75211951461819,-7.207490766696271],[112.75211951461819,-7.206591549912995],[112.75282729657846,-7.20354000858303],[112.74995753051621,-7.201326214139048],[112.75400224975817,-7.201924228425582],[112.75802238104121,-7.200804598153436],[112.75902346222571,-7.198357218099735],[112.7633017670774,-7.197724956298995],[112.76222692201614,-7.19948299536161],[112.75790646637775,-7.202487117056519],[112.75712316425793,-7.205300682069815],[112.75391794818474,-7.21198685061265]],[[112.75481716496802,-7.204793116346444],[112.75564437415731,-7.20268733329342],[112.75352629712484,-7.203796425868887],[112.75481716496802,-7.204793116346444]]]],"type":"MultiPolygon"},"properties":{"Kelas":"Tinggi"}},{"type":"Feature","geometry":{"coordinates":[[[[112.75571638175128,-7.21198685061265],[112.75391794818474,-7.21198685061265],[112.75712316425793,-7.205300682069815],[112.75790646637775,-7.202487117056519],[112.76222692201614,-7.19948299536161],[112.7633017670774,-7.197724956298995],[112.75902346222571,-7.198357218099735],[112.75802238104121,-7.200804598153436],[112.75400224975817,-7.201924228425582],[112.74995753051621,-7.201326214139048],[112.75282729657846,-7.20354000858303],[112.75211951461819,-7.206591549912995],[112.7512202978349,-7.206591549912995],[112.7512202978349,-7.205692333129718],[112.75032108105164,-7.205692333129718],[112.74905304488459,-7.203634847853142],[112.74616747227732,-7.202652207637824],[112.74582499713526,-7.202095465996615],[112.74762343070181,-7.202095465996615],[112.74762343070181,-7.201196249213339],[112.74911978363022,-7.200894168575209],[112.75032108105164,-7.200297032430063],[112.75301873140145,-7.200297032430063],[112.7534683397931,-7.201449153933636],[112.75391794818474,-7.200297032430063],[112.75661559853457,-7.200297032430063],[112.75661559853457,-7.199397815646789],[112.75751481531785,-7.199397815646789],[112.75751481531785,-7.197599382080236],[112.76021246566766,-7.197599382080236],[112.76021246566766,-7.19670016529696],[112.76201089923421,-7.19670016529696],[112.76201089923421,-7.195800948513684],[112.7629101160175,-7.195800948513684],[112.7629101160175,-7.19670016529696],[112.76380933280078,-7.19670016529696],[112.76470854958404,-7.19670016529696],[112.76470854958404,-7.197599382080236],[112.76560776636732,-7.197599382080236],[112.76560776636732,-7.198498598863512],[112.7665069831506,-7.198498598863512],[112.76855656515467,-7.201467594902825],[112.77100306706697,-7.202095465996615],[112.77100306706697,-7.202994682779892],[112.77190228385025,-7.202994682779892],[112.77190228385025,-7.203893899563168],[112.77280150063353,-7.203893899563168],[112.7737007174168,-7.203893899563168],[112.7737007174168,-7.205692333129718],[112.77310358127167,-7.205994413767851],[112.7724994199954,-7.207188686058139],[112.76860749735528,-7.207792847334403],[112.76699171719784,-7.209076690046462],[112.76605737475896,-7.208620056523705],[112.76515815797569,-7.209059127218664],[112.76425718490964,-7.208619178382316],[112.7629101160175,-7.209289200262823],[112.76246050762586,-7.20813707875925],[112.76201089923421,-7.209289200262823],[112.76111168245095,-7.209289200262823],[112.76111168245095,-7.210188417046099],[112.7593132488844,-7.210188417046099],[112.7593132488844,-7.209289200262823],[112.75661559853457,-7.209289200262823],[112.75661559853457,-7.210188417046099],[112.75571638175128,-7.210188417046099],[112.75571638175128,-7.211087633829374],[112.75571638175128,-7.21198685061265]],[[112.76470854958404,-7.206591549912995],[112.76470854958404,-7.204793116346444],[112.76201089923421,-7.204793116346444],[112.76201089923421,-7.206591549912995],[112.76470854958404,-7.206591549912995]]]],"type":"MultiPolygon"},"properties":{"Kelas":"Cukup Tinggi"}},{"type":"Feature","geometry":{"coordinates":[[[[112.7593132488844,-7.211087633829374],[112.76111168245095,-7.211087633829374],[112.76111168245095,-7.210188417046099],[112.76201089923421,-7.210188417046099],[112.76201089923421,-7.21198685061265],[112.7593132488844,-7.21198685061265],[112.7593132488844,-7.211087633829374]]]],"type":"MultiPolygon"},"properties":{"Kelas":"Cukup Rendah"}},{"type":"Feature","geometry":{"coordinates":[[[[112.60906405227851,-7.208025153968051],[112.61044896418274,-7.212156331900905],[112.60644639572749,-7.212886067395926],[112.60744923319477,-7.210153291390501],[112.60513093992539,-7.208155519728439],[112.60775734761219,-7.207370022191402],[112.60906405227851,-7.208025153968051]]]],"type":"MultiPolygon"},"properties":{"Kelas":"Tinggi"}},{"type":"Feature","geometry":{"coordinates":[[[[112.65320566845784,-7.212886067395926],[112.65072579717271,-7.212464559528765],[112.64562028313173,-7.210375461162151],[112.64669161562742,-7.205739752764774],[112.65000220866742,-7.203742859244102],[112.65089966916791,-7.207998332419644],[112.65349545511651,-7.210001372930046],[112.65372552816066,-7.211563586462709],[112.65320566845784,-7.212886067395926]]]],"type":"MultiPolygon"},"properties":{"Kelas":"Sangat Rendah"}},{"type":"Feature","geometry":{"coordinates":[[[[112.65680253559094,-7.210188417046099],[112.65985846762786,-7.210658222689705],[112.65873444664877,-7.212176529152872],[112.65561177586622,-7.21296334383824],[112.65680253559094,-7.210188417046099]]]],"type":"MultiPolygon"},"properties":{"Kelas":"Cukup Tinggi"}},{"type":"Feature","geometry":{"coordinates":[[[[112.73273,-7.20665],[112.7323625601251,-7.204793116346444],[112.73323596216939,-7.204793116346444],[112.73413517895267,-7.204793116346444],[112.73413517895267,-7.203893899563168],[112.73460937530322,-7.204318041854497],[112.73593361251922,-7.212886067395926],[112.73486930515463,-7.212151941193955],[112.7336803017127,-7.207519745362138],[112.732483166345,-7.206692704784601],[112.73273,-7.20665]]]],"type":"MultiPolygon"},"properties":{"Kelas":"Cukup Rendah"}},{"type":"Feature","geometry":{"coordinates":[[[[112.7440265635687,-7.212886067395926],[112.74183647894225,-7.211479284889277],[112.73928460006314,-7.210435174776666],[112.73863126286905,-7.206591549912995],[112.73997833176118,-7.207261571793502],[112.74177852161051,-7.206382552262195],[112.74357871145985,-7.207261571793502],[112.74492578035198,-7.206591549912995],[112.74492578035198,-7.207490766696271],[112.74582499713526,-7.207490766696271],[112.74582499713526,-7.208389983479547],[112.74361208083266,-7.209056492794495],[112.74492578035198,-7.210188417046099],[112.74492578035198,-7.211087633829374],[112.74582499713526,-7.211087633829374],[112.74582499713526,-7.21198685061265],[112.7440265635687,-7.21198685061265],[112.7440265635687,-7.212886067395926]]]],"type":"MultiPolygon"},"properties":{"Kelas":"Cukup Rendah"}},{"type":"Feature","geometry":{"coordinates":[[[[112.74582499713526,-7.212886067395926],[112.7440265635687,-7.212886067395926],[112.7440265635687,-7.21198685061265],[112.74582499713526,-7.21198685061265],[112.74582499713526,-7.212886067395926]]]],"type":"MultiPolygon"},"properties":{"Kelas":"Sangat Rendah"}},{"type":"Feature","geometry":{"coordinates":[[[[112.74672421391853,-7.212886067395926],[112.74582499713526,-7.212886067395926],[112.74582499713526,-7.21198685061265],[112.74582499713526,-7.211087633829374],[112.74672421391853,-7.211087633829374],[112.74672421391853,-7.212886067395926]]]],"type":"MultiPolygon"},"properties":{"Kelas":"Sedang"}},{"type":"Feature","geometry":{"coordinates":[[[[112.74672421391853,-7.211087633829374],[112.74582499713526,-7.211087633829374],[112.74582499713526,-7.210188417046099],[112.74492578035198,-7.210188417046099],[112.74582499713526,-7.208389983479547],[112.74672421391853,-7.208389983479547],[112.74762343070181,-7.208389983479547],[112.74762343070181,-7.209289200262823],[112.7512202978349,-7.209289200262823],[112.7512202978349,-7.208389983479547],[112.7512202978349,-7.207490766696271],[112.75211951461819,-7.207490766696271],[112.75265166830047,-7.209656263363808],[112.75301873140145,-7.21198685061265],[112.74981351532826,-7.212378501672553],[112.74672421391853,-7.212886067395926],[112.74672421391853,-7.211087633829374]],[[112.74652751024719,-7.209597427890683],[112.74731608121533,-7.21038512071744],[112.74762343070181,-7.209289200262823],[112.74652751024719,-7.209597427890683]],[[112.74983283443883,-7.209946050022481],[112.74825393621977,-7.210723205152558],[112.75032108105164,-7.211087633829374],[112.74983283443883,-7.209946050022481]]]],"type":"MultiPolygon"},"properties":{"Kelas":"Cukup Tinggi"}},{"type":"Feature","geometry":{"coordinates":[[[[112.75391794818474,-7.212886067395926],[112.75301873140145,-7.212886067395926],[112.75301873140145,-7.21198685061265],[112.75391794818474,-7.21198685061265],[112.75391794818474,-7.212886067395926]]]],"type":"MultiPolygon"},"properties":{"Kelas":"Cukup Tinggi"}},{"type":"Feature","geometry":{"coordinates":[[[[112.75571638175128,-7.212886067395926],[112.75391794818474,-7.212886067395926],[112.75391794818474,-7.21198685061265],[112.75571638175128,-7.21198685061265],[112.75571638175128,-7.212886067395926]]]],"type":"MultiPolygon"},"properties":{"Kelas":"Sedang"}},{"type":"Feature","geometry":{"coordinates":[[[[112.75571638175128,-7.212886067395926],[112.75571638175128,-7.21198685061265],[112.75571638175128,-7.211087633829374],[112.75661559853457,-7.211087633829374],[112.75661559853457,-7.212886067395926],[112.75571638175128,-7.212886067395926]]]],"type":"MultiPolygon"},"properties":{"Kelas":"Cukup Rendah"}},{"type":"Feature","geometry":{"coordinates":[[[[112.60644639572749,-7.212886067395926],[112.60613904624103,-7.213981987850543],[112.60535047527287,-7.213194295023788],[112.60644639572749,-7.212886067395926]]]],"type":"MultiPolygon"},"properties":{"Kelas":"Tinggi"}},{"type":"Feature","geometry":{"coordinates":[[[[112.62083386425991,-7.210188417046099],[112.62263229782646,-7.210188417046099],[112.62125185956151,-7.213614046608168],[112.62083386425991,-7.210188417046099]]]],"type":"MultiPolygon"},"properties":{"Kelas":"Cukup Tinggi"}},{"type":"Feature","geometry":{"coordinates":[[[[112.66039940272404,-7.213785284179203],[112.65930348226942,-7.213477056551341],[112.66009205323758,-7.212689363724584],[112.66039940272404,-7.213785284179203]]]],"type":"MultiPolygon"},"properties":{"Kelas":"Cukup Rendah"}},{"type":"Feature","geometry":{"coordinates":[[[[112.77190228385025,-7.213785284179203],[112.76968761126489,-7.213118774864254],[112.77079582569895,-7.209772178027277],[112.77258372156884,-7.211928015139526],[112.77190228385025,-7.213785284179203]]]],"type":"MultiPolygon"},"properties":{"Kelas":"Cukup Tinggi"}},{"type":"Feature","geometry":{"coordinates":[[[[112.596199,-7.2134074],[112.5966415,-7.2130502],[112.5970611,-7.2127727],[112.5974349,-7.212561],[112.5976562,-7.212468],[112.597969,-7.2124012],[112.59806754494083,-7.212400867826042],[112.59718551662942,-7.213678150929633],[112.5961518804185,-7.213446402305064],[112.596199,-7.2134074]]],[[[112.5981121,-7.2119876],[112.59808873673505,-7.211968130058726],[112.59835344467801,-7.21198685061265],[112.598235549772,-7.212157576619405],[112.5981121,-7.2119876]]]],"type":"MultiPolygon"},"properties":{"Kelas":"Sedang"}},{"type":"Feature","geometry":{"coordinates":[[[[112.7440265635687,-7.212886067395926],[112.74582499713526,-7.212886067395926],[112.74672421391853,-7.212886067395926],[112.74471327013562,-7.215055954770413],[112.7440265635687,-7.212886067395926]]]],"type":"MultiPolygon"},"properties":{"Kelas":"Cukup Rendah"}},{"type":"Feature","geometry":{"coordinates":[[[[112.75032108105164,-7.214684500962479],[112.75032108105164,-7.212886067395926],[112.75301873140145,-7.212886067395926],[112.75391794818474,-7.212886067395926],[112.75571638175128,-7.212886067395926],[112.75541430111315,-7.21348320354107],[112.75152237847304,-7.214087364817335],[112.75032108105164,-7.214684500962479]]]],"type":"MultiPolygon"},"properties":{"Kelas":"Cukup Rendah"}},{"type":"Feature","geometry":{"coordinates":[[[[112.5926895,-7.2023039],[112.5962296,-7.2025285],[112.5991669,-7.2032261],[112.5991693,-7.2032271],[112.59959610382847,-7.203400314056963],[112.59442112753396,-7.203506639210215],[112.59259275151277,-7.202715356759812],[112.5926895,-7.2023039]]],[[[112.6015015,-7.2041736],[112.6040792,-7.2054951],[112.60433489938303,-7.205626189136732],[112.60329035557213,-7.206133160107457],[112.60220848537975,-7.210567774126543],[112.59844477138256,-7.20664950724473],[112.60041984989759,-7.203734623144699],[112.6015015,-7.2041736]]]],"type":"MultiPolygon"},"properties":{"Kelas":"Tinggi"}},{"type":"Feature","geometry":{"coordinates":[[[[112.5939331,-7.2151249],[112.5940093,-7.2151249],[112.5940795675594,-7.215390131823385],[112.59363523297516,-7.215263077685078],[112.5939331,-7.2151249]]]],"type":"MultiPolygon"},"properties":{"Kelas":"Sangat Rendah"}},{"type":"Feature","geometry":{"coordinates":[[[[112.61993464747663,-7.215583717745755],[112.61787979662422,-7.215169235009713],[112.61958690348622,-7.211795415789648],[112.61993464747663,-7.215583717745755]]]],"type":"MultiPolygon"},"properties":{"Kelas":"Cukup Tinggi"}},{"type":"Feature","geometry":{"coordinates":[[[[112.65680253559094,-7.215583717745755],[112.6571098850774,-7.214487797291136],[112.65789845604556,-7.215275490117893],[112.65680253559094,-7.215583717745755]]]],"type":"MultiPolygon"},"properties":{"Kelas":"Cukup Rendah"}},{"type":"Feature","geometry":{"coordinates":[[[[112.74132891321888,-7.215583717745755],[112.73926176838701,-7.215219289068939],[112.74084066660608,-7.21444213393886],[112.74132891321888,-7.215583717745755]]]],"type":"MultiPolygon"},"properties":{"Kelas":"Tinggi"}},{"type":"Feature","geometry":{"coordinates":[[[[112.74762343070181,-7.215583717745755],[112.74672421391853,-7.215583717745755],[112.74717382231017,-7.214431596242182],[112.74762343070181,-7.215583717745755]]]],"type":"MultiPolygon"},"properties":{"Kelas":"Cukup Tinggi"}},{"type":"Feature","geometry":{"coordinates":[[[[112.6396713,-7.1987343],[112.6436539,-7.1980839],[112.6446069624469,-7.198031045923969],[112.64465257132004,-7.198133292045306],[112.64474734672676,-7.198023260619422],[112.6463623,-7.1979337],[112.6467308,-7.1978793],[112.647212735828,-7.19780813344579],[112.6466424397096,-7.198897275054534],[112.64781036775818,-7.199397815646789],[112.6475222253377,-7.197762431713961],[112.6485748,-7.197607],[112.64916993617794,-7.197465868020274],[112.64877281072154,-7.202415987603935],[112.6518234739101,-7.200713271448885],[112.65728551335539,-7.199880793411243],[112.65885914272613,-7.196355933872113],[112.6589699758116,-7.196341419468876],[112.6591721,-7.1963544],[112.65917135183459,-7.196315047805692],[112.66309705307387,-7.195800948513684],[112.66309705307387,-7.197599382080236],[112.66309705307387,-7.198498598863512],[112.66399626985715,-7.198498598863512],[112.66399626985715,-7.199397815646789],[112.6621978362906,-7.200297032430063],[112.66129861950732,-7.200297032430063],[112.66129861950732,-7.201196249213339],[112.65809340343412,-7.202487117056519],[112.65770175237421,-7.202994682779892],[112.65410488524111,-7.202994682779892],[112.65410488524111,-7.203893899563168],[112.65140723489128,-7.203893899563168],[112.65140723489128,-7.207490766696271],[112.65320566845784,-7.207490766696271],[112.65320566845784,-7.208389983479547],[112.65680253559094,-7.208389983479547],[112.65680253559094,-7.210188417046099],[112.65500410202439,-7.210188417046099],[112.65450707399769,-7.213189026175447],[112.65089088775402,-7.214169031966597],[112.64981955525832,-7.216866682316423],[112.64788588791771,-7.215954293412299],[112.64834779028881,-7.21327596217305],[112.64383063097907,-7.212050954934114],[112.64459637027107,-7.205176864133838],[112.6472940206209,-7.204104653496747],[112.64279793670453,-7.204277647350562],[112.64203219741252,-7.206207802125601],[112.64084319397057,-7.207092090505249],[112.64128753351388,-7.209672948050217],[112.63775037999528,-7.207385389729481],[112.63944870544339,-7.206121744269389],[112.63707596740782,-7.205178620416618],[112.6361205495756,-7.203893899563168],[112.63839142320992,-7.20440936855905],[112.6401178491825,-7.203394237112304],[112.64201463458473,-7.202595128447479],[112.64281549953233,-7.201484279589232],[112.64016702510034,-7.201813582610452],[112.6382105260836,-7.201570337445444],[112.6385370495406,-7.198944960523112],[112.6396713,-7.1987343]],[[112.65506732820447,-7.200890656009648],[112.65107178488034,-7.202565271640221],[112.65410488524111,-7.202994682779892],[112.65506732820447,-7.200890656009648]],[[112.65469675253792,-7.209092496591481],[112.65390818156978,-7.209880189418238],[112.65500410202439,-7.210188417046099],[112.65469675253792,-7.209092496591481]],[[112.65349545511651,-7.210001372930046],[112.65089966916791,-7.207998332419644],[112.65000220866742,-7.203742859244102],[112.64669161562742,-7.205739752764774],[112.64562028313173,-7.210375461162151],[112.65072579717271,-7.212464559528765],[112.65320566845784,-7.212886067395926],[112.65372552816066,-7.211563586462709],[112.65349545511651,-7.210001372930046]]]],"type":"MultiPolygon"},"properties":{"Kelas":"Cukup Rendah"}},{"type":"Feature","geometry":{"coordinates":[[[[112.66309705307387,-7.216482934529029],[112.66129861950732,-7.216482934529029],[112.66039940272404,-7.216482934529029],[112.66039940272404,-7.213785284179203],[112.66129861950732,-7.213785284179203],[112.66129861950732,-7.21198685061265],[112.66277916589073,-7.212367085834485],[112.6646021874162,-7.215165722444153],[112.66399626985715,-7.215583717745755],[112.66309705307387,-7.215583717745755],[112.66309705307387,-7.216482934529029]]]],"type":"MultiPolygon"},"properties":{"Kelas":"Cukup Rendah"}},{"type":"Feature","geometry":{"coordinates":[[[[112.75032108105164,-7.216482934529029],[112.74942186426836,-7.216482934529029],[112.74942186426836,-7.215583717745755],[112.74942186426836,-7.214684500962479],[112.75032108105164,-7.214684500962479],[112.75032108105164,-7.216482934529029]]]],"type":"MultiPolygon"},"properties":{"Kelas":"Cukup Rendah"}},{"type":"Feature","geometry":{"coordinates":[[[[112.6242065,-7.2041488],[112.6256814,-7.2033173],[112.62571,-7.2033012],[112.62883,-7.2015424],[112.6310086,-7.2008487],[112.63162446565921,-7.200652613442746],[112.63162446565921,-7.201196249213339],[112.6325236824425,-7.201196249213339],[112.6325236824425,-7.202994682779892],[112.63342289922576,-7.202994682779892],[112.63342289922576,-7.203893899563168],[112.63432211600905,-7.203893899563168],[112.63814905618631,-7.208977460069402],[112.64177753640945,-7.211778731103239],[112.64280671811844,-7.214292849902575],[112.64511271740835,-7.217382151312306],[112.64287872571241,-7.216874585588933],[112.64191803903184,-7.216994012817961],[112.64082914370833,-7.211962262653733],[112.63579563726132,-7.212588377464744],[112.63359150237264,-7.211292240773226],[112.62960298417963,-7.21178839065853],[112.6267138990068,-7.209678216898556],[112.62263229782646,-7.210188417046099],[112.62335588633175,-7.208730702338835],[112.62125712840984,-7.208087902841415],[112.62083386425991,-7.210188417046099],[112.62027712261869,-7.20984594190403],[112.61959217233456,-7.208066827448057],[112.62422875887333,-7.206487051087596],[112.62384062037899,-7.205242724738081],[112.62417654645515,-7.204166210866298],[112.6242065,-7.2041488]]]],"type":"MultiPolygon"},"properties":{"Kelas":"Cukup Tinggi"}},{"type":"Feature","geometry":{"coordinates":[[[[112.66309705307387,-7.216482934529029],[112.66309705307387,-7.215583717745755],[112.66399626985715,-7.215583717745755],[112.66361866905947,-7.217650862577621],[112.66309705307387,-7.216482934529029]]]],"type":"MultiPolygon"},"properties":{"Kelas":"Sedang"}},{"type":"Feature","geometry":{"coordinates":[[[[112.73503439573594,-7.217382151312306],[112.73503439573594,-7.215583717745755],[112.73593361251922,-7.215583717745755],[112.73593361251922,-7.217382151312306],[112.73503439573594,-7.217382151312306]]]],"type":"MultiPolygon"},"properties":{"Kelas":"Cukup Rendah"}},{"type":"Feature","geometry":{"coordinates":[[[[112.74582499713526,-7.215583717745755],[112.74672421391853,-7.215583717745755],[112.74762343070181,-7.215583717745755],[112.74866841895582,-7.217684231950438],[112.7461270777734,-7.217080070674173],[112.74582499713526,-7.215583717745755]]]],"type":"MultiPolygon"},"properties":{"Kelas":"Tinggi"}},{"type":"Feature","geometry":{"coordinates":[[[[112.60284952859439,-7.218281368095582],[112.60225239244924,-7.21797928745745],[112.60164823117297,-7.214986581600609],[112.60105109502783,-7.213785284179203],[112.60484466583227,-7.212455778114867],[112.60328157415822,-7.21691498009287],[112.60284952859439,-7.218281368095582]]]],"type":"MultiPolygon"},"properties":{"Kelas":"Tinggi"}},{"type":"Feature","geometry":{"coordinates":[[[[112.62892681530938,-7.218281368095582],[112.6280275985261,-7.218281368095582],[112.6280275985261,-7.217382151312306],[112.62892681530938,-7.217382151312306],[112.62892681530938,-7.218281368095582]]]],"type":"MultiPolygon"},"properties":{"Kelas":"Sedang"}},{"type":"Feature","geometry":{"coordinates":[[[[112.63072524887593,-7.218281368095582],[112.62892681530938,-7.218281368095582],[112.62892681530938,-7.217382151312306],[112.63072524887593,-7.217382151312306],[112.63072524887593,-7.218281368095582]]]],"type":"MultiPolygon"},"properties":{"Kelas":"Cukup Rendah"}},{"type":"Feature","geometry":{"coordinates":[[[[112.63162446565921,-7.218281368095582],[112.63072524887593,-7.218281368095582],[112.63072524887593,-7.217382151312306],[112.63162446565921,-7.217382151312306],[112.63162446565921,-7.218281368095582]]]],"type":"MultiPolygon"},"properties":{"Kelas":"Sedang"}},{"type":"Feature","geometry":{"coordinates":[[[[112.63342289922576,-7.218281368095582],[112.6325236824425,-7.218281368095582],[112.63162446565921,-7.218281368095582],[112.63162446565921,-7.217382151312306],[112.63342289922576,-7.217382151312306],[112.63342289922576,-7.218281368095582]]]],"type":"MultiPolygon"},"properties":{"Kelas":"Cukup Tinggi"}},{"type":"Feature","geometry":{"coordinates":[[[[112.62622916495955,-7.219180584878858],[112.62622916495955,-7.218281368095582],[112.62712838174284,-7.218281368095582],[112.62712838174284,-7.219180584878858],[112.62622916495955,-7.219180584878858]]]],"type":"MultiPolygon"},"properties":{"Kelas":"Sedang"}},{"type":"Feature","geometry":{"coordinates":[[[[112.6325236824425,-7.219180584878858],[112.63072524887593,-7.219180584878858],[112.63072524887593,-7.218281368095582],[112.63162446565921,-7.218281368095582],[112.6325236824425,-7.218281368095582],[112.6325236824425,-7.219180584878858]]]],"type":"MultiPolygon"},"properties":{"Kelas":"Cukup Rendah"}},{"type":"Feature","geometry":{"coordinates":[[[[112.63342289922576,-7.219180584878858],[112.6325236824425,-7.219180584878858],[112.6325236824425,-7.218281368095582],[112.63342289922576,-7.218281368095582],[112.63342289922576,-7.219180584878858]]]],"type":"MultiPolygon"},"properties":{"Kelas":"Sedang"}},{"type":"Feature","geometry":{"coordinates":[[[[112.65320566845784,-7.219180584878858],[112.65210974800323,-7.218872357250996],[112.65289831897137,-7.218084664424239],[112.65320566845784,-7.219180584878858]]]],"type":"MultiPolygon"},"properties":{"Kelas":"Sangat Rendah"}},{"type":"Feature","geometry":{"coordinates":[[[[112.72244536077008,-7.219180584878858],[112.72064692720353,-7.219180584878858],[112.72064692720353,-7.218281368095582],[112.72244536077008,-7.218281368095582],[112.72244536077008,-7.219180584878858]]]],"type":"MultiPolygon"},"properties":{"Kelas":"Cukup Rendah"}},{"type":"Feature","geometry":{"coordinates":[[[[112.74222813000215,-7.219180584878858],[112.74113220954753,-7.218872357250996],[112.74192078051567,-7.218084664424239],[112.74222813000215,-7.219180584878858]]]],"type":"MultiPolygon"},"properties":{"Kelas":"Tinggi"}},{"type":"Feature","geometry":{"coordinates":[[[[112.6280275985261,-7.220079801662134],[112.62622916495955,-7.220079801662134],[112.62622916495955,-7.219180584878858],[112.62712838174284,-7.219180584878858],[112.62712838174284,-7.218281368095582],[112.6280275985261,-7.218281368095582],[112.62892681530938,-7.218281368095582],[112.6280275985261,-7.220079801662134]]]],"type":"MultiPolygon"},"properties":{"Kelas":"Cukup Rendah"}},{"type":"Feature","geometry":{"coordinates":[[[[112.6325236824425,-7.220079801662134],[112.62982603209267,-7.220079801662134],[112.6280275985261,-7.220079801662134],[112.62892681530938,-7.218281368095582],[112.63072524887593,-7.218281368095582],[112.63072524887593,-7.219180584878858],[112.6325236824425,-7.219180584878858],[112.6325236824425,-7.220079801662134]]]],"type":"MultiPolygon"},"properties":{"Kelas":"Sangat Rendah"}},{"type":"Feature","geometry":{"coordinates":[[[[112.63342289922576,-7.220079801662134],[112.6325236824425,-7.220079801662134],[112.6325236824425,-7.219180584878858],[112.63342289922576,-7.219180584878858],[112.63342289922576,-7.220079801662134]]]],"type":"MultiPolygon"},"properties":{"Kelas":"Cukup Rendah"}},{"type":"Feature","geometry":{"coordinates":[[[[112.59835344467801,-7.22097901844541],[112.60004474499499,-7.218788933818955],[112.60136195707986,-7.220467940156476],[112.59835344467801,-7.22097901844541]]]],"type":"MultiPolygon"},"properties":{"Kelas":"Tinggi"}},{"type":"Feature","geometry":{"coordinates":[[[[112.62982603209267,-7.22097901844541],[112.62622916495955,-7.22097901844541],[112.62622916495955,-7.220079801662134],[112.6280275985261,-7.220079801662134],[112.62982603209267,-7.220079801662134],[112.62982603209267,-7.22097901844541]]]],"type":"MultiPolygon"},"properties":{"Kelas":"Sedang"}},{"type":"Feature","geometry":{"coordinates":[[[[112.6325236824425,-7.22097901844541],[112.63162446565921,-7.22097901844541],[112.63072524887593,-7.22097901844541],[112.62982603209267,-7.22097901844541],[112.62982603209267,-7.220079801662134],[112.6325236824425,-7.220079801662134],[112.6325236824425,-7.22097901844541]]]],"type":"MultiPolygon"},"properties":{"Kelas":"Cukup Rendah"}},{"type":"Feature","geometry":{"coordinates":[[[[112.63342289922576,-7.22097901844541],[112.6325236824425,-7.22097901844541],[112.6325236824425,-7.220079801662134],[112.63342289922576,-7.220079801662134],[112.63342289922576,-7.22097901844541]]]],"type":"MultiPolygon"},"properties":{"Kelas":"Sedang"}},{"type":"Feature","geometry":{"coordinates":[[[[112.63342289922576,-7.22097901844541],[112.63342289922576,-7.220079801662134],[112.63342289922576,-7.219180584878858],[112.63342289922576,-7.218281368095582],[112.63432211600905,-7.218281368095582],[112.63432211600905,-7.22097901844541],[112.63342289922576,-7.22097901844541]]]],"type":"MultiPolygon"},"properties":{"Kelas":"Cukup Tinggi"}},{"type":"Feature","geometry":{"coordinates":[[[[112.64241506705852,-7.22097901844541],[112.6413191466039,-7.220670790817548],[112.64210771757206,-7.219883097990792],[112.64241506705852,-7.22097901844541]]]],"type":"MultiPolygon"},"properties":{"Kelas":"Cukup Tinggi"}},{"type":"Feature","geometry":{"coordinates":[[[[112.65680253559094,-7.215583717745755],[112.65641088453104,-7.217889717035678],[112.65539575308429,-7.218673019155485],[112.65429105121578,-7.221370669505314],[112.6501163670481,-7.219317574935685],[112.65155827521035,-7.216474153115131],[112.65680253559094,-7.215583717745755]],[[112.65320566845784,-7.219180584878858],[112.65289831897137,-7.218084664424239],[112.65210974800323,-7.218872357250996],[112.65320566845784,-7.219180584878858]]]],"type":"MultiPolygon"},"properties":{"Kelas":"Cukup Rendah"}},{"type":"Feature","geometry":{"coordinates":[[[[112.71974771042025,-7.220079801662134],[112.71974771042025,-7.218281368095582],[112.72064692720353,-7.218281368095582],[112.72064692720353,-7.219180584878858],[112.72244536077008,-7.219180584878858],[112.7220343905996,-7.221216116620687],[112.71974771042025,-7.220079801662134]]]],"type":"MultiPolygon"},"properties":{"Kelas":"Sedang"}},{"type":"Feature","geometry":{"coordinates":[[[[112.72514301111991,-7.220079801662134],[112.72544509175805,-7.218583448733714],[112.72604222790318,-7.217382151312306],[112.72913152931292,-7.219767183327322],[112.72833242064809,-7.220604052071915],[112.72514301111991,-7.220079801662134]]]],"type":"MultiPolygon"},"properties":{"Kelas":"Sedang"}},{"type":"Feature","geometry":{"coordinates":[[[[112.74492578035198,-7.22097901844541],[112.74011356553522,-7.220550485447129],[112.73916341655134,-7.216849997630016],[112.73775136519635,-7.215875260687207],[112.73659573112721,-7.210720570728389],[112.73826419976805,-7.21145469693036],[112.7390106199495,-7.213452468592424],[112.74223866769883,-7.212728001945742],[112.74277784651224,-7.215134109354116],[112.74219300434655,-7.217749214413292],[112.744558717251,-7.217015088211321],[112.74529284345297,-7.21595078084674],[112.74582499713526,-7.215583717745755],[112.7461270777734,-7.217080070674173],[112.74866841895582,-7.217684231950438],[112.74762343070181,-7.215583717745755],[112.74942186426836,-7.215583717745755],[112.74942186426836,-7.216482934529029],[112.74942186426836,-7.219180584878858],[112.74762343070181,-7.219180584878858],[112.74762343070181,-7.218281368095582],[112.74492578035198,-7.218281368095582],[112.74492578035198,-7.22097901844541]],[[112.74132891321888,-7.215583717745755],[112.74084066660608,-7.21444213393886],[112.73926176838701,-7.215219289068939],[112.74132891321888,-7.215583717745755]],[[112.74222813000215,-7.219180584878858],[112.74192078051567,-7.218084664424239],[112.74113220954753,-7.218872357250996],[112.74222813000215,-7.219180584878858]]]],"type":"MultiPolygon"},"properties":{"Kelas":"Cukup Tinggi"}},{"type":"Feature","geometry":{"coordinates":[[[[112.74492578035198,-7.22097901844541],[112.74492578035198,-7.218281368095582],[112.74762343070181,-7.218281368095582],[112.74762343070181,-7.219180584878858],[112.74582499713526,-7.219180584878858],[112.74582499713526,-7.22097901844541],[112.74492578035198,-7.22097901844541]]]],"type":"MultiPolygon"},"properties":{"Kelas":"Sedang"}},{"type":"Feature","geometry":{"coordinates":[[[[112.75032108105164,-7.216482934529029],[112.75032108105164,-7.214684500962479],[112.75152237847304,-7.214087364817335],[112.75541430111315,-7.21348320354107],[112.75571638175128,-7.212886067395926],[112.75661559853457,-7.212886067395926],[112.75661559853457,-7.211087633829374],[112.7593132488844,-7.211087633829374],[112.7593132488844,-7.21198685061265],[112.76201089923421,-7.21198685061265],[112.76201089923421,-7.210188417046099],[112.7629101160175,-7.210188417046099],[112.76323678461455,-7.210760965232325],[112.76466464251456,-7.21157500230078],[112.76547780144162,-7.213733473837197],[112.76260276653102,-7.215372963812174],[112.76372151866178,-7.218342837992877],[112.7629101160175,-7.220079801662134],[112.76066734290765,-7.219559941959302],[112.75521759744181,-7.220607564637474],[112.75416207149114,-7.218030219658065],[112.75032108105164,-7.216482934529029]]]],"type":"MultiPolygon"},"properties":{"Kelas":"Sangat Rendah"}},{"type":"Feature","geometry":{"coordinates":[[[[112.7629101160175,-7.220079801662134],[112.76400603647211,-7.220388029289994],[112.76321746550397,-7.221175722116751],[112.7629101160175,-7.220079801662134]]]],"type":"MultiPolygon"},"properties":{"Kelas":"Sangat Rendah"}},{"type":"Feature","geometry":{"coordinates":[[[[112.5964202,-7.2214578],[112.5969619,-7.2218641],[112.5973129,-7.2220229],[112.5975799,-7.2216757],[112.5977401,-7.2213644],[112.59775971951166,-7.221039892705917],[112.59835344467801,-7.22097901844541],[112.59762107475882,-7.222212807098245],[112.59446503460345,-7.221377694636432],[112.59626193302815,-7.221193459793431],[112.5964202,-7.2214578]]]],"type":"MultiPolygon"},"properties":{"Kelas":"Tinggi"}},{"type":"Feature","geometry":{"coordinates":[[[[112.63162446565921,-7.221878235228685],[112.63072524887593,-7.221878235228685],[112.63072524887593,-7.22097901844541],[112.63162446565921,-7.22097901844541],[112.63162446565921,-7.221878235228685]]]],"type":"MultiPolygon"},"properties":{"Kelas":"Sedang"}},{"type":"Feature","geometry":{"coordinates":[[[[112.63162446565921,-7.221878235228685],[112.63162446565921,-7.22097901844541],[112.6325236824425,-7.22097901844541],[112.63342289922576,-7.22097901844541],[112.63342289922576,-7.221878235228685],[112.63162446565921,-7.221878235228685]]]],"type":"MultiPolygon"},"properties":{"Kelas":"Cukup Tinggi"}},{"type":"Feature","geometry":{"coordinates":[[[[112.64511271740835,-7.217382151312306],[112.64564487109064,-7.217749214413292],[112.64781036775818,-7.22097901844541],[112.64372174144673,-7.221490096734343],[112.64291385136801,-7.220221182425911],[112.64471228493454,-7.218781030546445],[112.64511271740835,-7.217382151312306]]]],"type":"MultiPolygon"},"properties":{"Kelas":"Cukup Tinggi"}},{"type":"Feature","geometry":{"coordinates":[[[[112.64870958454145,-7.221878235228685],[112.64781036775818,-7.221878235228685],[112.64781036775818,-7.22097901844541],[112.64870958454145,-7.22097901844541],[112.64870958454145,-7.221878235228685]]]],"type":"MultiPolygon"},"properties":{"Kelas":"Cukup Tinggi"}},{"type":"Feature","geometry":{"coordinates":[[[[112.73863126286905,-7.221878235228685],[112.73746333482046,-7.221377694636432],[112.73827122489918,-7.219834800214347],[112.73863126286905,-7.221878235228685]]]],"type":"MultiPolygon"},"properties":{"Kelas":"Cukup Rendah"}},{"type":"Feature","geometry":{"coordinates":[[[[112.74492578035198,-7.22097901844541],[112.74582499713526,-7.22097901844541],[112.74582499713526,-7.219180584878858],[112.74762343070181,-7.219180584878858],[112.74762343070181,-7.221878235228685],[112.74492578035198,-7.221878235228685],[112.74492578035198,-7.22097901844541]]]],"type":"MultiPolygon"},"properties":{"Kelas":"Cukup Rendah"}},{"type":"Feature","geometry":{"coordinates":[[[[112.7593132488844,-7.221878235228685],[112.75661559853457,-7.221878235228685],[112.75661559853457,-7.22097901844541],[112.7593132488844,-7.22097901844541],[112.7593132488844,-7.221878235228685]]]],"type":"MultiPolygon"},"properties":{"Kelas":"Sedang"}},{"type":"Feature","geometry":{"coordinates":[[[[112.62173308104317,-7.222777452011961],[112.62083386425991,-7.222777452011961],[112.62083386425991,-7.221878235228685],[112.62173308104317,-7.221878235228685],[112.62173308104317,-7.222777452011961]]]],"type":"MultiPolygon"},"properties":{"Kelas":"Cukup Tinggi"}},{"type":"Feature","geometry":{"coordinates":[[[[112.62353151460974,-7.222777452011961],[112.62173308104317,-7.222777452011961],[112.62173308104317,-7.221878235228685],[112.62353151460974,-7.221878235228685],[112.62353151460974,-7.222777452011961]]]],"type":"MultiPolygon"},"properties":{"Kelas":"Sedang"}},{"type":"Feature","geometry":{"coordinates":[[[[112.70446102510456,-7.222777452011961],[112.70356180832128,-7.222777452011961],[112.70356180832128,-7.221878235228685],[112.70446102510456,-7.221878235228685],[112.70446102510456,-7.222777452011961]]]],"type":"MultiPolygon"},"properties":{"Kelas":"Cukup Rendah"}},{"type":"Feature","geometry":{"coordinates":[[[[112.70895768840853,-7.222296198806088],[112.70968308286827,-7.22159542006502],[112.7105004,-7.2213079],[112.71051452899988,-7.221173301704301],[112.71075554258749,-7.221878235228685],[112.71075554258749,-7.222777452011961],[112.70895579103176,-7.222515252291473],[112.70895768840853,-7.222296198806088]]]],"type":"MultiPolygon"},"properties":{"Kelas":"Sedang"}},{"type":"Feature","geometry":{"coordinates":[[[[112.71165475937077,-7.222777452011961],[112.71075554258749,-7.222777452011961],[112.71075554258749,-7.221878235228685],[112.71165475937077,-7.221878235228685],[112.71165475937077,-7.222777452011961]]]],"type":"MultiPolygon"},"properties":{"Kelas":"Cukup Rendah"}},{"type":"Feature","geometry":{"coordinates":[[[[112.76111168245095,-7.222777452011961],[112.7593132488844,-7.222777452011961],[112.7593132488844,-7.221878235228685],[112.76111168245095,-7.221878235228685],[112.76111168245095,-7.222777452011961]]]],"type":"MultiPolygon"},"properties":{"Kelas":"Sedang"}},{"type":"Feature","geometry":{"coordinates":[[[[112.76111168245095,-7.221878235228685],[112.7593132488844,-7.221878235228685],[112.7593132488844,-7.22097901844541],[112.75661559853457,-7.22097901844541],[112.75661559853457,-7.221878235228685],[112.754330674638,-7.222439367576843],[112.7513520190434,-7.220500431387904],[112.75032108105164,-7.216482934529029],[112.75416207149114,-7.218030219658065],[112.75521759744181,-7.220607564637474],[112.76066734290765,-7.219559941959302],[112.7629101160175,-7.220079801662134],[112.76372151866178,-7.218342837992877],[112.76260276653102,-7.215372963812174],[112.76547780144162,-7.213733473837197],[112.76466464251456,-7.21157500230078],[112.76323678461455,-7.210760965232325],[112.7629101160175,-7.210188417046099],[112.76962087251925,-7.2096307972635],[112.7687883944816,-7.210671394810554],[112.76681257635428,-7.212374110965603],[112.7686233039003,-7.213933690074098],[112.76879366332994,-7.216062304803259],[112.76782243895269,-7.216899173547851],[112.7669864483495,-7.2178703979251],[112.76527407263916,-7.217732529726883],[112.76511951975453,-7.219661806360532],[112.76872165573597,-7.220746310977081],[112.76609074413179,-7.222361212993141],[112.76111168245095,-7.222777452011961],[112.76111168245095,-7.221878235228685]],[[112.76321746550397,-7.221175722116751],[112.76400603647211,-7.220388029289994],[112.7629101160175,-7.220079801662134],[112.76321746550397,-7.221175722116751]]]],"type":"MultiPolygon"},"properties":{"Kelas":"Cukup Rendah"}},{"type":"Feature","geometry":{"coordinates":[[[[112.60824482929404,-7.223676668795237],[112.60707690124545,-7.223176128202985],[112.60788479132418,-7.221633233780897],[112.60824482929404,-7.223676668795237]]]],"type":"MultiPolygon"},"properties":{"Kelas":"Sangat Rendah"}},{"type":"Feature","geometry":{"coordinates":[[[[112.64960880132473,-7.223676668795237],[112.64870958454145,-7.223676668795237],[112.64870958454145,-7.221878235228685],[112.64960880132473,-7.221878235228685],[112.64960880132473,-7.223676668795237]]]],"type":"MultiPolygon"},"properties":{"Kelas":"Cukup Tinggi"}},{"type":"Feature","geometry":{"coordinates":[[[[112.67735,-7.2236],[112.67733805380186,-7.223301345046386],[112.67748452160629,-7.223676668795237],[112.67729633184334,-7.223676668795237],[112.67735,-7.2236]]]],"type":"MultiPolygon"},"properties":{"Kelas":"Sedang"}},{"type":"Feature","geometry":{"coordinates":[[[[112.67928295517284,-7.223676668795237],[112.67838373838956,-7.223676668795237],[112.6788333467812,-7.221586692287232],[112.67928295517284,-7.223676668795237]]]],"type":"MultiPolygon"},"properties":{"Kelas":"Sangat Rendah"}},{"type":"Feature","geometry":{"coordinates":[[[[112.71165475937077,-7.223676668795237],[112.71075554258749,-7.223676668795237],[112.71075554258749,-7.222777452011961],[112.71165475937077,-7.222777452011961],[112.71165475937077,-7.223676668795237]]]],"type":"MultiPolygon"},"properties":{"Kelas":"Sedang"}},{"type":"Feature","geometry":{"coordinates":[[[[112.71884849363698,-7.223676668795237],[112.7179492768537,-7.223676668795237],[112.7179492768537,-7.22097901844541],[112.7179492768537,-7.220079801662134],[112.71884849363698,-7.220079801662134],[112.71884849363698,-7.223676668795237]]]],"type":"MultiPolygon"},"properties":{"Kelas":"Cukup Rendah"}},{"type":"Feature","geometry":{"coordinates":[[[[112.71974771042025,-7.223676668795237],[112.71884849363698,-7.223676668795237],[112.71884849363698,-7.220079801662134],[112.71974771042025,-7.220079801662134],[112.71974771042025,-7.223676668795237]]]],"type":"MultiPolygon"},"properties":{"Kelas":"Sedang"}},{"type":"Feature","geometry":{"coordinates":[[[[112.60644639572749,-7.224575885578513],[112.60535047527287,-7.224267657950652],[112.60613904624103,-7.223479965123895],[112.60644639572749,-7.224575885578513]]]],"type":"MultiPolygon"},"properties":{"Kelas":"Sangat Rendah"}},{"type":"Feature","geometry":{"coordinates":[[[[112.62083386425991,-7.224575885578513],[112.62083386425991,-7.222777452011961],[112.62173308104317,-7.222777452011961],[112.62173308104317,-7.224575885578513],[112.62083386425991,-7.224575885578513]]]],"type":"MultiPolygon"},"properties":{"Kelas":"Sedang"}},{"type":"Feature","geometry":{"coordinates":[[[[112.64241506705852,-7.224575885578513],[112.64124713900993,-7.224075344986259],[112.64205502908865,-7.222532450564174],[112.64241506705852,-7.224575885578513]]]],"type":"MultiPolygon"},"properties":{"Kelas":"Cukup Tinggi"}},{"type":"Feature","geometry":{"coordinates":[[[[112.70895710902094,-7.224575885578513],[112.70780498751736,-7.224126277186874],[112.70895710902094,-7.223676668795237],[112.70895710902094,-7.224575885578513]]]],"type":"MultiPolygon"},"properties":{"Kelas":"Sedang"}},{"type":"Feature","geometry":{"coordinates":[[[[112.70985632580422,-7.224575885578513],[112.70895710902094,-7.224575885578513],[112.70895710902094,-7.223676668795237],[112.70985632580422,-7.223676668795237],[112.70985632580422,-7.224575885578513]]]],"type":"MultiPolygon"},"properties":{"Kelas":"Cukup Tinggi"}},{"type":"Feature","geometry":{"coordinates":[[[[112.71255397615404,-7.224575885578513],[112.71165475937077,-7.224575885578513],[112.71165475937077,-7.223676668795237],[112.71165475937077,-7.222777452011961],[112.71255397615404,-7.222777452011961],[112.71255397615404,-7.223676668795237],[112.71255397615404,-7.224575885578513]]]],"type":"MultiPolygon"},"properties":{"Kelas":"Cukup Rendah"}},{"type":"Feature","geometry":{"coordinates":[[[[112.71974771042025,-7.224575885578513],[112.71884849363698,-7.224575885578513],[112.71884849363698,-7.223676668795237],[112.71974771042025,-7.223676668795237],[112.71974771042025,-7.224575885578513]]]],"type":"MultiPolygon"},"properties":{"Kelas":"Cukup Rendah"}},{"type":"Feature","geometry":{"coordinates":[[[[112.61543856356025,-7.22547510236179],[112.61453934677698,-7.22547510236179],[112.61453934677698,-7.223676668795237],[112.61543856356025,-7.223676668795237],[112.61543856356025,-7.22547510236179]]]],"type":"MultiPolygon"},"properties":{"Kelas":"Sangat Rendah"}},{"type":"Feature","geometry":{"coordinates":[[[[112.61543856356025,-7.22547510236179],[112.61543856356025,-7.223676668795237],[112.61453934677698,-7.223676668795237],[112.61553515911314,-7.222385800952058],[112.61665918009223,-7.224531978509017],[112.61543856356025,-7.22547510236179]]]],"type":"MultiPolygon"},"properties":{"Kelas":"Cukup Rendah"}},{"type":"Feature","geometry":{"coordinates":[[[[112.65050801810801,-7.22547510236179],[112.64960880132473,-7.22547510236179],[112.64960880132473,-7.223676668795237],[112.65050801810801,-7.223676668795237],[112.65050801810801,-7.22547510236179]]]],"type":"MultiPolygon"},"properties":{"Kelas":"Cukup Tinggi"}},{"type":"Feature","geometry":{"coordinates":[[[[112.70985632580422,-7.22547510236179],[112.70895710902094,-7.22547510236179],[112.70895710902094,-7.224575885578513],[112.70985632580422,-7.224575885578513],[112.70985632580422,-7.22547510236179]]]],"type":"MultiPolygon"},"properties":{"Kelas":"Sedang"}},{"type":"Feature","geometry":{"coordinates":[[[[112.71255397615404,-7.22547510236179],[112.71165475937077,-7.22547510236179],[112.71165475937077,-7.224575885578513],[112.71255397615404,-7.224575885578513],[112.71255397615404,-7.22547510236179]]]],"type":"MultiPolygon"},"properties":{"Kelas":"Sedang"}},{"type":"Feature","geometry":{"coordinates":[[[[112.75571638175128,-7.22547510236179],[112.75462046129667,-7.225166874733928],[112.75540903226482,-7.224379181907171],[112.75571638175128,-7.22547510236179]]]],"type":"MultiPolygon"},"properties":{"Kelas":"Cukup Rendah"}},{"type":"Feature","geometry":{"coordinates":[[[[112.77639836776663,-7.22547510236179],[112.77665127248693,-7.22482879029881],[112.7779438966129,-7.224322980858217],[112.77864640972483,-7.222529816140005],[112.77909601811646,-7.223676668795237],[112.77909601811646,-7.22547510236179],[112.77639836776663,-7.22547510236179]]]],"type":"MultiPolygon"},"properties":{"Kelas":"Sangat Rendah"}},{"type":"Feature","geometry":{"coordinates":[[[[112.78718896916595,-7.22547510236179],[112.78539053559939,-7.22547510236179],[112.78539053559939,-7.223676668795237],[112.78718896916595,-7.223676668795237],[112.78718896916595,-7.22547510236179]]]],"type":"MultiPolygon"},"properties":{"Kelas":"Cukup Rendah"}},{"type":"Feature","geometry":{"coordinates":[[[[112.62173308104317,-7.226374319145066],[112.62083386425991,-7.226374319145066],[112.62083386425991,-7.22547510236179],[112.62173308104317,-7.22547510236179],[112.62173308104317,-7.226374319145066]]]],"type":"MultiPolygon"},"properties":{"Kelas":"Sangat Rendah"}},{"type":"Feature","geometry":{"coordinates":[[[[112.62263229782646,-7.226374319145066],[112.62173308104317,-7.226374319145066],[112.62173308104317,-7.22547510236179],[112.62083386425991,-7.22547510236179],[112.62083386425991,-7.224575885578513],[112.62173308104317,-7.224575885578513],[112.62173308104317,-7.222777452011961],[112.62353151460974,-7.222777452011961],[112.62353151460974,-7.22547510236179],[112.62263229782646,-7.22547510236179],[112.62263229782646,-7.226374319145066]]]],"type":"MultiPolygon"},"properties":{"Kelas":"Cukup Rendah"}},{"type":"Feature","geometry":{"coordinates":[[[[112.62353151460974,-7.226374319145066],[112.62263229782646,-7.226374319145066],[112.62263229782646,-7.22547510236179],[112.62353151460974,-7.22547510236179],[112.62353151460974,-7.226374319145066]]]],"type":"MultiPolygon"},"properties":{"Kelas":"Sedang"}},{"type":"Feature","geometry":{"coordinates":[[[[112.65230645167456,-7.226374319145066],[112.65050801810801,-7.226374319145066],[112.65050801810801,-7.22547510236179],[112.65230645167456,-7.22547510236179],[112.65230645167456,-7.226374319145066]]]],"type":"MultiPolygon"},"properties":{"Kelas":"Cukup Tinggi"}},{"type":"Feature","geometry":{"coordinates":[[[[112.65320566845784,-7.226374319145066],[112.65230645167456,-7.226374319145066],[112.65230645167456,-7.22547510236179],[112.65320566845784,-7.22547510236179],[112.65320566845784,-7.226374319145066]]]],"type":"MultiPolygon"},"properties":{"Kelas":"Sedang"}},{"type":"Feature","geometry":{"coordinates":[[[[112.65410488524111,-7.226374319145066],[112.65320566845784,-7.226374319145066],[112.65320566845784,-7.22547510236179],[112.65410488524111,-7.22547510236179],[112.65410488524111,-7.226374319145066]]]],"type":"MultiPolygon"},"properties":{"Kelas":"Cukup Rendah"}},{"type":"Feature","geometry":{"coordinates":[[[[112.65410488524111,-7.226374319145066],[112.65410488524111,-7.22547510236179],[112.65320566845784,-7.22547510236179],[112.65400653340544,-7.224224629022546],[112.65528861983472,-7.225616483125565],[112.65410488524111,-7.226374319145066]]]],"type":"MultiPolygon"},"properties":{"Kelas":"Sangat Rendah"}},{"type":"Feature","geometry":{"coordinates":[[[[112.67928295517284,-7.224575885578513],[112.68198060552267,-7.224575885578513],[112.68198060552267,-7.22547510236179],[112.68198060552267,-7.226374319145066],[112.67928295517284,-7.226374319145066],[112.67928295517284,-7.224575885578513]]]],"type":"MultiPolygon"},"properties":{"Kelas":"Sedang"}},{"type":"Feature","geometry":{"coordinates":[[[[112.71345319293732,-7.226374319145066],[112.71255397615404,-7.226374319145066],[112.71255397615404,-7.22547510236179],[112.71345319293732,-7.22547510236179],[112.71345319293732,-7.226374319145066]]]],"type":"MultiPolygon"},"properties":{"Kelas":"Cukup Rendah"}},{"type":"Feature","geometry":{"coordinates":[[[[112.72424379433663,-7.226374319145066],[112.72334457755335,-7.226374319145066],[112.72207127253797,-7.222824871647017],[112.72514301111991,-7.220079801662134],[112.72475136006,-7.221486584168781],[112.72372217835103,-7.223193691030783],[112.72424379433663,-7.226374319145066]]]],"type":"MultiPolygon"},"properties":{"Kelas":"Sedang"}},{"type":"Feature","geometry":{"coordinates":[[[[112.72424379433663,-7.226374319145066],[112.72372217835103,-7.223193691030783],[112.72475136006,-7.221486584168781],[112.72514301111991,-7.220079801662134],[112.72833242064809,-7.220604052071915],[112.72913152931292,-7.219767183327322],[112.72604222790318,-7.217382151312306],[112.72514301111991,-7.217382151312306],[112.72553466217981,-7.215975368805658],[112.72873987825301,-7.214684500962479],[112.72934403952928,-7.215878773252767],[112.73263882602424,-7.217545485610831],[112.73203466474799,-7.219777721024002],[112.7308403924577,-7.220381882300265],[112.72985687410099,-7.222325209196153],[112.7272435253246,-7.223079532650093],[112.72603520277207,-7.225468077230669],[112.72424379433663,-7.226374319145066]]]],"type":"MultiPolygon"},"properties":{"Kelas":"Cukup Rendah"}},{"type":"Feature","geometry":{"coordinates":[[[[112.78359210203284,-7.226374319145066],[112.78152495720097,-7.22600989046825],[112.78310385542005,-7.225232735338171],[112.78359210203284,-7.226374319145066]]]],"type":"MultiPolygon"},"properties":{"Kelas":"Cukup Tinggi"}},{"type":"Feature","geometry":{"coordinates":[[[[112.5916442,-7.2217101],[112.5916192,-7.2214247],[112.5923309,-7.2207522],[112.5922045,-7.2195355],[112.5921236,-7.2187567],[112.5921173,-7.2186966],[112.5920278,-7.2177628],[112.5920715,-7.217552],[112.5921477,-7.2171568],[112.5922241,-7.2167753],[112.5923309,-7.2164987],[112.5924377,-7.216327],[112.5926055,-7.2160901],[112.5927352,-7.215905],[112.5929641,-7.2157205],[112.593254,-7.2154959],[112.5935897,-7.2152842],[112.59363523297516,-7.215263077685078],[112.5940795675594,-7.215390131823385],[112.594551,-7.2171696],[112.59477242476584,-7.217559256236535],[112.5940523081502,-7.217853713238691],[112.59256649291845,-7.221486584168781],[112.59163591259757,-7.221867342556618],[112.5916442,-7.2217101]]],[[[112.5961074,-7.2161544],[112.5957107,-7.2158554],[112.5955428,-7.2153371],[112.5952529,-7.2150734],[112.5946578,-7.2147296],[112.5947799,-7.2146224],[112.5951461,-7.2142919],[112.5956725,-7.2138432],[112.5961518804185,-7.213446402305064],[112.59718551662942,-7.213678150929633],[112.59806754494083,-7.212400867826042],[112.598236,-7.2124003],[112.5984496,-7.2124523],[112.598235549772,-7.212157576619405],[112.59835344467801,-7.21198685061265],[112.59964431252118,-7.212983541090207],[112.59886101040138,-7.214292849902575],[112.59694666217136,-7.215076152022382],[112.59642357652082,-7.216354545204196],[112.5961074,-7.2161544]]]],"type":"MultiPolygon"},"properties":{"Kelas":"Cukup Rendah"}},{"type":"Feature","geometry":{"coordinates":[[[[112.5921935,-7.2237347],[112.5920715,-7.2236875],[112.5919494,-7.2235783],[112.5916442,-7.2232183],[112.5915832,-7.2230218],[112.5915603,-7.2229041],[112.591545,-7.2227882],[112.5915603,-7.2225688],[112.591629,-7.2219985],[112.59163591259757,-7.221867342556618],[112.59256649291845,-7.221486584168781],[112.5940523081502,-7.217853713238691],[112.59477242476584,-7.217559256236535],[112.5949477,-7.2178677],[112.5952377,-7.2186569],[112.5953521,-7.2191447],[112.5953826,-7.2196149],[112.59541481615294,-7.219660217559063],[112.59455811759078,-7.219767183327322],[112.59345692828782,-7.222377897679548],[112.59237172493769,-7.2237347],[112.5921935,-7.2237347]]],[[[112.5975951,-7.2193497],[112.597702,-7.2190655],[112.598091,-7.2188242],[112.5985443,-7.2186056],[112.5991668,-7.2183054],[112.5992857535973,-7.21825433411068],[112.59764769665803,-7.219565895153988],[112.5975951,-7.2193497]]],[[[112.6007461,-7.216823],[112.6004943,-7.2162846],[112.6001434,-7.2160266],[112.5996856,-7.2160071],[112.5994338,-7.2159251],[112.5985717,-7.215638],[112.5980529,-7.2154945],[112.5976257,-7.2155894],[112.5975036,-7.2157558],[112.5973815,-7.2160257],[112.5972976,-7.2163166],[112.5970992,-7.2164625],[112.596466,-7.2163814],[112.59642357652082,-7.216354545204196],[112.59694666217136,-7.215076152022382],[112.59886101040138,-7.214292849902575],[112.59964431252118,-7.212983541090207],[112.59835344467801,-7.21198685061265],[112.59835344467801,-7.211087633829374],[112.60105109502783,-7.211087633829374],[112.60105109502783,-7.213785284179203],[112.60043815233767,-7.214275287074777],[112.6007841400453,-7.217054604573866],[112.60069820405089,-7.21712341189051],[112.6007461,-7.216823]]]],"type":"MultiPolygon"},"properties":{"Kelas":"Sedang"}},{"type":"Feature","geometry":{"coordinates":[[[[112.61993464747663,-7.22727353592834],[112.61903543069334,-7.22727353592834],[112.61903543069334,-7.224575885578513],[112.62083386425991,-7.224575885578513],[112.62083386425991,-7.22547510236179],[112.61993464747663,-7.22547510236179],[112.61993464747663,-7.22727353592834]]]],"type":"MultiPolygon"},"properties":{"Kelas":"Sedang"}},{"type":"Feature","geometry":{"coordinates":[[[[112.62173308104317,-7.22727353592834],[112.61993464747663,-7.22727353592834],[112.61993464747663,-7.22547510236179],[112.62083386425991,-7.22547510236179],[112.62083386425991,-7.226374319145066],[112.62173308104317,-7.226374319145066],[112.62173308104317,-7.22727353592834]]]],"type":"MultiPolygon"},"properties":{"Kelas":"Cukup Rendah"}},{"type":"Feature","geometry":{"coordinates":[[[[112.62263229782646,-7.22727353592834],[112.62173308104317,-7.22727353592834],[112.62173308104317,-7.226374319145066],[112.62263229782646,-7.226374319145066],[112.62263229782646,-7.22727353592834]]]],"type":"MultiPolygon"},"properties":{"Kelas":"Sedang"}},{"type":"Feature","geometry":{"coordinates":[[[[112.62263229782646,-7.22727353592834],[112.62263229782646,-7.226374319145066],[112.62353151460974,-7.226374319145066],[112.62353151460974,-7.22727353592834],[112.62263229782646,-7.22727353592834]]]],"type":"MultiPolygon"},"properties":{"Kelas":"Cukup Tinggi"}},{"type":"Feature","geometry":{"coordinates":[[[[112.65410488524111,-7.22727353592834],[112.65320566845784,-7.22727353592834],[112.65320566845784,-7.226374319145066],[112.65410488524111,-7.226374319145066],[112.65410488524111,-7.22727353592834]]]],"type":"MultiPolygon"},"properties":{"Kelas":"Sedang"}},{"type":"Feature","geometry":{"coordinates":[[[[112.65410488524111,-7.22727353592834],[112.65410488524111,-7.226374319145066],[112.65528861983472,-7.225616483125565],[112.65400653340544,-7.224224629022546],[112.65320566845784,-7.22547510236179],[112.65230645167456,-7.22547510236179],[112.65277537917677,-7.222418292183486],[112.65806003406131,-7.223789949034536],[112.65708354083571,-7.226816024264194],[112.65410488524111,-7.22727353592834]]]],"type":"MultiPolygon"},"properties":{"Kelas":"Cukup Rendah"}},{"type":"Feature","geometry":{"coordinates":[[[[112.68737590622231,-7.22727353592834],[112.68737590622231,-7.226374319145066],[112.6882751230056,-7.226374319145066],[112.6882751230056,-7.22727353592834],[112.68737590622231,-7.22727353592834]]]],"type":"MultiPolygon"},"properties":{"Kelas":"Tinggi"}},{"type":"Feature","geometry":{"coordinates":[[[[112.6990657244049,-7.22727353592834],[112.69816650762164,-7.22727353592834],[112.69816650762164,-7.226374319145066],[112.6990657244049,-7.226374319145066],[112.6990657244049,-7.22727353592834]]]],"type":"MultiPolygon"},"properties":{"Kelas":"Cukup Rendah"}},{"type":"Feature","geometry":{"coordinates":[[[[112.70536024188783,-7.22727353592834],[112.7036478661775,-7.226090679476121],[112.70446102510456,-7.222777452011961],[112.70536024188783,-7.222777452011961],[112.70536024188783,-7.22727353592834]]]],"type":"MultiPolygon"},"properties":{"Kelas":"Cukup Rendah"}},{"type":"Feature","geometry":{"coordinates":[[[[112.7071586754544,-7.22727353592834],[112.70625945867111,-7.22727353592834],[112.70625945867111,-7.22547510236179],[112.7071586754544,-7.22547510236179],[112.7071586754544,-7.22727353592834]]]],"type":"MultiPolygon"},"properties":{"Kelas":"Cukup Rendah"}},{"type":"Feature","geometry":{"coordinates":[[[[112.70985632580422,-7.22727353592834],[112.70895710902094,-7.22727353592834],[112.70895710902094,-7.22547510236179],[112.70985632580422,-7.22547510236179],[112.70985632580422,-7.226374319145066],[112.70985632580422,-7.22727353592834]]]],"type":"MultiPolygon"},"properties":{"Kelas":"Cukup Rendah"}},{"type":"Feature","geometry":{"coordinates":[[[[112.71075554258749,-7.22727353592834],[112.70985632580422,-7.22727353592834],[112.70985632580422,-7.226374319145066],[112.71075554258749,-7.226374319145066],[112.71075554258749,-7.22727353592834]]]],"type":"MultiPolygon"},"properties":{"Kelas":"Cukup Tinggi"}},{"type":"Feature","geometry":{"coordinates":[[[[112.71345319293732,-7.22727353592834],[112.71255397615404,-7.22727353592834],[112.71255397615404,-7.226374319145066],[112.71345319293732,-7.226374319145066],[112.71345319293732,-7.22727353592834]]]],"type":"MultiPolygon"},"properties":{"Kelas":"Sedang"}},{"type":"Feature","geometry":{"coordinates":[[[[112.71435240972059,-7.22727353592834],[112.71345319293732,-7.22727353592834],[112.71345319293732,-7.226374319145066],[112.71345319293732,-7.22547510236179],[112.71255397615404,-7.22547510236179],[112.71255397615404,-7.224575885578513],[112.71255397615404,-7.223676668795237],[112.71370609765762,-7.2232270604036],[112.71255397615404,-7.222777452011961],[112.71405208536524,-7.220021844330399],[112.7179492768537,-7.22097901844541],[112.7179492768537,-7.223676668795237],[112.71884849363698,-7.223676668795237],[112.71884849363698,-7.224575885578513],[112.71974771042025,-7.224575885578513],[112.71974771042025,-7.22547510236179],[112.71922609443465,-7.22632250880306],[112.71562922730153,-7.225202000389524],[112.71435240972059,-7.22727353592834]]]],"type":"MultiPolygon"},"properties":{"Kelas":"Sangat Rendah"}},{"type":"Feature","geometry":{"coordinates":[[[[112.72244536077008,-7.22727353592834],[112.72184822462494,-7.22697145529021],[112.72109477931238,-7.224358106513813],[112.71974771042025,-7.223676668795237],[112.71974771042025,-7.220079801662134],[112.7220343905996,-7.221216116620687],[112.72244536077008,-7.219180584878858],[112.72514301111991,-7.217382151312306],[112.72604222790318,-7.217382151312306],[112.72544509175805,-7.218583448733714],[112.72514301111991,-7.220079801662134],[112.72207127253797,-7.222824871647017],[112.72334457755335,-7.226374319145066],[112.72244536077008,-7.226374319145066],[112.72244536077008,-7.22727353592834]]]],"type":"MultiPolygon"},"properties":{"Kelas":"Cukup Tinggi"}},{"type":"Feature","geometry":{"coordinates":[[[[112.72334457755335,-7.22727353592834],[112.72244536077008,-7.22727353592834],[112.72244536077008,-7.226374319145066],[112.72334457755335,-7.226374319145066],[112.72334457755335,-7.22727353592834]]]],"type":"MultiPolygon"},"properties":{"Kelas":"Sedang"}},{"type":"Feature","geometry":{"coordinates":[[[[112.72334457755335,-7.22727353592834],[112.72334457755335,-7.226374319145066],[112.72424379433663,-7.226374319145066],[112.72424379433663,-7.22727353592834],[112.72334457755335,-7.22727353592834]]]],"type":"MultiPolygon"},"properties":{"Kelas":"Cukup Rendah"}},{"type":"Feature","geometry":{"coordinates":[[[[112.74942186426836,-7.22727353592834],[112.74978014595544,-7.223374588157105],[112.75242159525632,-7.224157890276912],[112.75181743398005,-7.226072238506934],[112.74942186426836,-7.22727353592834]]]],"type":"MultiPolygon"},"properties":{"Kelas":"Tinggi"}},{"type":"Feature","geometry":{"coordinates":[[[[112.76740619993387,-7.22727353592834],[112.76631027947926,-7.22696530830048],[112.76709885044741,-7.226177615473723],[112.76740619993387,-7.22727353592834]]]],"type":"MultiPolygon"},"properties":{"Kelas":"Cukup Tinggi"}},{"type":"Feature","geometry":{"coordinates":[[[[112.7889874027325,-7.22727353592834],[112.78808818594922,-7.22727353592834],[112.78808818594922,-7.226374319145066],[112.7889874027325,-7.226374319145066],[112.7889874027325,-7.22727353592834]]]],"type":"MultiPolygon"},"properties":{"Kelas":"Tinggi"}},{"type":"Feature","geometry":{"coordinates":[[[[112.62173308104317,-7.228172752711616],[112.61993464747663,-7.228172752711616],[112.61993464747663,-7.22727353592834],[112.62173308104317,-7.22727353592834],[112.62173308104317,-7.228172752711616]]]],"type":"MultiPolygon"},"properties":{"Kelas":"Sedang"}},{"type":"Feature","geometry":{"coordinates":[[[[112.62173308104317,-7.228172752711616],[112.62173308104317,-7.22727353592834],[112.62263229782646,-7.22727353592834],[112.62263229782646,-7.228172752711616],[112.62173308104317,-7.228172752711616]]]],"type":"MultiPolygon"},"properties":{"Kelas":"Cukup Tinggi"}},{"type":"Feature","geometry":{"coordinates":[[[[112.65410488524111,-7.228172752711616],[112.65230645167456,-7.228172752711616],[112.65230645167456,-7.226374319145066],[112.65320566845784,-7.226374319145066],[112.65320566845784,-7.22727353592834],[112.65410488524111,-7.22727353592834],[112.65410488524111,-7.228172752711616]]]],"type":"MultiPolygon"},"properties":{"Kelas":"Cukup Tinggi"}},{"type":"Feature","geometry":{"coordinates":[[[[112.68604,-7.22551],[112.6861,-7.22549],[112.68617,-7.22547],[112.68627,-7.22541],[112.68628074553158,-7.225315439322101],[112.68795547953967,-7.224208822477527],[112.6888582088885,-7.224986855748995],[112.6882751230056,-7.226374319145066],[112.68737590622231,-7.226374319145066],[112.68737590622231,-7.22727353592834],[112.68737590622231,-7.228172752711616],[112.68538428154999,-7.227770563955035],[112.68467825587248,-7.226374319145066],[112.68599306563122,-7.225505530060116],[112.68604,-7.22551]]]],"type":"MultiPolygon"},"properties":{"Kelas":"Cukup Tinggi"}},{"type":"Feature","geometry":{"coordinates":[[[[112.69277120692198,-7.228172752711616],[112.69187199013871,-7.228172752711616],[112.69132227362861,-7.227779345368933],[112.69152248986552,-7.226767726487749],[112.68969771205727,-7.225461052099551],[112.69372486847143,-7.224217603891427],[112.69277120692198,-7.228172752711616]]]],"type":"MultiPolygon"},"properties":{"Kelas":"Sedang"}},{"type":"Feature","geometry":{"coordinates":[[[[112.69816650762164,-7.228172752711616],[112.69701438611806,-7.227723144319979],[112.69816650762164,-7.22727353592834],[112.69816650762164,-7.228172752711616]]]],"type":"MultiPolygon"},"properties":{"Kelas":"Cukup Rendah"}},{"type":"Feature","geometry":{"coordinates":[[[[112.70625945867111,-7.228172752711616],[112.70536024188783,-7.228172752711616],[112.70536024188783,-7.22727353592834],[112.70625945867111,-7.22727353592834],[112.70625945867111,-7.228172752711616]]]],"type":"MultiPolygon"},"properties":{"Kelas":"Cukup Rendah"}},{"type":"Feature","geometry":{"coordinates":[[[[112.71075554258749,-7.228172752711616],[112.70985632580422,-7.228172752711616],[112.70985632580422,-7.22727353592834],[112.71075554258749,-7.22727353592834],[112.71075554258749,-7.228172752711616]]]],"type":"MultiPolygon"},"properties":{"Kelas":"Sedang"}},{"type":"Feature","geometry":{"coordinates":[[[[112.7179492768537,-7.228172752711616],[112.71435240972059,-7.228172752711616],[112.71435240972059,-7.22727353592834],[112.7179492768537,-7.22727353592834],[112.7179492768537,-7.228172752711616]]]],"type":"MultiPolygon"},"properties":{"Kelas":"Sedang"}},{"type":"Feature","geometry":{"coordinates":[[[[112.71974771042025,-7.228172752711616],[112.71884849363698,-7.228172752711616],[112.7179492768537,-7.228172752711616],[112.7179492768537,-7.22727353592834],[112.71435240972059,-7.22727353592834],[112.71562922730153,-7.225202000389524],[112.71922609443465,-7.22632250880306],[112.71974771042025,-7.22547510236179],[112.72064692720353,-7.22547510236179],[112.72064692720353,-7.228172752711616],[112.71974771042025,-7.228172752711616]]]],"type":"MultiPolygon"},"properties":{"Kelas":"Cukup Rendah"}},{"type":"Feature","geometry":{"coordinates":[[[[112.72244536077008,-7.228172752711616],[112.72244536077008,-7.22727353592834],[112.72334457755335,-7.22727353592834],[112.72334457755335,-7.228172752711616],[112.72244536077008,-7.228172752711616]]]],"type":"MultiPolygon"},"properties":{"Kelas":"Cukup Rendah"}},{"type":"Feature","geometry":{"coordinates":[[[[112.74762343070181,-7.226374319145066],[112.74762343070181,-7.22547510236179],[112.74980297763159,-7.2215023907138],[112.75265518086604,-7.223160321657966],[112.75371948823062,-7.228548597226501],[112.74979770878323,-7.227796908196732],[112.74942186426836,-7.22727353592834],[112.74762343070181,-7.226374319145066]],[[112.75181743398005,-7.226072238506934],[112.75242159525632,-7.224157890276912],[112.74978014595544,-7.223374588157105],[112.74942186426836,-7.22727353592834],[112.75181743398005,-7.226072238506934]]]],"type":"MultiPolygon"},"properties":{"Kelas":"Cukup Tinggi"}},{"type":"Feature","geometry":{"coordinates":[[[[112.60105109502783,-7.229071969494893],[112.60015187824456,-7.229071969494893],[112.60015187824456,-7.228172752711616],[112.60105109502783,-7.228172752711616],[112.60105109502783,-7.229071969494893]]]],"type":"MultiPolygon"},"properties":{"Kelas":"Sedang"}},{"type":"Feature","geometry":{"coordinates":[[[[112.60195031181111,-7.229071969494893],[112.60105109502783,-7.229071969494893],[112.60105109502783,-7.228172752711616],[112.60195031181111,-7.228172752711616],[112.60195031181111,-7.229071969494893]]]],"type":"MultiPolygon"},"properties":{"Kelas":"Cukup Rendah"}},{"type":"Feature","geometry":{"coordinates":[[[[112.65500410202439,-7.229071969494893],[112.65410488524111,-7.229071969494893],[112.65410488524111,-7.228172752711616],[112.65500410202439,-7.228172752711616],[112.65500410202439,-7.229071969494893]]]],"type":"MultiPolygon"},"properties":{"Kelas":"Cukup Tinggi"}},{"type":"Feature","geometry":{"coordinates":[[[[112.66309705307387,-7.228172752711616],[112.6627897035874,-7.229268673166235],[112.66200113261925,-7.228480980339478],[112.66309705307387,-7.228172752711616]]]],"type":"MultiPolygon"},"properties":{"Kelas":"Sedang"}},{"type":"Feature","geometry":{"coordinates":[[[[112.6882751230056,-7.229071969494893],[112.68737590622231,-7.229071969494893],[112.68737590622231,-7.228172752711616],[112.6882751230056,-7.228172752711616],[112.6882751230056,-7.229071969494893]]]],"type":"MultiPolygon"},"properties":{"Kelas":"Cukup Tinggi"}},{"type":"Feature","geometry":{"coordinates":[[[[112.71974771042025,-7.229071969494893],[112.71884849363698,-7.229071969494893],[112.71884849363698,-7.228172752711616],[112.71974771042025,-7.228172752711616],[112.71974771042025,-7.229071969494893]]]],"type":"MultiPolygon"},"properties":{"Kelas":"Cukup Tinggi"}},{"type":"Feature","geometry":{"coordinates":[[[[112.7215461439868,-7.229071969494893],[112.71974771042025,-7.229071969494893],[112.71974771042025,-7.228172752711616],[112.72064692720353,-7.228172752711616],[112.72064692720353,-7.22547510236179],[112.71974771042025,-7.22547510236179],[112.71974771042025,-7.224575885578513],[112.71974771042025,-7.223676668795237],[112.72109477931238,-7.224358106513813],[112.72184822462494,-7.22697145529021],[112.72244536077008,-7.22727353592834],[112.72244536077008,-7.228172752711616],[112.7215461439868,-7.228172752711616],[112.7215461439868,-7.229071969494893]]]],"type":"MultiPolygon"},"properties":{"Kelas":"Sedang"}},{"type":"Feature","geometry":{"coordinates":[[[[112.7215461439868,-7.229071969494893],[112.7215461439868,-7.228172752711616],[112.72244536077008,-7.228172752711616],[112.72244536077008,-7.229071969494893],[112.7215461439868,-7.229071969494893]]]],"type":"MultiPolygon"},"properties":{"Kelas":"Cukup Rendah"}},{"type":"Feature","geometry":{"coordinates":[[[[112.76021246566766,-7.228172752711616],[112.75971192507541,-7.229341558901597],[112.75816815251194,-7.228532790681482],[112.76021246566766,-7.228172752711616]]]],"type":"MultiPolygon"},"properties":{"Kelas":"Sedang"}},{"type":"Feature","geometry":{"coordinates":[[[[112.76470854958404,-7.228172752711616],[112.76430811711025,-7.226773873477477],[112.76111168245095,-7.222777452011961],[112.76609074413179,-7.222361212993141],[112.76872165573597,-7.220746310977081],[112.76511951975453,-7.219661806360532],[112.76527407263916,-7.217732529726883],[112.7669864483495,-7.2178703979251],[112.76782243895269,-7.216899173547851],[112.76879366332994,-7.216062304803259],[112.7686233039003,-7.213933690074098],[112.76681257635428,-7.212374110965603],[112.7687883944816,-7.210671394810554],[112.76962087251925,-7.2096307972635],[112.7629101160175,-7.210188417046099],[112.7629101160175,-7.209289200262823],[112.76425718490964,-7.208619178382316],[112.76515815797569,-7.209059127218664],[112.76605737475896,-7.208620056523705],[112.76699171719784,-7.209076690046462],[112.76860749735528,-7.207792847334403],[112.7724994199954,-7.207188686058139],[112.77310358127167,-7.205994413767851],[112.7737007174168,-7.205692333129718],[112.77511979390292,-7.208809735063928],[112.77485635148594,-7.21059236208546],[112.77600671670673,-7.211479284889277],[112.77679704395766,-7.213409439664318],[112.77839350500453,-7.21317409777182],[112.77679001882655,-7.218673019155485],[112.77600671670673,-7.222385800952058],[112.77319315169343,-7.223169103071864],[112.77190228385025,-7.226374319145066],[112.77076948145726,-7.227689774947162],[112.77051482045418,-7.225001784152623],[112.77231852286907,-7.221768467554945],[112.76974029974828,-7.220611955344424],[112.76853373347853,-7.228531912540094],[112.76619787738134,-7.228719834797536],[112.76470854958404,-7.228172752711616]],[[112.77190228385025,-7.213785284179203],[112.77258372156884,-7.211928015139526],[112.77079582569895,-7.209772178027277],[112.76968761126489,-7.213118774864254],[112.77190228385025,-7.213785284179203]],[[112.77549915098336,-7.215583717745755],[112.77519180149689,-7.214487797291136],[112.77440323052875,-7.215275490117893],[112.77549915098336,-7.215583717745755]],[[112.76740619993387,-7.22727353592834],[112.76709885044741,-7.226177615473723],[112.76631027947926,-7.22696530830048],[112.76740619993387,-7.22727353592834]]]],"type":"MultiPolygon"},"properties":{"Kelas":"Sedang"}},{"type":"Feature","geometry":{"coordinates":[[[[112.7781968013332,-7.229071969494893],[112.77694281542838,-7.228172752711616],[112.7781968013332,-7.22727353592834],[112.7781968013332,-7.229071969494893]]]],"type":"MultiPolygon"},"properties":{"Kelas":"Sedang"}},{"type":"Feature","geometry":{"coordinates":[[[[112.7781968013332,-7.229071969494893],[112.7781968013332,-7.22727353592834],[112.77945078723799,-7.228172752711616],[112.7781968013332,-7.229071969494893]]]],"type":"MultiPolygon"},"properties":{"Kelas":"Cukup Tinggi"}},{"type":"Feature","geometry":{"coordinates":[[[[112.7889874027325,-7.229071969494893],[112.7889874027325,-7.228172752711616],[112.79013952423607,-7.228622361103255],[112.7889874027325,-7.229071969494893]]]],"type":"MultiPolygon"},"properties":{"Kelas":"Sedang"}},{"type":"Feature","geometry":{"coordinates":[[[[112.60195031181111,-7.229971186278169],[112.60105109502783,-7.229971186278169],[112.60105109502783,-7.229071969494893],[112.60195031181111,-7.229071969494893],[112.60195031181111,-7.229971186278169]]]],"type":"MultiPolygon"},"properties":{"Kelas":"Sedang"}},{"type":"Feature","geometry":{"coordinates":[[[[112.60284952859439,-7.229971186278169],[112.60195031181111,-7.229971186278169],[112.60195031181111,-7.229071969494893],[112.60284952859439,-7.229071969494893],[112.60284952859439,-7.229971186278169]]]],"type":"MultiPolygon"},"properties":{"Kelas":"Cukup Rendah"}},{"type":"Feature","geometry":{"coordinates":[[[[112.65680253559094,-7.229971186278169],[112.65500410202439,-7.229971186278169],[112.65500410202439,-7.229071969494893],[112.65680253559094,-7.229071969494893],[112.65680253559094,-7.229971186278169]]]],"type":"MultiPolygon"},"properties":{"Kelas":"Cukup Tinggi"}},{"type":"Feature","geometry":{"coordinates":[[[[112.65680253559094,-7.229971186278169],[112.65680253559094,-7.229071969494893],[112.65500410202439,-7.229071969494893],[112.65500410202439,-7.228172752711616],[112.65410488524111,-7.228172752711616],[112.65410488524111,-7.22727353592834],[112.65708354083571,-7.226816024264194],[112.65806003406131,-7.223789949034536],[112.65277537917677,-7.222418292183486],[112.65230645167456,-7.22547510236179],[112.65050801810801,-7.22547510236179],[112.65050801810801,-7.223676668795237],[112.64960880132473,-7.223676668795237],[112.64960880132473,-7.221878235228685],[112.64870958454145,-7.221878235228685],[112.64870958454145,-7.22097901844541],[112.64781036775818,-7.22097901844541],[112.64564487109064,-7.217749214413292],[112.64511271740835,-7.217382151312306],[112.64280671811844,-7.214292849902575],[112.64177753640945,-7.211778731103239],[112.63814905618631,-7.208977460069402],[112.63432211600905,-7.203893899563168],[112.6361205495756,-7.203893899563168],[112.63707596740782,-7.205178620416618],[112.63944870544339,-7.206121744269389],[112.63775037999528,-7.207385389729481],[112.64128753351388,-7.209672948050217],[112.64084319397057,-7.207092090505249],[112.64203219741252,-7.206207802125601],[112.64279793670453,-7.204277647350562],[112.6472940206209,-7.204104653496747],[112.64459637027107,-7.205176864133838],[112.64383063097907,-7.212050954934114],[112.64834779028881,-7.21327596217305],[112.64788588791771,-7.215954293412299],[112.64981955525832,-7.216866682316423],[112.65089088775402,-7.214169031966597],[112.65450707399769,-7.213189026175447],[112.65500410202439,-7.210188417046099],[112.65680253559094,-7.210188417046099],[112.65680253559094,-7.208389983479547],[112.65770175237421,-7.208389983479547],[112.65770175237421,-7.209289200262823],[112.65860096915749,-7.209289200262823],[112.66039940272404,-7.209289200262823],[112.66218905487669,-7.210194564035827],[112.66129861950732,-7.21198685061265],[112.66129861950732,-7.213785284179203],[112.66039940272404,-7.213785284179203],[112.66039940272404,-7.216482934529029],[112.66129861950732,-7.216482934529029],[112.66074187786612,-7.217724626454373],[112.65996208831186,-7.221039610201315],[112.65782117960325,-7.22235857856897],[112.66092980012355,-7.223417617085211],[112.6621978362906,-7.22547510236179],[112.66129861950732,-7.22547510236179],[112.66129861950732,-7.22727353592834],[112.65770175237421,-7.22727353592834],[112.65770175237421,-7.229971186278169],[112.65680253559094,-7.229971186278169]],[[112.65561177586622,-7.21296334383824],[112.65873444664877,-7.212176529152872],[112.65985846762786,-7.210658222689705],[112.65680253559094,-7.210188417046099],[112.65561177586622,-7.21296334383824]],[[112.66009205323758,-7.212689363724584],[112.65930348226942,-7.213477056551341],[112.66039940272404,-7.213785284179203],[112.66009205323758,-7.212689363724584]],[[112.65155827521035,-7.216474153115131],[112.6501163670481,-7.219317574935685],[112.65429105121578,-7.221370669505314],[112.65539575308429,-7.218673019155485],[112.65641088453104,-7.217889717035678],[112.65680253559094,-7.215583717745755],[112.65155827521035,-7.216474153115131]],[[112.65789845604556,-7.215275490117893],[112.6571098850774,-7.214487797291136],[112.65680253559094,-7.215583717745755],[112.65789845604556,-7.215275490117893]]]],"type":"MultiPolygon"},"properties":{"Kelas":"Sedang"}},{"type":"Feature","geometry":{"coordinates":[[[[112.66759313699025,-7.229971186278169],[112.66560151231792,-7.229568997521586],[112.66489548664042,-7.228172752711616],[112.66669392020697,-7.228172752711616],[112.66759313699025,-7.229971186278169]]]],"type":"MultiPolygon"},"properties":{"Kelas":"Sangat Rendah"}},{"type":"Feature","geometry":{"coordinates":[[[[112.68917433978888,-7.229971186278169],[112.6882751230056,-7.229971186278169],[112.6882751230056,-7.229071969494893],[112.68917433978888,-7.229071969494893],[112.68917433978888,-7.229971186278169]]]],"type":"MultiPolygon"},"properties":{"Kelas":"Cukup Tinggi"}},{"type":"Feature","geometry":{"coordinates":[[[[112.71075554258749,-7.229971186278169],[112.70985632580422,-7.229971186278169],[112.70985632580422,-7.228172752711616],[112.71075554258749,-7.228172752711616],[112.71075554258749,-7.229071969494893],[112.71075554258749,-7.229971186278169]]]],"type":"MultiPolygon"},"properties":{"Kelas":"Cukup Rendah"}},{"type":"Feature","geometry":{"coordinates":[[[[112.71165475937077,-7.229971186278169],[112.71075554258749,-7.229971186278169],[112.71075554258749,-7.229071969494893],[112.71165475937077,-7.229071969494893],[112.71165475937077,-7.229971186278169]]]],"type":"MultiPolygon"},"properties":{"Kelas":"Sedang"}},{"type":"Feature","geometry":{"coordinates":[[[[112.7440265635687,-7.229971186278169],[112.74352777925922,-7.229571631945756],[112.74272691431162,-7.227673090260753],[112.74092848074507,-7.226232938381289],[112.74341888972688,-7.225117698816092],[112.7440265635687,-7.229971186278169]]]],"type":"MultiPolygon"},"properties":{"Kelas":"Sangat Rendah"}},{"type":"Feature","geometry":{"coordinates":[[[[112.74672421391853,-7.229971186278169],[112.74555628586994,-7.229470645685915],[112.74636417594866,-7.227927751263829],[112.74672421391853,-7.229971186278169]]]],"type":"MultiPolygon"},"properties":{"Kelas":"Sedang"}},{"type":"Feature","geometry":{"coordinates":[[[[112.76021246566766,-7.228172752711616],[112.75991038502954,-7.226676399783196],[112.75721273467971,-7.225311768063264],[112.75781689595597,-7.223079532650093],[112.7593132488844,-7.222777452011961],[112.76331054849129,-7.227774076520594],[112.7624745578881,-7.229651542812238],[112.76161046676042,-7.228572307044029],[112.76021246566766,-7.228172752711616]]]],"type":"MultiPolygon"},"properties":{"Kelas":"Tinggi"}},{"type":"Feature","geometry":{"coordinates":[[[[112.78628975238267,-7.229971186278169],[112.78593498326114,-7.226108242303919],[112.78120355745227,-7.22846078308751],[112.78059237104489,-7.229669105640037],[112.77880447517501,-7.230273266916301],[112.7781968013332,-7.229071969494893],[112.77945078723799,-7.228172752711616],[112.7781968013332,-7.22727353592834],[112.77849888197132,-7.226676399783196],[112.78029029040675,-7.225770157868801],[112.78119653232115,-7.223978749433369],[112.78539053559939,-7.223676668795237],[112.78539053559939,-7.22547510236179],[112.78718896916595,-7.22547510236179],[112.78808818594922,-7.22547510236179],[112.78808818594922,-7.226374319145066],[112.78688161967948,-7.227062781994761],[112.78784757520839,-7.229626076711931],[112.78628975238267,-7.229971186278169]],[[112.78359210203284,-7.226374319145066],[112.78310385542005,-7.225232735338171],[112.78152495720097,-7.22600989046825],[112.78359210203284,-7.226374319145066]]]],"type":"MultiPolygon"},"properties":{"Kelas":"Sedang"}},{"type":"Feature","geometry":{"coordinates":[[[[112.60284952859439,-7.230870403061445],[112.60195031181111,-7.230870403061445],[112.60195031181111,-7.229971186278169],[112.60284952859439,-7.229971186278169],[112.60284952859439,-7.230870403061445]]]],"type":"MultiPolygon"},"properties":{"Kelas":"Sedang"}},{"type":"Feature","geometry":{"coordinates":[[[[112.60464796216094,-7.230870403061445],[112.60374874537766,-7.230870403061445],[112.60284952859439,-7.230870403061445],[112.60284952859439,-7.229971186278169],[112.60464796216094,-7.229971186278169],[112.60464796216094,-7.230870403061445]]]],"type":"MultiPolygon"},"properties":{"Kelas":"Cukup Rendah"}},{"type":"Feature","geometry":{"coordinates":[[[[112.65770175237421,-7.230870403061445],[112.65680253559094,-7.230870403061445],[112.65680253559094,-7.229971186278169],[112.65770175237421,-7.229971186278169],[112.65770175237421,-7.230870403061445]]]],"type":"MultiPolygon"},"properties":{"Kelas":"Cukup Tinggi"}},{"type":"Feature","geometry":{"coordinates":[[[[112.65950018594077,-7.230870403061445],[112.65770175237421,-7.230870403061445],[112.65770175237421,-7.229971186278169],[112.65950018594077,-7.229971186278169],[112.65950018594077,-7.230870403061445]]]],"type":"MultiPolygon"},"properties":{"Kelas":"Sedang"}},{"type":"Feature","geometry":{"coordinates":[[[[112.69996494118818,-7.230870403061445],[112.6990657244049,-7.230870403061445],[112.6990657244049,-7.228172752711616],[112.7002599966952,-7.228776913987881],[112.70086415797147,-7.229971186278169],[112.69996494118818,-7.229971186278169],[112.69996494118818,-7.230870403061445]]]],"type":"MultiPolygon"},"properties":{"Kelas":"Cukup Rendah"}},{"type":"Feature","geometry":{"coordinates":[[[[112.71615084328715,-7.230870403061445],[112.71525162650387,-7.230870403061445],[112.71525162650387,-7.229971186278169],[112.71615084328715,-7.229971186278169],[112.71615084328715,-7.230870403061445]]]],"type":"MultiPolygon"},"properties":{"Kelas":"Cukup Tinggi"}},{"type":"Feature","geometry":{"coordinates":[[[[112.7368328293025,-7.230870403061445],[112.7368328293025,-7.229971186278169],[112.73798495080607,-7.230420794669806],[112.7368328293025,-7.230870403061445]]]],"type":"MultiPolygon"},"properties":{"Kelas":"Sedang"}},{"type":"Feature","geometry":{"coordinates":[[[[112.60195031181111,-7.230907825710092],[112.60195031181111,-7.230870403061445],[112.60284952859439,-7.230870403061445],[112.60374874537766,-7.230870403061445],[112.60374874537766,-7.231769619844719],[112.60308156474223,-7.231769619844719],[112.60195031181111,-7.230907825710092]]]],"type":"MultiPolygon"},"properties":{"Kelas":"Cukup Tinggi"}},{"type":"Feature","geometry":{"coordinates":[[[[112.60464796216094,-7.231769619844719],[112.60374874537766,-7.231769619844719],[112.60374874537766,-7.230870403061445],[112.60464796216094,-7.230870403061445],[112.60464796216094,-7.231769619844719]]]],"type":"MultiPolygon"},"properties":{"Kelas":"Sedang"}},{"type":"Feature","geometry":{"coordinates":[[[[112.60554717894422,-7.231769619844719],[112.60464796216094,-7.231769619844719],[112.60464796216094,-7.230870403061445],[112.60554717894422,-7.230870403061445],[112.60554717894422,-7.231769619844719]]]],"type":"MultiPolygon"},"properties":{"Kelas":"Cukup Rendah"}},{"type":"Feature","geometry":{"coordinates":[[[[112.62712838174284,-7.231769619844719],[112.62622916495955,-7.231769619844719],[112.62532994817629,-7.231769619844719],[112.62353151460974,-7.231769619844719],[112.62353151460974,-7.230870403061445],[112.62712838174284,-7.230870403061445],[112.62712838174284,-7.231769619844719]]]],"type":"MultiPolygon"},"properties":{"Kelas":"Cukup Tinggi"}},{"type":"Feature","geometry":{"coordinates":[[[[112.67208922090663,-7.231769619844719],[112.67029078734008,-7.231769619844719],[112.67119000412336,-7.230514755798527],[112.67208922090663,-7.231769619844719]]]],"type":"MultiPolygon"},"properties":{"Kelas":"Sedang"}},{"type":"Feature","geometry":{"coordinates":[[[[112.66759313699025,-7.229971186278169],[112.66890683650956,-7.228839262026565],[112.66669392020697,-7.228172752711616],[112.66826228072937,-7.224786639512093],[112.66761245610083,-7.2215023907138],[112.6714130520364,-7.222742326356364],[112.66943723390908,-7.227554541173115],[112.6716747381706,-7.227996246292243],[112.67274255810074,-7.222664171772662],[112.67516271577134,-7.224200041063629],[112.676585304823,-7.224575885578513],[112.6771262399192,-7.224935045406989],[112.67838198210679,-7.226823927536703],[112.68233888720975,-7.22781183660036],[112.68121662251343,-7.232033940403086],[112.67748452160629,-7.231093450974484],[112.67478862753924,-7.23177225426889],[112.67184158503467,-7.229803461272693],[112.66810772784474,-7.230743950701296],[112.66759313699025,-7.229971186278169]]]],"type":"MultiPolygon"},"properties":{"Kelas":"Sangat Rendah"}},{"type":"Feature","geometry":{"coordinates":[[[[112.71255397615404,-7.231769619844719],[112.71165475937077,-7.231769619844719],[112.71075554258749,-7.229971186278169],[112.71165475937077,-7.229971186278169],[112.71255397615404,-7.229971186278169],[112.71255397615404,-7.231769619844719]]]],"type":"MultiPolygon"},"properties":{"Kelas":"Cukup Rendah"}},{"type":"Feature","geometry":{"coordinates":[[[[112.71705006007042,-7.231769619844719],[112.71615084328715,-7.231769619844719],[112.71525162650387,-7.231769619844719],[112.71255397615404,-7.231769619844719],[112.71255397615404,-7.229971186278169],[112.71525162650387,-7.229971186278169],[112.71525162650387,-7.230870403061445],[112.71615084328715,-7.230870403061445],[112.71705006007042,-7.230870403061445],[112.71705006007042,-7.231769619844719]]]],"type":"MultiPolygon"},"properties":{"Kelas":"Sedang"}},{"type":"Feature","geometry":{"coordinates":[[[[112.72711,-7.20937],[112.72697,-7.20903],[112.72480562004733,-7.204063136044907],[112.72510086033319,-7.203461853999327],[112.72827270703357,-7.208857154698983],[112.72851390951827,-7.208968688178754],[112.72859,-7.20913],[112.7285979,-7.2091285],[112.7286686,-7.2091149],[112.72878281569479,-7.209093032012252],[112.73014139191132,-7.209721245826662],[112.7301060774947,-7.208839677402064],[112.73047,-7.20877],[112.73037,-7.20811],[112.73007917761204,-7.20816816447759],[112.73006938431735,-7.2079236904015],[112.73190469982228,-7.207058721132432],[112.73219748682638,-7.206742130306856],[112.732483166345,-7.206692704784601],[112.7336803017127,-7.207519745362138],[112.73486930515463,-7.212151941193955],[112.73593361251922,-7.212886067395926],[112.73593361251922,-7.215583717745755],[112.73503439573594,-7.215583717745755],[112.73503439573594,-7.217382151312306],[112.73351696741416,-7.218429773990477],[112.7344987294881,-7.222805552536439],[112.73110734744023,-7.22514579934057],[112.7292720319353,-7.227805689610632],[112.72820772457072,-7.228539815812603],[112.72710653526777,-7.230136276859474],[112.72281242387106,-7.23123746616243],[112.72244536077008,-7.231769619844719],[112.7215461439868,-7.231769619844719],[112.7215461439868,-7.229971186278169],[112.7215461439868,-7.229071969494893],[112.72244536077008,-7.229071969494893],[112.72244536077008,-7.228172752711616],[112.72334457755335,-7.228172752711616],[112.72334457755335,-7.22727353592834],[112.72424379433663,-7.22727353592834],[112.72424379433663,-7.226374319145066],[112.72603520277207,-7.225468077230669],[112.7272435253246,-7.223079532650093],[112.72985687410099,-7.222325209196153],[112.7308403924577,-7.220381882300265],[112.73203466474799,-7.219777721024002],[112.73263882602424,-7.217545485610831],[112.72934403952928,-7.215878773252767],[112.72873987825301,-7.214684500962479],[112.72843779761487,-7.214087364817335],[112.72469691529383,-7.212208142242909],[112.72394171369851,-7.209591280900954],[112.72334457755335,-7.209289200262823],[112.72225041338152,-7.206167407621665],[112.72557505668375,-7.209756371482259],[112.72724703789015,-7.210620462609938],[112.7267448081045,-7.209397389392162],[112.72711,-7.20937]]]],"type":"MultiPolygon"},"properties":{"Kelas":"Sangat Rendah"}},{"type":"Feature","geometry":{"coordinates":[[[[112.73143752860284,-7.231769619844719],[112.7319380691951,-7.230600813654739],[112.73348184175856,-7.231409581874853],[112.73143752860284,-7.231769619844719]]]],"type":"MultiPolygon"},"properties":{"Kelas":"Sedang"}},{"type":"Feature","geometry":{"coordinates":[[[[112.604482,-7.2326566],[112.6044311,-7.2326115],[112.6041107,-7.2324384],[112.60374874537766,-7.232271314234247],[112.60374874537766,-7.231769619844719],[112.60464796216094,-7.231769619844719],[112.60464796216094,-7.232668836627996],[112.6044958105421,-7.232668836627996],[112.604482,-7.2326566]]]],"type":"MultiPolygon"},"properties":{"Kelas":"Cukup Tinggi"}},{"type":"Feature","geometry":{"coordinates":[[[[112.60554717894422,-7.232668836627996],[112.60464796216094,-7.232668836627996],[112.60464796216094,-7.231769619844719],[112.60554717894422,-7.231769619844719],[112.60554717894422,-7.232668836627996]]]],"type":"MultiPolygon"},"properties":{"Kelas":"Sedang"}},{"type":"Feature","geometry":{"coordinates":[[[[112.60644639572749,-7.232668836627996],[112.60554717894422,-7.232668836627996],[112.60554717894422,-7.231769619844719],[112.60644639572749,-7.231769619844719],[112.60644639572749,-7.232668836627996]]]],"type":"MultiPolygon"},"properties":{"Kelas":"Cukup Rendah"}},{"type":"Feature","geometry":{"coordinates":[[[[112.62532994817629,-7.232668836627996],[112.62353151460974,-7.232668836627996],[112.62353151460974,-7.231769619844719],[112.62532994817629,-7.231769619844719],[112.62532994817629,-7.232668836627996]]]],"type":"MultiPolygon"},"properties":{"Kelas":"Sedang"}},{"type":"Feature","geometry":{"coordinates":[[[[112.62622916495955,-7.232668836627996],[112.62532994817629,-7.232668836627996],[112.62532994817629,-7.231769619844719],[112.62622916495955,-7.231769619844719],[112.62622916495955,-7.232668836627996]]]],"type":"MultiPolygon"},"properties":{"Kelas":"Cukup Rendah"}},{"type":"Feature","geometry":{"coordinates":[[[[112.62712838174284,-7.232668836627996],[112.62622916495955,-7.232668836627996],[112.62622916495955,-7.231769619844719],[112.62712838174284,-7.231769619844719],[112.62712838174284,-7.232668836627996]]]],"type":"MultiPolygon"},"properties":{"Kelas":"Sedang"}},{"type":"Feature","geometry":{"coordinates":[[[[112.62892681530938,-7.232668836627996],[112.6280275985261,-7.232668836627996],[112.62712838174284,-7.232668836627996],[112.62712838174284,-7.231769619844719],[112.62892681530938,-7.231769619844719],[112.62892681530938,-7.232668836627996]]]],"type":"MultiPolygon"},"properties":{"Kelas":"Cukup Tinggi"}},{"type":"Feature","geometry":{"coordinates":[[[[112.62892681530938,-7.232668836627996],[112.62892681530938,-7.231769619844719],[112.62712838174284,-7.231769619844719],[112.62712838174284,-7.230870403061445],[112.62353151460974,-7.230870403061445],[112.62353151460974,-7.231769619844719],[112.62203516168131,-7.232071700482852],[112.62083386425991,-7.232668836627996],[112.62113594489804,-7.229374050133025],[112.62173308104317,-7.228172752711616],[112.62263229782646,-7.228172752711616],[112.62263229782646,-7.22727353592834],[112.62353151460974,-7.22727353592834],[112.62353151460974,-7.226374319145066],[112.62581292594074,-7.224950851952007],[112.63083589469107,-7.23102407780468],[112.62892681530938,-7.232668836627996]]]],"type":"MultiPolygon"},"properties":{"Kelas":"Tinggi"}},{"type":"Feature","geometry":{"coordinates":[[[[112.71165475937077,-7.232668836627996],[112.71075554258749,-7.232668836627996],[112.71075554258749,-7.231769619844719],[112.71165475937077,-7.231769619844719],[112.71165475937077,-7.232668836627996]]]],"type":"MultiPolygon"},"properties":{"Kelas":"Cukup Rendah"}},{"type":"Feature","geometry":{"coordinates":[[[[112.71165475937077,-7.232668836627996],[112.71165475937077,-7.231769619844719],[112.71255397615404,-7.231769619844719],[112.71255397615404,-7.232668836627996],[112.71165475937077,-7.232668836627996]]]],"type":"MultiPolygon"},"properties":{"Kelas":"Sedang"}},{"type":"Feature","geometry":{"coordinates":[[[[112.71525162650387,-7.231769619844719],[112.71615084328715,-7.231769619844719],[112.7157012348955,-7.232921741348292],[112.71525162650387,-7.231769619844719]]]],"type":"MultiPolygon"},"properties":{"Kelas":"Cukup Tinggi"}},{"type":"Feature","geometry":{"coordinates":[[[[112.71705006007042,-7.231769619844719],[112.71705006007042,-7.230870403061445],[112.7191505742751,-7.231294545352775],[112.71848143053599,-7.232480914370553],[112.71705006007042,-7.231769619844719]]]],"type":"MultiPolygon"},"properties":{"Kelas":"Cukup Tinggi"}},{"type":"Feature","geometry":{"coordinates":[[[[112.73143752860284,-7.231769619844719],[112.73113017911638,-7.232865540299338],[112.73034160814822,-7.232077847472581],[112.73143752860284,-7.231769619844719]]]],"type":"MultiPolygon"},"properties":{"Kelas":"Sedang"}},{"type":"Feature","geometry":{"coordinates":[[[[112.78089445168301,-7.232668836627996],[112.78139499227527,-7.231500030438015],[112.78293876483875,-7.23230879865813],[112.78089445168301,-7.232668836627996]]]],"type":"MultiPolygon"},"properties":{"Kelas":"Sangat Rendah"}},{"type":"Feature","geometry":{"coordinates":[[[[112.60554717894422,-7.233568053411272],[112.60464796216094,-7.233568053411272],[112.60464796216094,-7.232668836627996],[112.60554717894422,-7.232668836627996],[112.60554717894422,-7.233568053411272]]]],"type":"MultiPolygon"},"properties":{"Kelas":"Cukup Tinggi"}},{"type":"Feature","geometry":{"coordinates":[[[[112.60644639572749,-7.233568053411272],[112.60554717894422,-7.233568053411272],[112.60554717894422,-7.232668836627996],[112.60644639572749,-7.232668836627996],[112.60644639572749,-7.233568053411272]]]],"type":"MultiPolygon"},"properties":{"Kelas":"Sedang"}},{"type":"Feature","geometry":{"coordinates":[[[[112.60824482929404,-7.233568053411272],[112.60644639572749,-7.233568053411272],[112.60644639572749,-7.232668836627996],[112.60824482929404,-7.232668836627996],[112.60824482929404,-7.233568053411272]]]],"type":"MultiPolygon"},"properties":{"Kelas":"Cukup Rendah"}},{"type":"Feature","geometry":{"coordinates":[[[[112.6280275985261,-7.233568053411272],[112.62712838174284,-7.233568053411272],[112.62712838174284,-7.232668836627996],[112.6280275985261,-7.232668836627996],[112.6280275985261,-7.233568053411272]]]],"type":"MultiPolygon"},"properties":{"Kelas":"Cukup Rendah"}},{"type":"Feature","geometry":{"coordinates":[[[[112.62892681530938,-7.233568053411272],[112.6280275985261,-7.233568053411272],[112.6280275985261,-7.232668836627996],[112.62892681530938,-7.232668836627996],[112.62892681530938,-7.233568053411272]]]],"type":"MultiPolygon"},"properties":{"Kelas":"Sedang"}},{"type":"Feature","geometry":{"coordinates":[[[[112.62982603209267,-7.233568053411272],[112.62892681530938,-7.233568053411272],[112.62892681530938,-7.232668836627996],[112.63083589469107,-7.23102407780468],[112.62581292594074,-7.224950851952007],[112.62353151460974,-7.226374319145066],[112.62353151460974,-7.22547510236179],[112.62353151460974,-7.222777452011961],[112.62353151460974,-7.221878235228685],[112.62173308104317,-7.221878235228685],[112.62230738551219,-7.220511847225973],[112.62083913310825,-7.218256780136665],[112.62350165780248,-7.216522450891576],[112.62622916495955,-7.21713451544035],[112.63075334940041,-7.216120262134995],[112.63162446565921,-7.217382151312306],[112.63072524887593,-7.217382151312306],[112.62892681530938,-7.217382151312306],[112.6280275985261,-7.217382151312306],[112.6280275985261,-7.218281368095582],[112.62712838174284,-7.218281368095582],[112.62622916495955,-7.218281368095582],[112.62622916495955,-7.219180584878858],[112.62622916495955,-7.220079801662134],[112.62622916495955,-7.22097901844541],[112.62982603209267,-7.22097901844541],[112.63072524887593,-7.22097901844541],[112.63072524887593,-7.221878235228685],[112.62726361551688,-7.222271642571368],[112.62792573412489,-7.225225710207052],[112.6321566193415,-7.227640599029327],[112.63432211600905,-7.230870403061445],[112.63162446565921,-7.230870403061445],[112.63162446565921,-7.233568053411272],[112.62982603209267,-7.233568053411272]]]],"type":"MultiPolygon"},"properties":{"Kelas":"Cukup Tinggi"}},{"type":"Feature","geometry":{"coordinates":[[[[112.68377903908922,-7.233568053411272],[112.68108138873939,-7.233568053411272],[112.68108138873939,-7.232668836627996],[112.68377903908922,-7.232668836627996],[112.68377903908922,-7.233568053411272]]]],"type":"MultiPolygon"},"properties":{"Kelas":"Sedang"}},{"type":"Feature","geometry":{"coordinates":[[[[112.72064692720353,-7.233568053411272],[112.71974771042025,-7.233568053411272],[112.71974771042025,-7.230870403061445],[112.72064692720353,-7.230870403061445],[112.72064692720353,-7.233568053411272]]]],"type":"MultiPolygon"},"properties":{"Kelas":"Sedang"}},{"type":"Feature","geometry":{"coordinates":[[[[112.7215461439868,-7.233568053411272],[112.72064692720353,-7.233568053411272],[112.72064692720353,-7.230870403061445],[112.72064692720353,-7.229971186278169],[112.7215461439868,-7.229971186278169],[112.7215461439868,-7.231769619844719],[112.72244536077008,-7.231769619844719],[112.72244536077008,-7.232668836627996],[112.7215461439868,-7.232668836627996],[112.7215461439868,-7.233568053411272]]]],"type":"MultiPolygon"},"properties":{"Kelas":"Cukup Rendah"}},{"type":"Feature","geometry":{"coordinates":[[[[112.7215461439868,-7.233568053411272],[112.7215461439868,-7.232668836627996],[112.72244536077008,-7.232668836627996],[112.72244536077008,-7.233568053411272],[112.7215461439868,-7.233568053411272]]]],"type":"MultiPolygon"},"properties":{"Kelas":"Sedang"}},{"type":"Feature","geometry":{"coordinates":[[[[112.7368328293025,-7.231769619844719],[112.7368328293025,-7.230870403061445],[112.73798495080607,-7.230420794669806],[112.7368328293025,-7.229971186278169],[112.7368328293025,-7.229071969494893],[112.7368328293025,-7.228172752711616],[112.73953047965233,-7.228172752711616],[112.73891578067938,-7.233946532350327],[112.73730000052193,-7.23220166540856],[112.7368328293025,-7.231769619844719]]]],"type":"MultiPolygon"},"properties":{"Kelas":"Cukup Tinggi"}},{"type":"Feature","geometry":{"coordinates":[[[[112.78628975238267,-7.233568053411272],[112.78539053559939,-7.233568053411272],[112.78495849003555,-7.23220166540856],[112.78318991327626,-7.230563053574974],[112.78628975238267,-7.229971186278169],[112.78628975238267,-7.233568053411272]]]],"type":"MultiPolygon"},"properties":{"Kelas":"Sedang"}},{"type":"Feature","geometry":{"coordinates":[[[[112.61453934677698,-7.234467270194548],[112.61400719309468,-7.234100207093562],[112.61325023521657,-7.233004286638945],[112.61229130481878,-7.233219431279474],[112.61091789168495,-7.232911203651614],[112.60824482929404,-7.233568053411272],[112.60824482929404,-7.232668836627996],[112.60644639572749,-7.232668836627996],[112.60644639572749,-7.231769619844719],[112.60554717894422,-7.231769619844719],[112.60554717894422,-7.230870403061445],[112.60464796216094,-7.230870403061445],[112.60464796216094,-7.229971186278169],[112.60284952859439,-7.229971186278169],[112.60284952859439,-7.229071969494893],[112.60195031181111,-7.229071969494893],[112.60195031181111,-7.228172752711616],[112.60105109502783,-7.228172752711616],[112.60148840944001,-7.22631372738916],[112.6034062702356,-7.225132627219722],[112.6041983537693,-7.223846150083491],[112.604990437303,-7.225132627219722],[112.60610392058543,-7.225817577503857],[112.60701718763093,-7.228500299450056],[112.6101381021307,-7.229563728673247],[112.61160986710021,-7.231952273253823],[112.61418984650379,-7.231148773882049],[112.61453934677698,-7.234467270194548]]]],"type":"MultiPolygon"},"properties":{"Kelas":"Sangat Rendah"}},{"type":"Feature","geometry":{"coordinates":[[[[112.62982603209267,-7.234467270194548],[112.62892681530938,-7.234467270194548],[112.62892681530938,-7.233568053411272],[112.62982603209267,-7.233568053411272],[112.62982603209267,-7.234467270194548]]]],"type":"MultiPolygon"},"properties":{"Kelas":"Cukup Rendah"}},{"type":"Feature","geometry":{"coordinates":[[[[112.65950018594077,-7.230870403061445],[112.6618307731896,-7.23123746616243],[112.66449505416662,-7.232972673548907],[112.6693915705568,-7.231769619844719],[112.6693915705568,-7.232668836627996],[112.66718392310256,-7.234114257355801],[112.6625982687644,-7.233208015441406],[112.65998843255356,-7.231551840780021],[112.65950018594077,-7.230870403061445]]]],"type":"MultiPolygon"},"properties":{"Kelas":"Sedang"}},{"type":"Feature","geometry":{"coordinates":[[[[112.68018217195612,-7.234467270194548],[112.68018217195612,-7.233568053411272],[112.68108138873939,-7.233568053411272],[112.68108138873939,-7.234467270194548],[112.68018217195612,-7.234467270194548]]]],"type":"MultiPolygon"},"properties":{"Kelas":"Sedang"}},{"type":"Feature","geometry":{"coordinates":[[[[112.68377903908922,-7.234467270194548],[112.68377903908922,-7.233568053411272],[112.68493116059278,-7.234017661802911],[112.68377903908922,-7.234467270194548]]]],"type":"MultiPolygon"},"properties":{"Kelas":"Sedang"}},{"type":"Feature","geometry":{"coordinates":[[[[112.69187199013871,-7.234467270194548],[112.69187199013871,-7.233568053411272],[112.69277120692198,-7.233568053411272],[112.69277120692198,-7.234467270194548],[112.69187199013871,-7.234467270194548]]]],"type":"MultiPolygon"},"properties":{"Kelas":"Cukup Tinggi"}},{"type":"Feature","geometry":{"coordinates":[[[[112.71075554258749,-7.234467270194548],[112.70985632580422,-7.234467270194548],[112.70985632580422,-7.232668836627996],[112.71075554258749,-7.232668836627996],[112.71075554258749,-7.234467270194548]]]],"type":"MultiPolygon"},"properties":{"Kelas":"Cukup Rendah"}},{"type":"Feature","geometry":{"coordinates":[[[[112.71165475937077,-7.234467270194548],[112.71075554258749,-7.234467270194548],[112.71075554258749,-7.232668836627996],[112.71165475937077,-7.232668836627996],[112.71165475937077,-7.234467270194548]]]],"type":"MultiPolygon"},"properties":{"Kelas":"Sedang"}},{"type":"Feature","geometry":{"coordinates":[[[[112.72064692720353,-7.234467270194548],[112.71974771042025,-7.234467270194548],[112.71974771042025,-7.233568053411272],[112.72064692720353,-7.233568053411272],[112.72064692720353,-7.234467270194548]]]],"type":"MultiPolygon"},"properties":{"Kelas":"Cukup Tinggi"}},{"type":"Feature","geometry":{"coordinates":[[[[112.72064692720353,-7.234467270194548],[112.72064692720353,-7.233568053411272],[112.7215461439868,-7.233568053411272],[112.7215461439868,-7.234467270194548],[112.72064692720353,-7.234467270194548]]]],"type":"MultiPolygon"},"properties":{"Kelas":"Sedang"}},{"type":"Feature","geometry":{"coordinates":[[[[112.72424379433663,-7.234467270194548],[112.72314787388201,-7.234159042566686],[112.72393644485015,-7.233371349739931],[112.72424379433663,-7.234467270194548]]]],"type":"MultiPolygon"},"properties":{"Kelas":"Tinggi"}},{"type":"Feature","geometry":{"coordinates":[[[[112.76470854958404,-7.228172752711616],[112.76470854958404,-7.230870403061445],[112.7665069831506,-7.230870403061445],[112.7665069831506,-7.233568053411272],[112.76350022703153,-7.23230528609257],[112.76064626751429,-7.234163433273636],[112.7589461857834,-7.232556434530087],[112.7634422696998,-7.231402556743735],[112.76417639590176,-7.228539815812603],[112.76470854958404,-7.228172752711616]]]],"type":"MultiPolygon"},"properties":{"Kelas":"Sedang"}},{"type":"Feature","geometry":{"coordinates":[[[[112.76740619993387,-7.234467270194548],[112.7665069831506,-7.234467270194548],[112.7665069831506,-7.233568053411272],[112.76740619993387,-7.233568053411272],[112.76740619993387,-7.234467270194548]]]],"type":"MultiPolygon"},"properties":{"Kelas":"Sedang"}},{"type":"Feature","geometry":{"coordinates":[[[[112.78539053559939,-7.234467270194548],[112.78449131881612,-7.234467270194548],[112.78449131881612,-7.233568053411272],[112.78539053559939,-7.233568053411272],[112.78539053559939,-7.234467270194548]]]],"type":"MultiPolygon"},"properties":{"Kelas":"Sedang"}},{"type":"Feature","geometry":{"coordinates":[[[[112.78539053559939,-7.234467270194548],[112.78539053559939,-7.233568053411272],[112.78628975238267,-7.233568053411272],[112.78628975238267,-7.234467270194548],[112.78539053559939,-7.234467270194548]]]],"type":"MultiPolygon"},"properties":{"Kelas":"Cukup Tinggi"}},{"type":"Feature","geometry":{"coordinates":[[[[112.78988661951577,-7.234467270194548],[112.7889874027325,-7.234467270194548],[112.7883955354357,-7.231366552946747],[112.7867569236021,-7.233136007847433],[112.78628975238267,-7.233568053411272],[112.78628975238267,-7.229971186278169],[112.78784757520839,-7.229626076711931],[112.78688161967948,-7.227062781994761],[112.78808818594922,-7.226374319145066],[112.78808818594922,-7.22727353592834],[112.7889874027325,-7.22727353592834],[112.7889874027325,-7.228172752711616],[112.7889874027325,-7.229071969494893],[112.78928948337062,-7.230568322423313],[112.78988661951577,-7.231769619844719],[112.78988661951577,-7.234467270194548]]]],"type":"MultiPolygon"},"properties":{"Kelas":"Cukup Tinggi"}},{"type":"Feature","geometry":{"coordinates":[[[[112.78988661951577,-7.234467270194548],[112.78988661951577,-7.231769619844719],[112.79078583629905,-7.231769619844719],[112.79078583629905,-7.232668836627996],[112.79078583629905,-7.234467270194548],[112.78988661951577,-7.234467270194548]]]],"type":"MultiPolygon"},"properties":{"Kelas":"Sedang"}},{"type":"Feature","geometry":{"coordinates":[[[[112.6043166,-7.2348965],[112.6043929,-7.2343062],[112.6044144,-7.2342005],[112.604454,-7.2340058],[112.6045913,-7.2334231],[112.6045913,-7.2333807],[112.6045913,-7.2333468],[112.6045913,-7.2333144],[112.6045913,-7.232901],[112.6046064,-7.2327688],[112.6046066,-7.232767],[112.6044958105421,-7.232668836627996],[112.60464796216094,-7.232668836627996],[112.60464796216094,-7.233568053411272],[112.60554717894422,-7.233568053411272],[112.60513620877373,-7.235603585153102],[112.60426157326862,-7.235168954452788],[112.6043166,-7.2348965]]],[[[112.6037368,-7.2322658],[112.6036452,-7.232199],[112.60308156474223,-7.231769619844719],[112.60374874537766,-7.231769619844719],[112.60374874537766,-7.232271314234247],[112.6037368,-7.2322658]]],[[[112.60190118815237,-7.230870403061445],[112.60195031181111,-7.230870403061445],[112.60195031181111,-7.230907825710092],[112.60190118815237,-7.230870403061445]]]],"type":"MultiPolygon"},"properties":{"Kelas":"Tinggi"}},{"type":"Feature","geometry":{"coordinates":[[[[112.6693915705568,-7.232668836627996],[112.67335550079089,-7.235326970615278],[112.66975863365779,-7.234999423876838],[112.6693915705568,-7.232668836627996]]]],"type":"MultiPolygon"},"properties":{"Kelas":"Tinggi"}},{"type":"Feature","geometry":{"coordinates":[[[[112.68737590622231,-7.235366486977824],[112.68530876139044,-7.235002058301008],[112.68688765960952,-7.234224903170931],[112.68737590622231,-7.235366486977824]]]],"type":"MultiPolygon"},"properties":{"Kelas":"Sangat Rendah"}},{"type":"Feature","geometry":{"coordinates":[[[[112.71165475937077,-7.235366486977824],[112.71075554258749,-7.235366486977824],[112.71075554258749,-7.234467270194548],[112.71165475937077,-7.234467270194548],[112.71165475937077,-7.235366486977824]]]],"type":"MultiPolygon"},"properties":{"Kelas":"Cukup Rendah"}},{"type":"Feature","geometry":{"coordinates":[[[[112.71255397615404,-7.235366486977824],[112.71165475937077,-7.235366486977824],[112.71165475937077,-7.234467270194548],[112.71255397615404,-7.234467270194548],[112.71255397615404,-7.235366486977824]]]],"type":"MultiPolygon"},"properties":{"Kelas":"Sedang"}},{"type":"Feature","geometry":{"coordinates":[[[[112.75481716496802,-7.233568053411272],[112.75773435066532,-7.231640533060402],[112.75820152188476,-7.233726997002847],[112.75533702467084,-7.235593047456423],[112.75481716496802,-7.233568053411272]]]],"type":"MultiPolygon"},"properties":{"Kelas":"Tinggi"}},{"type":"Feature","geometry":{"coordinates":[[[[112.76830541671715,-7.235366486977824],[112.76740619993387,-7.235366486977824],[112.76740619993387,-7.234467270194548],[112.76830541671715,-7.234467270194548],[112.76830541671715,-7.235366486977824]]]],"type":"MultiPolygon"},"properties":{"Kelas":"Sedang"}},{"type":"Feature","geometry":{"coordinates":[[[[112.78449131881612,-7.235366486977824],[112.78359210203284,-7.235366486977824],[112.78359210203284,-7.234467270194548],[112.78449131881612,-7.234467270194548],[112.78449131881612,-7.235366486977824]]]],"type":"MultiPolygon"},"properties":{"Kelas":"Sedang"}},{"type":"Feature","geometry":{"coordinates":[[[[112.78449131881612,-7.235366486977824],[112.78449131881612,-7.234467270194548],[112.78539053559939,-7.234467270194548],[112.78539053559939,-7.235366486977824],[112.78449131881612,-7.235366486977824]]]],"type":"MultiPolygon"},"properties":{"Kelas":"Cukup Tinggi"}},{"type":"Feature","geometry":{"coordinates":[[[[112.6040191,-7.2362474],[112.6042098,-7.2354253],[112.60426157326862,-7.235168954452788],[112.60513620877373,-7.235603585153102],[112.60554717894422,-7.233568053411272],[112.60644639572749,-7.233568053411272],[112.60644639572749,-7.2362657037611],[112.60401542769664,-7.2362657037611],[112.6040191,-7.2362474]]]],"type":"MultiPolygon"},"properties":{"Kelas":"Cukup Tinggi"}},{"type":"Feature","geometry":{"coordinates":[[[[112.6361205495756,-7.2362657037611],[112.63172457377766,-7.235715987251011],[112.63072524887593,-7.234467270194548],[112.6353372474558,-7.235250572314355],[112.6361205495756,-7.2362657037611]]]],"type":"MultiPolygon"},"properties":{"Kelas":"Cukup Rendah"}},{"type":"Feature","geometry":{"coordinates":[[[[112.63701976635886,-7.2362657037611],[112.6361205495756,-7.2362657037611],[112.6353372474558,-7.235250572314355],[112.63072524887593,-7.234467270194548],[112.62982603209267,-7.234467270194548],[112.62982603209267,-7.233568053411272],[112.63162446565921,-7.233568053411272],[112.63162446565921,-7.230870403061445],[112.63432211600905,-7.230870403061445],[112.63432211600905,-7.234467270194548],[112.63701976635886,-7.234467270194548],[112.63701976635886,-7.2362657037611]]]],"type":"MultiPolygon"},"properties":{"Kelas":"Sedang"}},{"type":"Feature","geometry":{"coordinates":[[[[112.65050801810801,-7.2362657037611],[112.64926632618267,-7.235500842610481],[112.65014095500702,-7.232326361485928],[112.65174092861946,-7.233513608645097],[112.65050801810801,-7.2362657037611]]]],"type":"MultiPolygon"},"properties":{"Kelas":"Cukup Tinggi"}},{"type":"Feature","geometry":{"coordinates":[[[[112.67928295517284,-7.2362657037611],[112.67568608803973,-7.2362657037611],[112.6765343726224,-7.234246856705679],[112.67245628400761,-7.233200990310287],[112.67208922090663,-7.231769619844719],[112.67335550079089,-7.232301773527011],[112.6776496121876,-7.233402962829967],[112.68018217195612,-7.234467270194548],[112.67928295517284,-7.2362657037611]]]],"type":"MultiPolygon"},"properties":{"Kelas":"Sedang"}},{"type":"Feature","geometry":{"coordinates":[[[[112.70266259153802,-7.2362657037611],[112.7002670218263,-7.235963623122968],[112.69883740764352,-7.233137764130213],[112.69996494118818,-7.230870403061445],[112.70086415797147,-7.230870403061445],[112.70086415797147,-7.234467270194548],[112.70266259153802,-7.234467270194548],[112.70266259153802,-7.2362657037611]]]],"type":"MultiPolygon"},"properties":{"Kelas":"Cukup Rendah"}},{"type":"Feature","geometry":{"coordinates":[[[[112.71255397615404,-7.2362657037611],[112.71165475937077,-7.2362657037611],[112.71165475937077,-7.235366486977824],[112.71255397615404,-7.235366486977824],[112.71255397615404,-7.2362657037611]]]],"type":"MultiPolygon"},"properties":{"Kelas":"Cukup Rendah"}},{"type":"Feature","geometry":{"coordinates":[[[[112.71345319293732,-7.2362657037611],[112.71255397615404,-7.2362657037611],[112.71255397615404,-7.235366486977824],[112.71345319293732,-7.235366486977824],[112.71345319293732,-7.2362657037611]]]],"type":"MultiPolygon"},"properties":{"Kelas":"Sedang"}},{"type":"Feature","geometry":{"coordinates":[[[[112.71435240972059,-7.2362657037611],[112.71345319293732,-7.2362657037611],[112.71345319293732,-7.235366486977824],[112.71435240972059,-7.235366486977824],[112.71435240972059,-7.2362657037611]]]],"type":"MultiPolygon"},"properties":{"Kelas":"Cukup Tinggi"}},{"type":"Feature","geometry":{"coordinates":[[[[112.72064692720353,-7.2362657037611],[112.71974771042025,-7.2362657037611],[112.71974771042025,-7.234467270194548],[112.72064692720353,-7.234467270194548],[112.72064692720353,-7.2362657037611]]]],"type":"MultiPolygon"},"properties":{"Kelas":"Tinggi"}},{"type":"Feature","geometry":{"coordinates":[[[[112.73503439573594,-7.2362657037611],[112.73393847528132,-7.235957476133239],[112.73472704624947,-7.235169783306482],[112.73503439573594,-7.2362657037611]]]],"type":"MultiPolygon"},"properties":{"Kelas":"Sangat Rendah"}},{"type":"Feature","geometry":{"coordinates":[[[[112.7701038502837,-7.2362657037611],[112.76830541671715,-7.235366486977824],[112.76830541671715,-7.234467270194548],[112.76740619993387,-7.234467270194548],[112.76740619993387,-7.233568053411272],[112.7665069831506,-7.233568053411272],[112.7665069831506,-7.230870403061445],[112.76470854958404,-7.230870403061445],[112.76470854958404,-7.228172752711616],[112.76619787738134,-7.228719834797536],[112.76853373347853,-7.228531912540094],[112.76974029974828,-7.220611955344424],[112.77231852286907,-7.221768467554945],[112.77051482045418,-7.225001784152623],[112.77076948145726,-7.227689774947162],[112.77190228385025,-7.226374319145066],[112.77280150063353,-7.226374319145066],[112.77280150063353,-7.22727353592834],[112.77196375374754,-7.228633776941324],[112.76858466567914,-7.229429373040588],[112.76770125544088,-7.232266647871414],[112.76976137514163,-7.234809745336616],[112.7701038502837,-7.2362657037611]]]],"type":"MultiPolygon"},"properties":{"Kelas":"Cukup Rendah"}},{"type":"Feature","geometry":{"coordinates":[[[[112.60914404607732,-7.237164920544375],[112.60824482929404,-7.237164920544375],[112.60824482929404,-7.235366486977824],[112.60914404607732,-7.235366486977824],[112.60914404607732,-7.237164920544375]]]],"type":"MultiPolygon"},"properties":{"Kelas":"Cukup Rendah"}},{"type":"Feature","geometry":{"coordinates":[[[[112.61903543069334,-7.237164920544375],[112.61813621391008,-7.237164920544375],[112.61813621391008,-7.2362657037611],[112.61903543069334,-7.2362657037611],[112.61903543069334,-7.237164920544375]]]],"type":"MultiPolygon"},"properties":{"Kelas":"Sangat Rendah"}},{"type":"Feature","geometry":{"coordinates":[[[[112.62083386425991,-7.237164920544375],[112.61903543069334,-7.237164920544375],[112.61903543069334,-7.2362657037611],[112.61813621391008,-7.2362657037611],[112.61597071724253,-7.234834333295534],[112.61453934677698,-7.234467270194548],[112.61418984650379,-7.231148773882049],[112.61160986710021,-7.231952273253823],[112.6101381021307,-7.229563728673247],[112.60701718763093,-7.228500299450056],[112.60610392058543,-7.225817577503857],[112.604990437303,-7.225132627219722],[112.6041983537693,-7.223846150083491],[112.6034062702356,-7.225132627219722],[112.60148840944001,-7.22631372738916],[112.60105109502783,-7.228172752711616],[112.60015187824456,-7.228172752711616],[112.60015187824456,-7.22727353592834],[112.60051894134554,-7.224942948679498],[112.6031006770319,-7.223161199799355],[112.60439154487509,-7.219712738561148],[112.60936885027314,-7.221566495035265],[112.60808676384386,-7.227284951766411],[112.61133413070377,-7.228012930978652],[112.61400719309468,-7.224043731896224],[112.61453934677698,-7.223676668795237],[112.61453934677698,-7.22547510236179],[112.61543856356025,-7.22547510236179],[112.61513648292211,-7.227870672073484],[112.61365066769038,-7.228622361103255],[112.61513648292211,-7.229374050133025],[112.61723875340958,-7.233558393855983],[112.62043167550333,-7.235173295872041],[112.62083386425991,-7.237164920544375]],[[112.60824482929404,-7.223676668795237],[112.60788479132418,-7.221633233780897],[112.60707690124545,-7.223176128202985],[112.60824482929404,-7.223676668795237]],[[112.60644639572749,-7.224575885578513],[112.60613904624103,-7.223479965123895],[112.60535047527287,-7.224267657950652],[112.60644639572749,-7.224575885578513]]]],"type":"MultiPolygon"},"properties":{"Kelas":"Cukup Rendah"}},{"type":"Feature","geometry":{"coordinates":[[[[112.62083386425991,-7.232668836627996],[112.62203516168131,-7.232071700482852],[112.62353151460974,-7.231769619844719],[112.62353151460974,-7.232668836627996],[112.62260419730198,-7.233198355886117],[112.62382305755119,-7.236434306907965],[112.62220376482817,-7.237491589141426],[112.62140641244613,-7.233894722008321],[112.62083386425991,-7.232668836627996]]]],"type":"MultiPolygon"},"properties":{"Kelas":"Cukup Tinggi"}},{"type":"Feature","geometry":{"coordinates":[[[[112.63791898314214,-7.237164920544375],[112.63701976635886,-7.237164920544375],[112.63701976635886,-7.2362657037611],[112.63791898314214,-7.2362657037611],[112.63791898314214,-7.237164920544375]]]],"type":"MultiPolygon"},"properties":{"Kelas":"Sedang"}},{"type":"Feature","geometry":{"coordinates":[[[[112.68018217195612,-7.237164920544375],[112.67928295517284,-7.237164920544375],[112.67928295517284,-7.2362657037611],[112.68018217195612,-7.2362657037611],[112.68018217195612,-7.237164920544375]]]],"type":"MultiPolygon"},"properties":{"Kelas":"Sedang"}},{"type":"Feature","geometry":{"coordinates":[[[[112.71884849363698,-7.237164920544375],[112.71884849363698,-7.2362657037611],[112.71974771042025,-7.2362657037611],[112.72064692720353,-7.2362657037611],[112.72064692720353,-7.237164920544375],[112.71884849363698,-7.237164920544375]]]],"type":"MultiPolygon"},"properties":{"Kelas":"Cukup Tinggi"}},{"type":"Feature","geometry":{"coordinates":[[[[112.79078583629905,-7.237164920544375],[112.79078583629905,-7.2362657037611],[112.78988661951577,-7.2362657037611],[112.78988661951577,-7.234467270194548],[112.79078583629905,-7.234467270194548],[112.79078583629905,-7.232668836627996],[112.79185014366362,-7.233402962829967],[112.7925842698656,-7.2362657037611],[112.79078583629905,-7.237164920544375]]]],"type":"MultiPolygon"},"properties":{"Kelas":"Cukup Rendah"}},{"type":"Feature","geometry":{"coordinates":[[[[112.6038665,-7.237008],[112.60401542769664,-7.2362657037611],[112.60644639572749,-7.2362657037611],[112.60644639572749,-7.233568053411272],[112.60824482929404,-7.233568053411272],[112.60824482929404,-7.235366486977824],[112.60824482929404,-7.237164920544375],[112.60584925958234,-7.237467001182507],[112.60464796216094,-7.238064137327651],[112.60464796216094,-7.237164920544375],[112.6038665,-7.237164920544375],[112.6038665,-7.237008]]]],"type":"MultiPolygon"},"properties":{"Kelas":"Sedang"}},{"type":"Feature","geometry":{"coordinates":[[[[112.60914404607732,-7.238064137327651],[112.60824482929404,-7.238064137327651],[112.60824482929404,-7.237164920544375],[112.60914404607732,-7.237164920544375],[112.60914404607732,-7.238064137327651]]]],"type":"MultiPolygon"},"properties":{"Kelas":"Sedang"}},{"type":"Feature","geometry":{"coordinates":[[[[112.61004326286059,-7.238064137327651],[112.60914404607732,-7.238064137327651],[112.60914404607732,-7.237164920544375],[112.61004326286059,-7.237164920544375],[112.61004326286059,-7.238064137327651]]]],"type":"MultiPolygon"},"properties":{"Kelas":"Cukup Rendah"}},{"type":"Feature","geometry":{"coordinates":[[[[112.61184169642715,-7.238064137327651],[112.61004326286059,-7.238064137327651],[112.61004326286059,-7.237164920544375],[112.61184169642715,-7.237164920544375],[112.61184169642715,-7.238064137327651]]]],"type":"MultiPolygon"},"properties":{"Kelas":"Sangat Rendah"}},{"type":"Feature","geometry":{"coordinates":[[[[112.67159043659716,-7.237664582995238],[112.67078957164955,-7.236665258093513],[112.66553828613785,-7.234723687480404],[112.66353963633439,-7.235899518801505],[112.6585043736046,-7.231873240528731],[112.65770175237421,-7.230870403061445],[112.65950018594077,-7.230870403061445],[112.65998843255356,-7.231551840780021],[112.6625982687644,-7.233208015441406],[112.66718392310256,-7.234114257355801],[112.6693915705568,-7.232668836627996],[112.6693915705568,-7.231769619844719],[112.67029078734008,-7.231769619844719],[112.67208922090663,-7.231769619844719],[112.67245628400761,-7.233200990310287],[112.6765343726224,-7.234246856705679],[112.67568608803973,-7.2362657037611],[112.67298843768991,-7.2362657037611],[112.67298843768991,-7.238064137327651],[112.67159043659716,-7.237664582995238]],[[112.66975863365779,-7.234999423876838],[112.67335550079089,-7.235326970615278],[112.6693915705568,-7.232668836627996],[112.66975863365779,-7.234999423876838]]]],"type":"MultiPolygon"},"properties":{"Kelas":"Cukup Tinggi"}},{"type":"Feature","geometry":{"coordinates":[[[[112.71435240972059,-7.2362657037611],[112.71764719621557,-7.236567784399231],[112.71884849363698,-7.237164920544375],[112.71830228969245,-7.238050965206803],[112.71469488486267,-7.236822445402307],[112.71435240972059,-7.2362657037611]]]],"type":"MultiPolygon"},"properties":{"Kelas":"Cukup Tinggi"}},{"type":"Feature","geometry":{"coordinates":[[[[112.73323596216939,-7.238064137327651],[112.7311354479647,-7.237639995036321],[112.73185201133887,-7.23530326079775],[112.73323596216939,-7.238064137327651]]]],"type":"MultiPolygon"},"properties":{"Kelas":"Sedang"}},{"type":"Feature","geometry":{"coordinates":[[[[112.76021246566766,-7.238064137327651],[112.75904453761908,-7.237563596735399],[112.75985242769781,-7.236020702313313],[112.76021246566766,-7.238064137327651]]]],"type":"MultiPolygon"},"properties":{"Kelas":"Sedang"}},{"type":"Feature","geometry":{"coordinates":[[[[112.7665069831506,-7.238064137327651],[112.7668722899688,-7.235996114354394],[112.76764856695749,-7.237575890714858],[112.7665069831506,-7.238064137327651]]]],"type":"MultiPolygon"},"properties":{"Kelas":"Sedang"}},{"type":"Feature","geometry":{"coordinates":[[[[112.76920463350042,-7.238064137327651],[112.76860749735528,-7.236862839906244],[112.76830541671715,-7.235366486977824],[112.7701038502837,-7.2362657037611],[112.7701038502837,-7.238064137327651],[112.76920463350042,-7.238064137327651]]]],"type":"MultiPolygon"},"properties":{"Kelas":"Sedang"}},{"type":"Feature","geometry":{"coordinates":[[[[112.79078583629905,-7.238064137327651],[112.78988661951577,-7.238064137327651],[112.78988661951577,-7.2362657037611],[112.79078583629905,-7.2362657037611],[112.79078583629905,-7.237164920544375],[112.79078583629905,-7.238064137327651]]]],"type":"MultiPolygon"},"properties":{"Kelas":"Sangat Rendah"}},{"type":"Feature","geometry":{"coordinates":[[[[112.7925842698656,-7.2362657037611],[112.79375219791419,-7.236766244353353],[112.79294430783547,-7.238309138775438],[112.7925842698656,-7.2362657037611]]]],"type":"MultiPolygon"},"properties":{"Kelas":"Sedang"}},{"type":"Feature","geometry":{"coordinates":[[[[112.60914404607732,-7.238963354110927],[112.60824482929404,-7.238963354110927],[112.60824482929404,-7.238064137327651],[112.60914404607732,-7.238064137327651],[112.60914404607732,-7.238963354110927]]]],"type":"MultiPolygon"},"properties":{"Kelas":"Cukup Tinggi"}},{"type":"Feature","geometry":{"coordinates":[[[[112.61004326286059,-7.238963354110927],[112.60914404607732,-7.238963354110927],[112.60914404607732,-7.238064137327651],[112.61004326286059,-7.238064137327651],[112.61004326286059,-7.238963354110927]]]],"type":"MultiPolygon"},"properties":{"Kelas":"Sedang"}},{"type":"Feature","geometry":{"coordinates":[[[[112.6136401299937,-7.238963354110927],[112.61094247964387,-7.238963354110927],[112.61004326286059,-7.238963354110927],[112.61004326286059,-7.238064137327651],[112.61184169642715,-7.238064137327651],[112.6136401299937,-7.238064137327651],[112.6136401299937,-7.238963354110927]]]],"type":"MultiPolygon"},"properties":{"Kelas":"Cukup Rendah"}},{"type":"Feature","geometry":{"coordinates":[[[[112.63701976635886,-7.238963354110927],[112.63592384590424,-7.238655126483067],[112.6367124168724,-7.23786743365631],[112.63701976635886,-7.238963354110927]]]],"type":"MultiPolygon"},"properties":{"Kelas":"Sangat Rendah"}},{"type":"Feature","geometry":{"coordinates":[[[[112.67838373838956,-7.238963354110927],[112.67838373838956,-7.238064137327651],[112.68018217195612,-7.238064137327651],[112.68018217195612,-7.237164920544375],[112.68148357749597,-7.238371486814122],[112.67838373838956,-7.238963354110927]]]],"type":"MultiPolygon"},"properties":{"Kelas":"Sedang"}},{"type":"Feature","geometry":{"coordinates":[[[[112.69187199013871,-7.234467270194548],[112.69277120692198,-7.234467270194548],[112.69277120692198,-7.233568053411272],[112.69326999123145,-7.233168499078859],[112.69465218577918,-7.23144295124767],[112.69676850652888,-7.236948019621066],[112.69509301275691,-7.238448763256436],[112.69131524849749,-7.238918568900042],[112.69187199013871,-7.234467270194548]]]],"type":"MultiPolygon"},"properties":{"Kelas":"Tinggi"}},{"type":"Feature","geometry":{"coordinates":[[[[112.72694144468646,-7.237164920544375],[112.72631269545128,-7.23936290844334],[112.72478824199838,-7.237780497658708],[112.72694144468646,-7.237164920544375]]]],"type":"MultiPolygon"},"properties":{"Kelas":"Tinggi"}},{"type":"Feature","geometry":{"coordinates":[[[[112.78449131881612,-7.235366486977824],[112.78539053559939,-7.235366486977824],[112.78539053559939,-7.234467270194548],[112.78628975238267,-7.234467270194548],[112.78628975238267,-7.233568053411272],[112.7867569236021,-7.233136007847433],[112.7883955354357,-7.231366552946747],[112.7889874027325,-7.234467270194548],[112.7884306610913,-7.234809745336616],[112.78773341682769,-7.238683227007543],[112.78484257537208,-7.237783132082878],[112.78449131881612,-7.235366486977824]]]],"type":"MultiPolygon"},"properties":{"Kelas":"Tinggi"}},{"type":"Feature","geometry":{"coordinates":[[[[112.78988661951577,-7.238963354110927],[112.7889874027325,-7.238963354110927],[112.7889874027325,-7.234467270194548],[112.78988661951577,-7.234467270194548],[112.78988661951577,-7.2362657037611],[112.78988661951577,-7.238064137327651],[112.78988661951577,-7.238963354110927]]]],"type":"MultiPolygon"},"properties":{"Kelas":"Sedang"}},{"type":"Feature","geometry":{"coordinates":[[[[112.79078583629905,-7.238963354110927],[112.78988661951577,-7.238963354110927],[112.78988661951577,-7.238064137327651],[112.79078583629905,-7.238064137327651],[112.79078583629905,-7.238963354110927]]]],"type":"MultiPolygon"},"properties":{"Kelas":"Cukup Rendah"}},{"type":"Feature","geometry":{"coordinates":[[[[112.60824482929404,-7.238064137327651],[112.60824482929404,-7.238963354110927],[112.60914404607732,-7.238963354110927],[112.60790937928309,-7.240294616458042],[112.60607055121261,-7.238752600177348],[112.60824482929404,-7.238064137327651]]]],"type":"MultiPolygon"},"properties":{"Kelas":"Tinggi"}},{"type":"Feature","geometry":{"coordinates":[[[[112.6136401299937,-7.239862570894203],[112.61094247964387,-7.239862570894203],[112.61094247964387,-7.238963354110927],[112.6136401299937,-7.238963354110927],[112.6136401299937,-7.239862570894203]]]],"type":"MultiPolygon"},"properties":{"Kelas":"Sedang"}},{"type":"Feature","geometry":{"coordinates":[[[[112.63342289922576,-7.237164920544375],[112.6361205495756,-7.237164920544375],[112.6361205495756,-7.2362657037611],[112.63701976635886,-7.2362657037611],[112.63701976635886,-7.237164920544375],[112.63791898314214,-7.237164920544375],[112.63791898314214,-7.238963354110927],[112.63701976635886,-7.238963354110927],[112.63631900952971,-7.239978485557673],[112.63342289922576,-7.238064137327651],[112.63342289922576,-7.237164920544375]],[[112.6367124168724,-7.23786743365631],[112.63592384590424,-7.238655126483067],[112.63701976635886,-7.238963354110927],[112.6367124168724,-7.23786743365631]]]],"type":"MultiPolygon"},"properties":{"Kelas":"Cukup Rendah"}},{"type":"Feature","geometry":{"coordinates":[[[[112.67838373838956,-7.239862570894203],[112.67723161688599,-7.239412962502566],[112.67838373838956,-7.238963354110927],[112.67838373838956,-7.239862570894203]]]],"type":"MultiPolygon"},"properties":{"Kelas":"Sedang"}},{"type":"Feature","geometry":{"coordinates":[[[[112.70266259153802,-7.234467270194548],[112.70086415797147,-7.234467270194548],[112.70086415797147,-7.230870403061445],[112.70086415797147,-7.229971186278169],[112.70229552843702,-7.229604123177182],[112.703029654639,-7.227439504651036],[112.70131025379754,-7.22782500872121],[112.6990657244049,-7.22727353592834],[112.6990657244049,-7.226374319145066],[112.70096777865547,-7.226002865337129],[112.70246940043222,-7.224159646559691],[112.70147710066162,-7.222285692833607],[112.70356180832128,-7.221878235228685],[112.70356180832128,-7.222777452011961],[112.70446102510456,-7.222777452011961],[112.7036478661775,-7.226090679476121],[112.70536024188783,-7.22727353592834],[112.70536024188783,-7.228172752711616],[112.70625945867111,-7.228172752711616],[112.7071586754544,-7.228172752711616],[112.7071586754544,-7.22727353592834],[112.7071586754544,-7.22547510236179],[112.70895710902094,-7.22547510236179],[112.70895710902094,-7.22727353592834],[112.70985632580422,-7.22727353592834],[112.70985632580422,-7.228172752711616],[112.70985632580422,-7.229971186278169],[112.71075554258749,-7.229971186278169],[112.71165475937077,-7.231769619844719],[112.71075554258749,-7.231769619844719],[112.71075554258749,-7.232668836627996],[112.70985632580422,-7.232668836627996],[112.70985632580422,-7.234467270194548],[112.71075554258749,-7.234467270194548],[112.71075554258749,-7.235366486977824],[112.71165475937077,-7.235366486977824],[112.71165475937077,-7.2362657037611],[112.71255397615404,-7.2362657037611],[112.71191293293941,-7.240038199172186],[112.70839685481417,-7.23743187552691],[112.7050493798358,-7.237926269129435],[112.70406937404466,-7.236657354821004],[112.70266259153802,-7.2362657037611],[112.70266259153802,-7.234467270194548]],[[112.70956302657999,-7.231164580427066],[112.70607680526201,-7.230576225695822],[112.70744494954751,-7.23316059580635],[112.70536024188783,-7.233568053411272],[112.70575189294775,-7.234075619134645],[112.70766624117776,-7.234858921254451],[112.7089430587587,-7.236512461491667],[112.70843373675255,-7.233064878394849],[112.70985632580422,-7.232668836627996],[112.70956302657999,-7.231164580427066]],[[112.70505289240137,-7.232472132956655],[112.70426432143321,-7.233259825783412],[112.70536024188783,-7.233568053411272],[112.70505289240137,-7.232472132956655]]]],"type":"MultiPolygon"},"properties":{"Kelas":"Sangat Rendah"}},{"type":"Feature","geometry":{"coordinates":[[[[112.72784066146974,-7.239862570894203],[112.72784066146974,-7.237164920544375],[112.72694144468646,-7.237164920544375],[112.7253274208118,-7.23315883952357],[112.72244536077008,-7.232668836627996],[112.72244536077008,-7.231769619844719],[112.72660599467551,-7.23210419171428],[112.72727689469741,-7.235031915108266],[112.72875919736359,-7.235910934639573],[112.72994995708832,-7.239380471271138],[112.72784066146974,-7.239862570894203]]]],"type":"MultiPolygon"},"properties":{"Kelas":"Sedang"}},{"type":"Feature","geometry":{"coordinates":[[[[112.78359210203284,-7.239862570894203],[112.78269288524956,-7.239862570894203],[112.78269288524956,-7.235366486977824],[112.78359210203284,-7.235366486977824],[112.78359210203284,-7.239862570894203]]]],"type":"MultiPolygon"},"properties":{"Kelas":"Sedang"}},{"type":"Feature","geometry":{"coordinates":[[[[112.79168505308232,-7.239862570894203],[112.79078583629905,-7.239862570894203],[112.79078583629905,-7.238963354110927],[112.79168505308232,-7.238963354110927],[112.79168505308232,-7.239862570894203]]]],"type":"MultiPolygon"},"properties":{"Kelas":"Cukup Rendah"}},{"type":"Feature","geometry":{"coordinates":[[[[112.63162446565921,-7.24076178767748],[112.63162446565921,-7.239862570894203],[112.6325236824425,-7.239862570894203],[112.6325236824425,-7.24076178767748],[112.63162446565921,-7.24076178767748]]]],"type":"MultiPolygon"},"properties":{"Kelas":"Sedang"}},{"type":"Feature","geometry":{"coordinates":[[[[112.65500410202439,-7.24076178767748],[112.65500410202439,-7.239862570894203],[112.65590331880766,-7.239862570894203],[112.65590331880766,-7.24076178767748],[112.65500410202439,-7.24076178767748]]]],"type":"MultiPolygon"},"properties":{"Kelas":"Cukup Tinggi"}},{"type":"Feature","geometry":{"coordinates":[[[[112.67388765447318,-7.24076178767748],[112.67298843768991,-7.24076178767748],[112.67298843768991,-7.238064137327651],[112.67388765447318,-7.238064137327651],[112.67388765447318,-7.24076178767748]]]],"type":"MultiPolygon"},"properties":{"Kelas":"Cukup Tinggi"}},{"type":"Feature","geometry":{"coordinates":[[[[112.67478687125646,-7.24076178767748],[112.67388765447318,-7.24076178767748],[112.67388765447318,-7.238064137327651],[112.67298843768991,-7.238064137327651],[112.67298843768991,-7.2362657037611],[112.67568608803973,-7.2362657037611],[112.6750889518946,-7.237467001182507],[112.67478687125646,-7.24076178767748]]]],"type":"MultiPolygon"},"properties":{"Kelas":"Sedang"}},{"type":"Feature","geometry":{"coordinates":[[[[112.67663,-7.22392],[112.67699,-7.22385],[112.67709,-7.22382],[112.67715,-7.2238],[112.67728,-7.2237],[112.67729633184334,-7.223676668795237],[112.67748452160629,-7.223676668795237],[112.67838373838956,-7.223676668795237],[112.67928295517284,-7.223676668795237],[112.67928295517284,-7.224575885578513],[112.67928295517284,-7.226374319145066],[112.68198060552267,-7.226374319145066],[112.68198060552267,-7.22547510236179],[112.68467825587248,-7.22547510236179],[112.68467825587248,-7.226374319145066],[112.6841461021902,-7.22674138224605],[112.68341197598824,-7.229415322778351],[112.68700884312133,-7.230338249379153],[112.6891550206783,-7.233446869899463],[112.68832078635788,-7.237164920544375],[112.68902505575258,-7.240304276013331],[112.68703167479748,-7.241128850778464],[112.68610962633807,-7.237531983645361],[112.6841461021902,-7.23679785744339],[112.68377903908922,-7.234467270194548],[112.68493116059278,-7.234017661802911],[112.68377903908922,-7.233568053411272],[112.68377903908922,-7.232668836627996],[112.68108138873939,-7.232668836627996],[112.68108138873939,-7.233568053411272],[112.68018217195612,-7.233568053411272],[112.68018217195612,-7.234467270194548],[112.6776496121876,-7.233402962829967],[112.67335550079089,-7.232301773527011],[112.67208922090663,-7.231769619844719],[112.67119000412336,-7.230514755798527],[112.67029078734008,-7.231769619844719],[112.6693915705568,-7.231769619844719],[112.66449505416662,-7.232972673548907],[112.6618307731896,-7.23123746616243],[112.65950018594077,-7.230870403061445],[112.65950018594077,-7.229971186278169],[112.65770175237421,-7.229971186278169],[112.65770175237421,-7.22727353592834],[112.66129861950732,-7.22727353592834],[112.66129861950732,-7.22547510236179],[112.6621978362906,-7.22547510236179],[112.66523093665137,-7.226319874378889],[112.66348870413378,-7.227665186988244],[112.66309705307387,-7.228172752711616],[112.66489548664042,-7.228172752711616],[112.66560151231792,-7.229568997521586],[112.66759313699025,-7.229971186278169],[112.66810772784474,-7.230743950701296],[112.67184158503467,-7.229803461272693],[112.67478862753924,-7.23177225426889],[112.67748452160629,-7.231093450974484],[112.68121662251343,-7.232033940403086],[112.68233888720975,-7.22781183660036],[112.67838198210679,-7.226823927536703],[112.6771262399192,-7.224935045406989],[112.676585304823,-7.224575885578513],[112.676585304823,-7.223917968401046],[112.67663,-7.22392]],[[112.66200113261925,-7.228480980339478],[112.6627897035874,-7.229268673166235],[112.66309705307387,-7.228172752711616],[112.66200113261925,-7.228480980339478]],[[112.6826831186346,-7.231461392216859],[112.68377903908922,-7.231769619844719],[112.68347168960275,-7.230673699390103],[112.6826831186346,-7.231461392216859]],[[112.68530876139044,-7.235002058301008],[112.68737590622231,-7.235366486977824],[112.68688765960952,-7.234224903170931],[112.68530876139044,-7.235002058301008]]]],"type":"MultiPolygon"},"properties":{"Kelas":"Cukup Rendah"}},{"type":"Feature","geometry":{"coordinates":[[[[112.70266259153802,-7.24076178767748],[112.69873027439397,-7.240358720779508],[112.70196183470885,-7.23958068750804],[112.70266259153802,-7.24076178767748]]]],"type":"MultiPolygon"},"properties":{"Kelas":"Cukup Rendah"}},{"type":"Feature","geometry":{"coordinates":[[[[112.70985632580422,-7.24076178767748],[112.70912395588502,-7.239315488808284],[112.70296467217614,-7.238661273472795],[112.70266259153802,-7.2362657037611],[112.70406937404466,-7.236657354821004],[112.7050493798358,-7.237926269129435],[112.70839685481417,-7.23743187552691],[112.71191293293941,-7.240038199172186],[112.71255397615404,-7.2362657037611],[112.71345319293732,-7.2362657037611],[112.71345319293732,-7.24076178767748],[112.70985632580422,-7.24076178767748]]]],"type":"MultiPolygon"},"properties":{"Kelas":"Cukup Rendah"}},{"type":"Feature","geometry":{"coordinates":[[[[112.72064692720353,-7.234467270194548],[112.7215461439868,-7.234467270194548],[112.7215461439868,-7.233568053411272],[112.72244536077008,-7.233568053411272],[112.72244536077008,-7.232668836627996],[112.7253274208118,-7.23315883952357],[112.72694144468646,-7.237164920544375],[112.72784066146974,-7.237164920544375],[112.72784066146974,-7.239862570894203],[112.7248918626824,-7.240587037540886],[112.72359572599088,-7.235541237114418],[112.72064692720353,-7.2362657037611],[112.72064692720353,-7.234467270194548]],[[112.72478824199838,-7.237780497658708],[112.72631269545128,-7.23936290844334],[112.72694144468646,-7.237164920544375],[112.72478824199838,-7.237780497658708]],[[112.72393644485015,-7.233371349739931],[112.72314787388201,-7.234159042566686],[112.72424379433663,-7.234467270194548],[112.72393644485015,-7.233371349739931]]]],"type":"MultiPolygon"},"properties":{"Kelas":"Cukup Tinggi"}},{"type":"Feature","geometry":{"coordinates":[[[[112.73306756041572,-7.196404162018793],[112.73456019938538,-7.198074456572181],[112.73503439573594,-7.198498598863512],[112.73537687087801,-7.202343101868573],[112.73593361251922,-7.201196249213339],[112.7368328293025,-7.201196249213339],[112.73742996544763,-7.202397546634748],[112.73773204608577,-7.203893899563168],[112.73773204608577,-7.204793116346444],[112.73563153188108,-7.205217258637774],[112.73634633897248,-7.207552236593566],[112.73719462355514,-7.205877620962992],[112.73863126286905,-7.206591549912995],[112.73928460006314,-7.210435174776666],[112.74183647894225,-7.211479284889277],[112.7440265635687,-7.212886067395926],[112.74471327013562,-7.215055954770413],[112.74672421391853,-7.212886067395926],[112.74981351532826,-7.212378501672553],[112.75301873140145,-7.21198685061265],[112.75301873140145,-7.212886067395926],[112.75032108105164,-7.212886067395926],[112.75032108105164,-7.214684500962479],[112.74942186426836,-7.214684500962479],[112.74942186426836,-7.215583717745755],[112.74762343070181,-7.215583717745755],[112.74717382231017,-7.214431596242182],[112.74672421391853,-7.215583717745755],[112.74582499713526,-7.215583717745755],[112.74529284345297,-7.21595078084674],[112.744558717251,-7.217015088211321],[112.74219300434655,-7.217749214413292],[112.74277784651224,-7.215134109354116],[112.74223866769883,-7.212728001945742],[112.7390106199495,-7.213452468592424],[112.73826419976805,-7.21145469693036],[112.73659573112721,-7.210720570728389],[112.73775136519635,-7.215875260687207],[112.73916341655134,-7.216849997630016],[112.74011356553522,-7.220550485447129],[112.74492578035198,-7.22097901844541],[112.74492578035198,-7.221878235228685],[112.74762343070181,-7.221878235228685],[112.74762343070181,-7.219180584878858],[112.74942186426836,-7.219180584878858],[112.74942186426836,-7.216482934529029],[112.75032108105164,-7.216482934529029],[112.7513520190434,-7.220500431387904],[112.754330674638,-7.222439367576843],[112.75661559853457,-7.221878235228685],[112.7560465629139,-7.223203350586072],[112.75694753597995,-7.226779142325817],[112.7551754466551,-7.22943112932337],[112.75481716496802,-7.233568053411272],[112.75355966649765,-7.234575281585508],[112.75532824325694,-7.237586428411536],[112.75481716496802,-7.24076178767748],[112.75430959924464,-7.240370136617576],[112.75345428953086,-7.237295763611474],[112.75119395359322,-7.235551774811096],[112.75264113060379,-7.233153570675231],[112.7524233515391,-7.231678293140169],[112.75041767660453,-7.230478752001542],[112.74853669774731,-7.232915594358563],[112.74904601975348,-7.229475914534255],[112.74801508176171,-7.228680318434989],[112.74762343070181,-7.226374319145066],[112.74942186426836,-7.22727353592834],[112.74979770878323,-7.227796908196732],[112.75371948823062,-7.228548597226501],[112.75265518086604,-7.223160321657966],[112.74980297763159,-7.2215023907138],[112.74762343070181,-7.22547510236179],[112.74515409711336,-7.22524678560041],[112.74199981324077,-7.222106551990064],[112.7397763592415,-7.221649918467307],[112.73953047965233,-7.228172752711616],[112.7368328293025,-7.228172752711616],[112.7368328293025,-7.229071969494893],[112.73174839065487,-7.228208756508604],[112.73205398385856,-7.226142489818127],[112.73508532793656,-7.224902554175562],[112.73632526357912,-7.222953080289946],[112.73503439573594,-7.217382151312306],[112.73593361251922,-7.217382151312306],[112.73593361251922,-7.215583717745755],[112.73593361251922,-7.212886067395926],[112.73460937530322,-7.204318041854497],[112.73413517895267,-7.203893899563168],[112.73299777023611,-7.196415913336057],[112.73306756041572,-7.196404162018793]],[[112.73827122489918,-7.219834800214347],[112.73746333482046,-7.221377694636432],[112.73863126286905,-7.221878235228685],[112.73827122489918,-7.219834800214347]],[[112.75540903226482,-7.224379181907171],[112.75462046129667,-7.225166874733928],[112.75571638175128,-7.22547510236179],[112.75540903226482,-7.224379181907171]]]],"type":"MultiPolygon"},"properties":{"Kelas":"Sedang"}},{"type":"Feature","geometry":{"coordinates":[[[[112.7701038502837,-7.24076178767748],[112.76920463350042,-7.24076178767748],[112.76920463350042,-7.238064137327651],[112.7701038502837,-7.238064137327651],[112.7701038502837,-7.2362657037611],[112.77104873041925,-7.236917284672419],[112.7701038502837,-7.24076178767748]]]],"type":"MultiPolygon"},"properties":{"Kelas":"Cukup Rendah"}},{"type":"Feature","geometry":{"coordinates":[[[[112.78119653232115,-7.239560490256071],[112.78059237104489,-7.236567784399231],[112.77928042780835,-7.235903909508453],[112.78089445168301,-7.232668836627996],[112.77946308121744,-7.232301773527011],[112.77676894343318,-7.230547247029955],[112.77639836776663,-7.22547510236179],[112.77909601811646,-7.22547510236179],[112.77909601811646,-7.223676668795237],[112.78151266322152,-7.222475371373829],[112.78508845496125,-7.223079532650093],[112.78539053559939,-7.223676668795237],[112.78119653232115,-7.223978749433369],[112.78029029040675,-7.225770157868801],[112.77849888197132,-7.226676399783196],[112.7781968013332,-7.22727353592834],[112.77694281542838,-7.228172752711616],[112.7781968013332,-7.229071969494893],[112.77880447517501,-7.230273266916301],[112.78059237104489,-7.229669105640037],[112.78120355745227,-7.22846078308751],[112.78593498326114,-7.226108242303919],[112.78628975238267,-7.229971186278169],[112.78318991327626,-7.230563053574974],[112.78495849003555,-7.23220166540856],[112.78539053559939,-7.233568053411272],[112.78449131881612,-7.233568053411272],[112.78449131881612,-7.234467270194548],[112.78359210203284,-7.234467270194548],[112.78359210203284,-7.235366486977824],[112.78269288524956,-7.235366486977824],[112.78269288524956,-7.239862570894203],[112.78269288524956,-7.24076178767748],[112.78179366846629,-7.24076178767748],[112.78119653232115,-7.239560490256071]],[[112.78293876483875,-7.23230879865813],[112.78139499227527,-7.231500030438015],[112.78089445168301,-7.232668836627996],[112.78293876483875,-7.23230879865813]]]],"type":"MultiPolygon"},"properties":{"Kelas":"Cukup Rendah"}},{"type":"Feature","geometry":{"coordinates":[[[[112.6045608,-7.2384742],[112.6045684,-7.2382959],[112.60454696187291,-7.238078054926866],[112.60464796216094,-7.238064137327651],[112.60464796216094,-7.238499818772344],[112.6045608,-7.2384742]]]],"type":"MultiPolygon"},"properties":{"Kelas":"Sedang"}},{"type":"Feature","geometry":{"coordinates":[[[[112.61094247964387,-7.241661004460756],[112.61004326286059,-7.241661004460756],[112.60824482929404,-7.241661004460756],[112.60734561251077,-7.241661004460756],[112.60644639572749,-7.241661004460756],[112.60644639572749,-7.24076178767748],[112.61094247964387,-7.24076178767748],[112.61094247964387,-7.241661004460756]]]],"type":"MultiPolygon"},"properties":{"Kelas":"Sedang"}},{"type":"Feature","geometry":{"coordinates":[[[[112.62622916495955,-7.241661004460756],[112.6238652083379,-7.240376283607306],[112.62419187693496,-7.23892559403116],[112.62083386425991,-7.238064137327651],[112.62083386425991,-7.237164920544375],[112.62043167550333,-7.235173295872041],[112.61723875340958,-7.233558393855983],[112.61513648292211,-7.229374050133025],[112.61365066769038,-7.228622361103255],[112.61513648292211,-7.227870672073484],[112.61543856356025,-7.22547510236179],[112.61665918009223,-7.224531978509017],[112.61553515911314,-7.222385800952058],[112.61453934677698,-7.223676668795237],[112.61400719309468,-7.224043731896224],[112.61133413070377,-7.228012930978652],[112.60808676384386,-7.227284951766411],[112.60936885027314,-7.221566495035265],[112.60439154487509,-7.219712738561148],[112.6031006770319,-7.223161199799355],[112.60051894134554,-7.224942948679498],[112.60015187824456,-7.22727353592834],[112.59915957847394,-7.226638639703431],[112.59800218812204,-7.222792380415591],[112.60240694533387,-7.221243339003776],[112.60284952859439,-7.218281368095582],[112.60602137529477,-7.216282718292129],[112.60784439682024,-7.217796634048348],[112.60773199472233,-7.218906604765204],[112.61146936447781,-7.222011712719953],[112.61128144222037,-7.223871616183798],[112.6153735810974,-7.221526978672719],[112.61748638928154,-7.221311834032189],[112.61665039867833,-7.22952157788653],[112.61886507126371,-7.230482264567101],[112.62034210508155,-7.232260500881685],[112.62083386425991,-7.232668836627996],[112.62140641244613,-7.233894722008321],[112.62220376482817,-7.237491589141426],[112.62382305755119,-7.236434306907965],[112.62260419730198,-7.233198355886117],[112.62353151460974,-7.232668836627996],[112.62412865075487,-7.233870134049404],[112.62473281203114,-7.237762056689521],[112.62592708432143,-7.238366217965783],[112.62622916495955,-7.241661004460756]]]],"type":"MultiPolygon"},"properties":{"Kelas":"Sedang"}},{"type":"Feature","geometry":{"coordinates":[[[[112.62622916495955,-7.241661004460756],[112.62592708432143,-7.238366217965783],[112.62473281203114,-7.237762056689521],[112.62412865075487,-7.233870134049404],[112.62353151460974,-7.232668836627996],[112.62532994817629,-7.232668836627996],[112.62569701127727,-7.23679785744339],[112.6268702081742,-7.237608381946284],[112.62769566108072,-7.241285159945871],[112.62622916495955,-7.241661004460756]]]],"type":"MultiPolygon"},"properties":{"Kelas":"Cukup Rendah"}},{"type":"Feature","geometry":{"coordinates":[[[[112.63162446565921,-7.24076178767748],[112.6325236824425,-7.24076178767748],[112.6325236824425,-7.239862570894203],[112.63475416157289,-7.240568596571697],[112.63281522538395,-7.242047386672319],[112.63162446565921,-7.24076178767748]]]],"type":"MultiPolygon"},"properties":{"Kelas":"Cukup Tinggi"}},{"type":"Feature","geometry":{"coordinates":[[[[112.68018217195612,-7.241661004460756],[112.67838373838956,-7.241661004460756],[112.67838373838956,-7.24076178767748],[112.68018217195612,-7.24076178767748],[112.68018217195612,-7.241661004460756]]]],"type":"MultiPolygon"},"properties":{"Kelas":"Sedang"}},{"type":"Feature","geometry":{"coordinates":[[[[112.68018217195612,-7.241661004460756],[112.68018217195612,-7.24076178767748],[112.68146952723373,-7.239421743916465],[112.68326971708306,-7.241058599467271],[112.68018217195612,-7.241661004460756]]]],"type":"MultiPolygon"},"properties":{"Kelas":"Tinggi"}},{"type":"Feature","geometry":{"coordinates":[[[[112.70985632580422,-7.241661004460756],[112.7071586754544,-7.241661004460756],[112.7071586754544,-7.24076178767748],[112.70985632580422,-7.24076178767748],[112.70985632580422,-7.241661004460756]]]],"type":"MultiPolygon"},"properties":{"Kelas":"Cukup Tinggi"}},{"type":"Feature","geometry":{"coordinates":[[[[112.74942186426836,-7.241661004460756],[112.74942186426836,-7.24076178767748],[112.75032108105164,-7.24076178767748],[112.75032108105164,-7.241661004460756],[112.74942186426836,-7.241661004460756]]]],"type":"MultiPolygon"},"properties":{"Kelas":"Cukup Rendah"}},{"type":"Feature","geometry":{"coordinates":[[[[112.77100306706697,-7.241661004460756],[112.7701038502837,-7.241661004460756],[112.7701038502837,-7.24076178767748],[112.77100306706697,-7.24076178767748],[112.77100306706697,-7.241661004460756]]]],"type":"MultiPolygon"},"properties":{"Kelas":"Cukup Rendah"}},{"type":"Feature","geometry":{"coordinates":[[[[112.78988661951577,-7.241661004460756],[112.78988661951577,-7.238963354110927],[112.79078583629905,-7.238963354110927],[112.79078583629905,-7.239862570894203],[112.79168505308232,-7.239862570894203],[112.79168505308232,-7.24076178767748],[112.78988661951577,-7.241661004460756]]]],"type":"MultiPolygon"},"properties":{"Kelas":"Sedang"}},{"type":"Feature","geometry":{"coordinates":[[[[112.61094247964387,-7.24256022124403],[112.61004326286059,-7.24256022124403],[112.61004326286059,-7.241661004460756],[112.61094247964387,-7.241661004460756],[112.61094247964387,-7.24256022124403]]]],"type":"MultiPolygon"},"properties":{"Kelas":"Cukup Rendah"}},{"type":"Feature","geometry":{"coordinates":[[[[112.61184169642715,-7.24256022124403],[112.61094247964387,-7.24256022124403],[112.61094247964387,-7.241661004460756],[112.61184169642715,-7.241661004460756],[112.61184169642715,-7.24256022124403]]]],"type":"MultiPolygon"},"properties":{"Kelas":"Sedang"}},{"type":"Feature","geometry":{"coordinates":[[[[112.606224,-7.2413977],[112.6062316,-7.241372],[112.6062392,-7.2412952],[112.6062545,-7.2412671],[112.6062774,-7.2411598],[112.6062927,-7.2410525],[112.6062927,-7.2410023],[112.6062927,-7.2409995],[112.6063003,-7.2409581],[112.606346,-7.2407564],[112.6064452,-7.240516],[112.6064986,-7.2403863],[112.6064452,-7.2402862],[112.6064376,-7.2402161],[112.60643,-7.2400578],[112.6064147,-7.2397951],[112.6064605,-7.2396983],[112.6065139,-7.2395304],[112.6065139,-7.2394136],[112.6064681,-7.2393878],[112.6061324,-7.2392867],[112.6056823,-7.2391561],[112.6049651,-7.2389477],[112.6049651,-7.2388924],[112.6050109,-7.2386273],[112.6049194,-7.2385796],[112.60464796216094,-7.238499818772344],[112.60464796216094,-7.238064137327651],[112.60584925958234,-7.237467001182507],[112.60824482929404,-7.237164920544375],[112.60824482929404,-7.238064137327651],[112.60607055121261,-7.238752600177348],[112.60790937928309,-7.240294616458042],[112.60914404607732,-7.238963354110927],[112.61004326286059,-7.238963354110927],[112.61094247964387,-7.238963354110927],[112.61094247964387,-7.239862570894203],[112.6136401299937,-7.239862570894203],[112.61453934677698,-7.239862570894203],[112.61453934677698,-7.24076178767748],[112.6136401299937,-7.24076178767748],[112.6136401299937,-7.24256022124403],[112.61184169642715,-7.24256022124403],[112.61184169642715,-7.241661004460756],[112.61094247964387,-7.241661004460756],[112.61094247964387,-7.24076178767748],[112.60644639572749,-7.24076178767748],[112.60644639572749,-7.241661004460756],[112.60616500938517,-7.241730174973387],[112.606224,-7.2413977]]]],"type":"MultiPolygon"},"properties":{"Kelas":"Cukup Tinggi"}},{"type":"Feature","geometry":{"coordinates":[[[[112.61453934677698,-7.24256022124403],[112.6136401299937,-7.24256022124403],[112.6136401299937,-7.24076178767748],[112.61453934677698,-7.24076178767748],[112.61453934677698,-7.24256022124403]]]],"type":"MultiPolygon"},"properties":{"Kelas":"Sedang"}},{"type":"Feature","geometry":{"coordinates":[[[[112.61543856356025,-7.24256022124403],[112.61453934677698,-7.24256022124403],[112.61453934677698,-7.24076178767748],[112.61543856356025,-7.24076178767748],[112.61543856356025,-7.24256022124403]]]],"type":"MultiPolygon"},"properties":{"Kelas":"Cukup Rendah"}},{"type":"Feature","geometry":{"coordinates":[[[[112.62173308104317,-7.24256022124403],[112.62083386425991,-7.24256022124403],[112.62027712261869,-7.241233349603865],[112.62083386425991,-7.238963354110927],[112.62173308104317,-7.238963354110927],[112.62173308104317,-7.24256022124403]]]],"type":"MultiPolygon"},"properties":{"Kelas":"Sangat Rendah"}},{"type":"Feature","geometry":{"coordinates":[[[[112.62622916495955,-7.24256022124403],[112.62263229782646,-7.24256022124403],[112.62173308104317,-7.24256022124403],[112.62173308104317,-7.238963354110927],[112.62083386425991,-7.238963354110927],[112.62083386425991,-7.238064137327651],[112.62419187693496,-7.23892559403116],[112.6238652083379,-7.240376283607306],[112.62622916495955,-7.241661004460756],[112.62622916495955,-7.24256022124403]]]],"type":"MultiPolygon"},"properties":{"Kelas":"Cukup Rendah"}},{"type":"Feature","geometry":{"coordinates":[[[[112.65500410202439,-7.24256022124403],[112.65375011611958,-7.241661004460756],[112.65500410202439,-7.24076178767748],[112.65500410202439,-7.24256022124403]]]],"type":"MultiPolygon"},"properties":{"Kelas":"Cukup Tinggi"}},{"type":"Feature","geometry":{"coordinates":[[[[112.65500410202439,-7.24256022124403],[112.65500410202439,-7.24076178767748],[112.65590331880766,-7.24076178767748],[112.65590331880766,-7.239862570894203],[112.65742250341222,-7.240169042239284],[112.65843763485897,-7.242245846626441],[112.65500410202439,-7.24256022124403]]]],"type":"MultiPolygon"},"properties":{"Kelas":"Sedang"}},{"type":"Feature","geometry":{"coordinates":[[[[112.6693915705568,-7.24256022124403],[112.66849235377353,-7.24256022124403],[112.66759313699025,-7.24256022124403],[112.66669392020697,-7.24256022124403],[112.6669960008451,-7.241963085098886],[112.6681902731354,-7.241358923822624],[112.66910002761534,-7.239560490256071],[112.67006773942704,-7.241198223948269],[112.6693915705568,-7.24256022124403]]]],"type":"MultiPolygon"},"properties":{"Kelas":"Cukup Tinggi"}},{"type":"Feature","geometry":{"coordinates":[[[[112.67388765447318,-7.24256022124403],[112.67298843768991,-7.24256022124403],[112.67298843768991,-7.24076178767748],[112.67388765447318,-7.24076178767748],[112.67388765447318,-7.24256022124403]]]],"type":"MultiPolygon"},"properties":{"Kelas":"Sedang"}},{"type":"Feature","geometry":{"coordinates":[[[[112.67388765447318,-7.24256022124403],[112.67388765447318,-7.24076178767748],[112.67478687125646,-7.24076178767748],[112.67478687125646,-7.24256022124403],[112.67388765447318,-7.24256022124403]]]],"type":"MultiPolygon"},"properties":{"Kelas":"Cukup Rendah"}},{"type":"Feature","geometry":{"coordinates":[[[[112.67838373838956,-7.241661004460756],[112.6780763889031,-7.242756924915373],[112.67728781793494,-7.241969232088616],[112.67838373838956,-7.241661004460756]]]],"type":"MultiPolygon"},"properties":{"Kelas":"Sangat Rendah"}},{"type":"Feature","geometry":{"coordinates":[[[[112.68467825587248,-7.24256022124403],[112.68377903908922,-7.24256022124403],[112.68422864748085,-7.241408099740459],[112.68467825587248,-7.24256022124403]]]],"type":"MultiPolygon"},"properties":{"Kelas":"Sedang"}},{"type":"Feature","geometry":{"coordinates":[[[[112.69636807405507,-7.24256022124403],[112.69527215360046,-7.24225199361617],[112.69606072456861,-7.241464300789413],[112.69636807405507,-7.24256022124403]]]],"type":"MultiPolygon"},"properties":{"Kelas":"Cukup Rendah"}},{"type":"Feature","geometry":{"coordinates":[[[[112.72064692720353,-7.24256022124403],[112.71761382684275,-7.242130810104362],[112.71882741824362,-7.238628782241369],[112.72278081078103,-7.239434037895924],[112.72210991075913,-7.241326432591196],[112.72098237721448,-7.241995576330314],[112.72064692720353,-7.24256022124403]]]],"type":"MultiPolygon"},"properties":{"Kelas":"Cukup Rendah"}},{"type":"Feature","geometry":{"coordinates":[[[[112.72963909503629,-7.24256022124403],[112.72854317458167,-7.24225199361617],[112.72933174554981,-7.241464300789413],[112.72963909503629,-7.24256022124403]]]],"type":"MultiPolygon"},"properties":{"Kelas":"Sedang"}},{"type":"Feature","geometry":{"coordinates":[[[[112.7404296964356,-7.24256022124403],[112.7404296964356,-7.241661004460756],[112.74096185011788,-7.239495507793217],[112.74179257187275,-7.234218756181201],[112.74359451800487,-7.231063594167226],[112.74453412929208,-7.233575956683781],[112.74635715081754,-7.234834333295534],[112.74723177964191,-7.237172823816884],[112.74986620381165,-7.238992332776794],[112.75032108105164,-7.24076178767748],[112.74942186426836,-7.24076178767748],[112.74942186426836,-7.241661004460756],[112.7479992752167,-7.241285159945871],[112.74672421391853,-7.239506923631287],[112.74482215966796,-7.242159788770229],[112.7404296964356,-7.24256022124403]]]],"type":"MultiPolygon"},"properties":{"Kelas":"Sangat Rendah"}},{"type":"Feature","geometry":{"coordinates":[[[[112.75032108105164,-7.24076178767748],[112.74986620381165,-7.238992332776794],[112.74723177964191,-7.237172823816884],[112.74635715081754,-7.234834333295534],[112.74453412929208,-7.233575956683781],[112.74359451800487,-7.231063594167226],[112.74179257187275,-7.234218756181201],[112.74096185011788,-7.239495507793217],[112.7404296964356,-7.241661004460756],[112.73922313016585,-7.240972541611059],[112.74031905062047,-7.238064137327651],[112.73943037153387,-7.235706327695722],[112.74100224462182,-7.232342168030947],[112.74165558181592,-7.228644314638002],[112.73953047965233,-7.228172752711616],[112.7397763592415,-7.221649918467307],[112.74199981324077,-7.222106551990064],[112.74515409711336,-7.22524678560041],[112.74762343070181,-7.22547510236179],[112.74762343070181,-7.226374319145066],[112.74801508176171,-7.228680318434989],[112.74904601975348,-7.229475914534255],[112.74853669774731,-7.232915594358563],[112.75041767660453,-7.230478752001542],[112.7524233515391,-7.231678293140169],[112.75264113060379,-7.233153570675231],[112.75119395359322,-7.235551774811096],[112.75345428953086,-7.237295763611474],[112.75430959924464,-7.240370136617576],[112.75481716496802,-7.24076178767748],[112.75340862617858,-7.242801710126258],[112.75032108105164,-7.24076178767748]],[[112.7440265635687,-7.229971186278169],[112.74341888972688,-7.225117698816092],[112.74092848074507,-7.226232938381289],[112.74272691431162,-7.227673090260753],[112.74352777925922,-7.229571631945756],[112.7440265635687,-7.229971186278169]],[[112.74672421391853,-7.229971186278169],[112.74636417594866,-7.227927751263829],[112.74555628586994,-7.229470645685915],[112.74672421391853,-7.229971186278169]]]],"type":"MultiPolygon"},"properties":{"Kelas":"Cukup Rendah"}},{"type":"Feature","geometry":{"coordinates":[[[[112.76920463350042,-7.24256022124403],[112.76791727822281,-7.239133713540571],[112.76920463350042,-7.238064137327651],[112.76920463350042,-7.24076178767748],[112.7701038502837,-7.24076178767748],[112.7701038502837,-7.241661004460756],[112.7701038502837,-7.24256022124403],[112.76920463350042,-7.24256022124403]]]],"type":"MultiPolygon"},"properties":{"Kelas":"Sedang"}},{"type":"Feature","geometry":{"coordinates":[[[[112.78359210203284,-7.24256022124403],[112.78243998052926,-7.242110612852393],[112.78359210203284,-7.241661004460756],[112.78359210203284,-7.24256022124403]]]],"type":"MultiPolygon"},"properties":{"Kelas":"Sedang"}},{"type":"Feature","geometry":{"coordinates":[[[[112.60554717894422,-7.243459438027307],[112.60644639572749,-7.241661004460756],[112.60734561251077,-7.241661004460756],[112.60734561251077,-7.243459438027307],[112.60554717894422,-7.243459438027307]]]],"type":"MultiPolygon"},"properties":{"Kelas":"Cukup Rendah"}},{"type":"Feature","geometry":{"coordinates":[[[[112.62083386425991,-7.24256022124403],[112.62052651477343,-7.243656141698649],[112.61973794380529,-7.242868448871892],[112.62083386425991,-7.24256022124403]]]],"type":"MultiPolygon"},"properties":{"Kelas":"Sangat Rendah"}},{"type":"Feature","geometry":{"coordinates":[[[[112.62173308104317,-7.24256022124403],[112.62263229782646,-7.24256022124403],[112.62218268943482,-7.243712342747603],[112.62173308104317,-7.24256022124403]]]],"type":"MultiPolygon"},"properties":{"Kelas":"Sangat Rendah"}},{"type":"Feature","geometry":{"coordinates":[[[[112.66669392020697,-7.243459438027307],[112.6657947034237,-7.243459438027307],[112.6657947034237,-7.24256022124403],[112.66669392020697,-7.24256022124403],[112.66669392020697,-7.243459438027307]]]],"type":"MultiPolygon"},"properties":{"Kelas":"Cukup Tinggi"}},{"type":"Feature","geometry":{"coordinates":[[[[112.66759313699025,-7.243459438027307],[112.66669392020697,-7.243459438027307],[112.66669392020697,-7.24256022124403],[112.66759313699025,-7.24256022124403],[112.66759313699025,-7.243459438027307]]]],"type":"MultiPolygon"},"properties":{"Kelas":"Sedang"}},{"type":"Feature","geometry":{"coordinates":[[[[112.66849235377353,-7.243459438027307],[112.66759313699025,-7.243459438027307],[112.66759313699025,-7.24256022124403],[112.66849235377353,-7.24256022124403],[112.66849235377353,-7.243459438027307]]]],"type":"MultiPolygon"},"properties":{"Kelas":"Cukup Rendah"}},{"type":"Feature","geometry":{"coordinates":[[[[112.6693915705568,-7.243459438027307],[112.66849235377353,-7.243459438027307],[112.66849235377353,-7.24256022124403],[112.6693915705568,-7.24256022124403],[112.6693915705568,-7.243459438027307]]]],"type":"MultiPolygon"},"properties":{"Kelas":"Sedang"}},{"type":"Feature","geometry":{"coordinates":[[[[112.67208922090663,-7.243459438027307],[112.67119000412336,-7.243459438027307],[112.67029078734008,-7.243459438027307],[112.6693915705568,-7.243459438027307],[112.6693915705568,-7.24256022124403],[112.67082294102237,-7.242193158143046],[112.67298843768991,-7.24076178767748],[112.67298843768991,-7.24256022124403],[112.67208922090663,-7.24256022124403],[112.67208922090663,-7.243459438027307]]]],"type":"MultiPolygon"},"properties":{"Kelas":"Cukup Tinggi"}},{"type":"Feature","geometry":{"coordinates":[[[[112.67298843768991,-7.243459438027307],[112.67208922090663,-7.243459438027307],[112.67208922090663,-7.24256022124403],[112.67298843768991,-7.24256022124403],[112.67298843768991,-7.243459438027307]]]],"type":"MultiPolygon"},"properties":{"Kelas":"Sedang"}},{"type":"Feature","geometry":{"coordinates":[[[[112.67298843768991,-7.243459438027307],[112.67298843768991,-7.24256022124403],[112.67388765447318,-7.24256022124403],[112.67388765447318,-7.243459438027307],[112.67298843768991,-7.243459438027307]]]],"type":"MultiPolygon"},"properties":{"Kelas":"Cukup Rendah"}},{"type":"Feature","geometry":{"coordinates":[[[[112.68557747265577,-7.243459438027307],[112.68467825587248,-7.243459438027307],[112.68467825587248,-7.24256022124403],[112.68557747265577,-7.24256022124403],[112.68557747265577,-7.243459438027307]]]],"type":"MultiPolygon"},"properties":{"Kelas":"Sedang"}},{"type":"Feature","geometry":{"coordinates":[[[[112.6882751230056,-7.243459438027307],[112.68737590622231,-7.243459438027307],[112.68557747265577,-7.243459438027307],[112.68557747265577,-7.24256022124403],[112.68467825587248,-7.24256022124403],[112.68422864748085,-7.241408099740459],[112.68377903908922,-7.24256022124403],[112.68150992173767,-7.243117841026629],[112.68018217195612,-7.24256022124403],[112.68018217195612,-7.241661004460756],[112.68326971708306,-7.241058599467271],[112.68146952723373,-7.239421743916465],[112.68018217195612,-7.24076178767748],[112.67838373838956,-7.24076178767748],[112.67838373838956,-7.239862570894203],[112.67838373838956,-7.238963354110927],[112.68148357749597,-7.238371486814122],[112.68018217195612,-7.237164920544375],[112.68018217195612,-7.2362657037611],[112.67928295517284,-7.2362657037611],[112.68018217195612,-7.234467270194548],[112.68108138873939,-7.234467270194548],[112.68108138873939,-7.233568053411272],[112.68377903908922,-7.233568053411272],[112.68377903908922,-7.234467270194548],[112.68277971418749,-7.235239156476286],[112.68340846342267,-7.239498142217387],[112.6878834719457,-7.242951872303934],[112.6882751230056,-7.243459438027307]]]],"type":"MultiPolygon"},"properties":{"Kelas":"Cukup Tinggi"}},{"type":"Feature","geometry":{"coordinates":[[[[112.76111168245095,-7.243459438027307],[112.75988930963618,-7.242515436033145],[112.75961181695696,-7.240640604165671],[112.76060411672756,-7.239355005170831],[112.76161924817431,-7.238571703051024],[112.76287147779634,-7.234075619134645],[112.76564289202292,-7.236064609382808],[112.76420098386068,-7.238455788387554],[112.76338606865083,-7.241379121074592],[112.76244294479807,-7.240155870118436],[112.76111168245095,-7.243459438027307]]]],"type":"MultiPolygon"},"properties":{"Kelas":"Tinggi"}},{"type":"Feature","geometry":{"coordinates":[[[[112.77100306706697,-7.241661004460756],[112.77100306706697,-7.24076178767748],[112.7701038502837,-7.24076178767748],[112.77104873041925,-7.236917284672419],[112.7701038502837,-7.2362657037611],[112.76976137514163,-7.234809745336616],[112.76770125544088,-7.232266647871414],[112.76858466567914,-7.229429373040588],[112.77196375374754,-7.228633776941324],[112.77280150063353,-7.22727353592834],[112.77479488158865,-7.226995165107736],[112.77348645091766,-7.225734154071814],[112.77639836776663,-7.22547510236179],[112.77676894343318,-7.230547247029955],[112.77946308121744,-7.232301773527011],[112.78089445168301,-7.232668836627996],[112.77928042780835,-7.235903909508453],[112.78059237104489,-7.236567784399231],[112.78119653232115,-7.239560490256071],[112.78179366846629,-7.24076178767748],[112.77936648566455,-7.243577987114946],[112.77597334733392,-7.24117187970657],[112.77100306706697,-7.241661004460756]]]],"type":"MultiPolygon"},"properties":{"Kelas":"Sangat Rendah"}},{"type":"Feature","geometry":{"coordinates":[[[[112.78359210203284,-7.243459438027307],[112.78359210203284,-7.24256022124403],[112.78474422353642,-7.243009829635669],[112.78359210203284,-7.243459438027307]]]],"type":"MultiPolygon"},"properties":{"Kelas":"Sedang"}},{"type":"Feature","geometry":{"coordinates":[[[[112.6035842,-7.2440437],[112.6035995,-7.2440108],[112.6038436,-7.2433628],[112.6039428,-7.2431973],[112.6040878,-7.2430728],[112.6044921,-7.2427662],[112.6047363,-7.2426551],[112.6049041,-7.2426966],[112.605133,-7.2427953],[112.6052474,-7.2428397],[112.6053924,-7.2427991],[112.6055145,-7.2427071],[112.6055984,-7.2425755],[112.6055907,-7.2424925],[112.6055679,-7.2422927],[112.605606,-7.2422203],[112.6056823,-7.2421563],[112.6057662,-7.242143],[112.605957,-7.2421945],[112.6060485,-7.2421974],[112.6060638,-7.2421516],[112.606163,-7.2417415],[112.60616500938517,-7.241730174973387],[112.60644639572749,-7.241661004460756],[112.60554717894422,-7.243459438027307],[112.60464796216094,-7.243459438027307],[112.60464796216094,-7.244358654810583],[112.60374874537766,-7.244358654810583],[112.60351176303132,-7.244238822227906],[112.6035842,-7.2440437]]]],"type":"MultiPolygon"},"properties":{"Kelas":"Sedang"}},{"type":"Feature","geometry":{"coordinates":[[[[112.60464796216094,-7.244358654810583],[112.60464796216094,-7.243459438027307],[112.60554717894422,-7.243459438027307],[112.60554717894422,-7.244358654810583],[112.60464796216094,-7.244358654810583]]]],"type":"MultiPolygon"},"properties":{"Kelas":"Cukup Rendah"}},{"type":"Feature","geometry":{"coordinates":[[[[112.61094247964387,-7.244358654810583],[112.61094247964387,-7.24256022124403],[112.61184169642715,-7.24256022124403],[112.61184169642715,-7.244358654810583],[112.61094247964387,-7.244358654810583]]]],"type":"MultiPolygon"},"properties":{"Kelas":"Cukup Rendah"}},{"type":"Feature","geometry":{"coordinates":[[[[112.61453934677698,-7.244358654810583],[112.6136401299937,-7.244358654810583],[112.6136401299937,-7.24256022124403],[112.61453934677698,-7.24256022124403],[112.61453934677698,-7.244358654810583]]]],"type":"MultiPolygon"},"properties":{"Kelas":"Cukup Rendah"}},{"type":"Feature","geometry":{"coordinates":[[[[112.61453934677698,-7.244358654810583],[112.61453934677698,-7.24256022124403],[112.61543856356025,-7.24256022124403],[112.61662932328497,-7.24321268029674],[112.61453934677698,-7.244358654810583]]]],"type":"MultiPolygon"},"properties":{"Kelas":"Sangat Rendah"}},{"type":"Feature","geometry":{"coordinates":[[[[112.6657947034237,-7.244358654810583],[112.6657947034237,-7.243459438027307],[112.66669392020697,-7.243459438027307],[112.66669392020697,-7.244358654810583],[112.6657947034237,-7.244358654810583]]]],"type":"MultiPolygon"},"properties":{"Kelas":"Sedang"}},{"type":"Feature","geometry":{"coordinates":[[[[112.67029078734008,-7.244358654810583],[112.66849235377353,-7.244358654810583],[112.66849235377353,-7.243459438027307],[112.6693915705568,-7.243459438027307],[112.67029078734008,-7.243459438027307],[112.67029078734008,-7.244358654810583]]]],"type":"MultiPolygon"},"properties":{"Kelas":"Cukup Rendah"}},{"type":"Feature","geometry":{"coordinates":[[[[112.67119000412336,-7.244358654810583],[112.67029078734008,-7.244358654810583],[112.67029078734008,-7.243459438027307],[112.67119000412336,-7.243459438027307],[112.67119000412336,-7.244358654810583]]]],"type":"MultiPolygon"},"properties":{"Kelas":"Sedang"}},{"type":"Feature","geometry":{"coordinates":[[[[112.67119000412336,-7.244358654810583],[112.67119000412336,-7.243459438027307],[112.67208922090663,-7.243459438027307],[112.67298843768991,-7.243459438027307],[112.67298843768991,-7.244358654810583],[112.67119000412336,-7.244358654810583]]]],"type":"MultiPolygon"},"properties":{"Kelas":"Cukup Rendah"}},{"type":"Feature","geometry":{"coordinates":[[[[112.68737590622231,-7.244358654810583],[112.68557747265577,-7.244358654810583],[112.68557747265577,-7.243459438027307],[112.68737590622231,-7.243459438027307],[112.68737590622231,-7.244358654810583]]]],"type":"MultiPolygon"},"properties":{"Kelas":"Sedang"}},{"type":"Feature","geometry":{"coordinates":[[[[112.69097277335543,-7.244358654810583],[112.68737590622231,-7.244358654810583],[112.68737590622231,-7.243459438027307],[112.6882751230056,-7.243459438027307],[112.69097277335543,-7.243459438027307],[112.69097277335543,-7.244358654810583]]]],"type":"MultiPolygon"},"properties":{"Kelas":"Cukup Rendah"}},{"type":"Feature","geometry":{"coordinates":[[[[112.69277120692198,-7.244358654810583],[112.69097277335543,-7.244358654810583],[112.69097277335543,-7.243459438027307],[112.6882751230056,-7.243459438027307],[112.6878834719457,-7.242951872303934],[112.68340846342267,-7.239498142217387],[112.68277971418749,-7.235239156476286],[112.68377903908922,-7.234467270194548],[112.6841461021902,-7.23679785744339],[112.68610962633807,-7.237531983645361],[112.68703167479748,-7.241128850778464],[112.68902505575258,-7.240304276013331],[112.68832078635788,-7.237164920544375],[112.6891550206783,-7.233446869899463],[112.68700884312133,-7.230338249379153],[112.68341197598824,-7.229415322778351],[112.6841461021902,-7.22674138224605],[112.68467825587248,-7.226374319145066],[112.68538428154999,-7.227770563955035],[112.68737590622231,-7.228172752711616],[112.68737590622231,-7.229071969494893],[112.6882751230056,-7.229071969494893],[112.6882751230056,-7.229971186278169],[112.68917433978888,-7.229971186278169],[112.69007355657214,-7.229971186278169],[112.69229349800585,-7.230541100040226],[112.69277120692198,-7.233568053411272],[112.69187199013871,-7.233568053411272],[112.69187199013871,-7.234467270194548],[112.69136442441533,-7.234858921254451],[112.68987685290081,-7.238494426608712],[112.6914803390788,-7.241153438737383],[112.69277120692198,-7.244358654810583]]]],"type":"MultiPolygon"},"properties":{"Kelas":"Sedang"}},{"type":"Feature","geometry":{"coordinates":[[[[112.69764489163602,-7.228927954306947],[112.69816650762164,-7.228172752711616],[112.6990657244049,-7.228172752711616],[112.6990657244049,-7.230870403061445],[112.69996494118818,-7.230870403061445],[112.69883740764352,-7.233137764130213],[112.7002670218263,-7.235963623122968],[112.70266259153802,-7.2362657037611],[112.70296467217614,-7.238661273472795],[112.70912395588502,-7.239315488808284],[112.70985632580422,-7.24076178767748],[112.7071586754544,-7.24076178767748],[112.70608909924147,-7.239474432399859],[112.70266259153802,-7.24076178767748],[112.70224635251918,-7.241244765441934],[112.69636807405507,-7.24256022124403],[112.69570068659874,-7.244774893829405],[112.69325945353478,-7.240796913333076],[112.69823500265005,-7.237680389540257],[112.69685105181954,-7.233085075646818],[112.69406909989627,-7.229533871865989],[112.69456964048852,-7.228172752711616],[112.69764489163602,-7.228927954306947]],[[112.70196183470885,-7.23958068750804],[112.69873027439397,-7.240358720779508],[112.70266259153802,-7.24076178767748],[112.70196183470885,-7.23958068750804]],[[112.69606072456861,-7.241464300789413],[112.69527215360046,-7.24225199361617],[112.69636807405507,-7.24256022124403],[112.69606072456861,-7.241464300789413]]]],"type":"MultiPolygon"},"properties":{"Kelas":"Sedang"}},{"type":"Feature","geometry":{"coordinates":[[[[112.73773204608577,-7.244358654810583],[112.73460937530322,-7.241466057072193],[112.73773204608577,-7.24256022124403],[112.73773204608577,-7.244358654810583]]]],"type":"MultiPolygon"},"properties":{"Kelas":"Sangat Rendah"}},{"type":"Feature","geometry":{"coordinates":[[[[112.7512202978349,-7.244358654810583],[112.75012437738029,-7.244050427182721],[112.75091294834844,-7.243262734355966],[112.7512202978349,-7.244358654810583]]]],"type":"MultiPolygon"},"properties":{"Kelas":"Cukup Rendah"}},{"type":"Feature","geometry":{"coordinates":[[[[112.79168505308232,-7.244358654810583],[112.79097024599093,-7.243996860557937],[112.79168505308232,-7.24256022124403],[112.79293903898713,-7.243459438027307],[112.79168505308232,-7.244358654810583]]]],"type":"MultiPolygon"},"properties":{"Kelas":"Sangat Rendah"}},{"type":"Feature","geometry":{"coordinates":[[[[112.603012,-7.2451485],[112.6030883,-7.2447608],[112.6031036,-7.2446922],[112.6031646,-7.244707],[112.6033248,-7.2447527],[112.6033325,-7.2447217],[112.60351176303132,-7.244238822227906],[112.60374874537766,-7.244358654810583],[112.60374874537766,-7.245257871593859],[112.6030064880953,-7.245257871593859],[112.603012,-7.2451485]]],[[[112.6045455,-7.2380632],[112.6044894,-7.2378954],[112.6044769,-7.2378581],[112.6043548,-7.2377146],[112.6041869,-7.2375554],[112.6041564,-7.2375368],[112.6040725,-7.2374962],[112.6039581,-7.2374023],[112.6038665,-7.237234],[112.6038665,-7.2371963],[112.6038665,-7.237183],[112.6038665,-7.237164920544375],[112.60464796216094,-7.237164920544375],[112.60464796216094,-7.238064137327651],[112.60454696187291,-7.238078054926866],[112.6045455,-7.2380632]]]],"type":"MultiPolygon"},"properties":{"Kelas":"Cukup Rendah"}},{"type":"Feature","geometry":{"coordinates":[[[[112.60824482929404,-7.241661004460756],[112.61004326286059,-7.241661004460756],[112.61004326286059,-7.24256022124403],[112.61094247964387,-7.24256022124403],[112.61094247964387,-7.244358654810583],[112.60955150368224,-7.244905736896502],[112.60824482929404,-7.241661004460756]]]],"type":"MultiPolygon"},"properties":{"Kelas":"Sangat Rendah"}},{"type":"Feature","geometry":{"coordinates":[[[[112.61453934677698,-7.245257871593859],[112.61094247964387,-7.245257871593859],[112.61094247964387,-7.244358654810583],[112.61184169642715,-7.244358654810583],[112.61184169642715,-7.24256022124403],[112.6136401299937,-7.24256022124403],[112.6136401299937,-7.244358654810583],[112.61453934677698,-7.244358654810583],[112.61453934677698,-7.245257871593859]]]],"type":"MultiPolygon"},"properties":{"Kelas":"Sedang"}},{"type":"Feature","geometry":{"coordinates":[[[[112.63072524887593,-7.245257871593859],[112.62824889015637,-7.245037458104989],[112.62769214851517,-7.243324204253259],[112.62650841392156,-7.244553602199145],[112.62622916495955,-7.24256022124403],[112.62622916495955,-7.241661004460756],[112.62769566108072,-7.241285159945871],[112.6268702081742,-7.237608381946284],[112.62569701127727,-7.23679785744339],[112.62532994817629,-7.232668836627996],[112.62622916495955,-7.232668836627996],[112.62712838174284,-7.232668836627996],[112.62712838174284,-7.233568053411272],[112.6280275985261,-7.233568053411272],[112.62892681530938,-7.233568053411272],[112.62892681530938,-7.234467270194548],[112.62982603209267,-7.234467270194548],[112.63072524887593,-7.234467270194548],[112.63172457377766,-7.235715987251011],[112.6361205495756,-7.2362657037611],[112.6361205495756,-7.237164920544375],[112.63342289922576,-7.237164920544375],[112.63342289922576,-7.238064137327651],[112.63058825881912,-7.238791238398504],[112.62945896899168,-7.242903574527489],[112.63305583612478,-7.243826501128293],[112.63378996232674,-7.244774893829405],[112.63072524887593,-7.245257871593859]]]],"type":"MultiPolygon"},"properties":{"Kelas":"Sangat Rendah"}},{"type":"Feature","geometry":{"coordinates":[[[[112.63522133279233,-7.243459438027307],[112.6363892608409,-7.243959978619561],[112.63558137076218,-7.245502873041646],[112.63522133279233,-7.243459438027307]]]],"type":"MultiPolygon"},"properties":{"Kelas":"Cukup Tinggi"}},{"type":"Feature","geometry":{"coordinates":[[[[112.66489548664042,-7.245257871593859],[112.66489548664042,-7.244358654810583],[112.6657947034237,-7.244358654810583],[112.6657947034237,-7.245257871593859],[112.66489548664042,-7.245257871593859]]]],"type":"MultiPolygon"},"properties":{"Kelas":"Sedang"}},{"type":"Feature","geometry":{"coordinates":[[[[112.72604222790318,-7.243459438027307],[112.72537484044685,-7.245674110612679],[112.72112990496798,-7.244268206247421],[112.72249102412235,-7.242155398063279],[112.72604222790318,-7.243459438027307]]]],"type":"MultiPolygon"},"properties":{"Kelas":"Cukup Tinggi"}},{"type":"Feature","geometry":{"coordinates":[[[[112.73773204608577,-7.244358654810583],[112.73882796654038,-7.244666882438445],[112.73803939557224,-7.2454545752652],[112.73773204608577,-7.244358654810583]]]],"type":"MultiPolygon"},"properties":{"Kelas":"Sangat Rendah"}},{"type":"Feature","geometry":{"coordinates":[[[[112.76470854958404,-7.245257871593859],[112.76361262912943,-7.244949643965997],[112.76440120009758,-7.244161951139242],[112.76470854958404,-7.245257871593859]]]],"type":"MultiPolygon"},"properties":{"Kelas":"Cukup Rendah"}},{"type":"Feature","geometry":{"coordinates":[[[[112.76683716431322,-7.243619259760273],[112.7665069831506,-7.238064137327651],[112.76505804985723,-7.239182889458407],[112.76557790956006,-7.242700723866418],[112.76111168245095,-7.243459438027307],[112.76040565677346,-7.244855682837276],[112.75841403210111,-7.245257871593859],[112.75900414311513,-7.243723758585672],[112.75365626205054,-7.244389389759229],[112.75531594927749,-7.243059883694894],[112.7561168142251,-7.241802385224531],[112.75481716496802,-7.24076178767748],[112.75532824325694,-7.237586428411536],[112.75355966649765,-7.234575281585508],[112.75481716496802,-7.233568053411272],[112.7551754466551,-7.22943112932337],[112.75694753597995,-7.226779142325817],[112.7560465629139,-7.223203350586072],[112.75661559853457,-7.221878235228685],[112.7593132488844,-7.221878235228685],[112.7593132488844,-7.222777452011961],[112.76111168245095,-7.222777452011961],[112.76430811711025,-7.226773873477477],[112.76470854958404,-7.228172752711616],[112.76417639590176,-7.228539815812603],[112.7634422696998,-7.231402556743735],[112.7589461857834,-7.232556434530087],[112.76064626751429,-7.234163433273636],[112.76350022703153,-7.23230528609257],[112.7665069831506,-7.233568053411272],[112.7665069831506,-7.234467270194548],[112.76740619993387,-7.234467270194548],[112.76740619993387,-7.235366486977824],[112.76830541671715,-7.235366486977824],[112.76860749735528,-7.236862839906244],[112.76920463350042,-7.238064137327651],[112.76791727822281,-7.239133713540571],[112.76920463350042,-7.24256022124403],[112.76980176964557,-7.243761518665439],[112.7701038502837,-7.245257871593859],[112.76683716431322,-7.243619259760273]],[[112.76764856695749,-7.237575890714858],[112.7668722899688,-7.235996114354394],[112.7665069831506,-7.238064137327651],[112.76764856695749,-7.237575890714858]],[[112.76244294479807,-7.240155870118436],[112.76338606865083,-7.241379121074592],[112.76420098386068,-7.238455788387554],[112.76564289202292,-7.236064609382808],[112.76287147779634,-7.234075619134645],[112.76161924817431,-7.238571703051024],[112.76060411672756,-7.239355005170831],[112.75961181695696,-7.240640604165671],[112.75988930963618,-7.242515436033145],[112.76111168245095,-7.243459438027307],[112.76244294479807,-7.240155870118436]],[[112.75533702467084,-7.235593047456423],[112.75820152188476,-7.233726997002847],[112.75773435066532,-7.231640533060402],[112.75481716496802,-7.233568053411272],[112.75533702467084,-7.235593047456423]],[[112.75781689595597,-7.223079532650093],[112.75721273467971,-7.225311768063264],[112.75991038502954,-7.226676399783196],[112.76021246566766,-7.228172752711616],[112.76161046676042,-7.228572307044029],[112.7624745578881,-7.229651542812238],[112.76331054849129,-7.227774076520594],[112.7593132488844,-7.222777452011961],[112.75781689595597,-7.223079532650093]],[[112.75816815251194,-7.228532790681482],[112.75971192507541,-7.229341558901597],[112.76021246566766,-7.228172752711616],[112.75816815251194,-7.228532790681482]],[[112.75985242769781,-7.236020702313313],[112.75904453761908,-7.237563596735399],[112.76021246566766,-7.238064137327651],[112.75985242769781,-7.236020702313313]]]],"type":"MultiPolygon"},"properties":{"Kelas":"Cukup Tinggi"}},{"type":"Feature","geometry":{"coordinates":[[[[112.7889874027325,-7.245257871593859],[112.78836216606288,-7.242713017845876],[112.78988661951577,-7.241661004460756],[112.78988661951577,-7.245257871593859],[112.7889874027325,-7.245257871593859]]]],"type":"MultiPolygon"},"properties":{"Kelas":"Sedang"}},{"type":"Feature","geometry":{"coordinates":[[[[112.63432211600905,-7.246157088377135],[112.63072524887593,-7.246157088377135],[112.63072524887593,-7.245257871593859],[112.63378996232674,-7.244774893829405],[112.63305583612478,-7.243826501128293],[112.62945896899168,-7.242903574527489],[112.63058825881912,-7.238791238398504],[112.63342289922576,-7.238064137327651],[112.6325236824425,-7.239862570894203],[112.63162446565921,-7.239862570894203],[112.63162446565921,-7.24076178767748],[112.63030549729156,-7.241939375281358],[112.6347963123596,-7.242984363535362],[112.63522133279233,-7.243459438027307],[112.63432211600905,-7.243459438027307],[112.63432211600905,-7.246157088377135]]]],"type":"MultiPolygon"},"properties":{"Kelas":"Cukup Rendah"}},{"type":"Feature","geometry":{"coordinates":[[[[112.69996494118818,-7.246157088377135],[112.6990657244049,-7.246157088377135],[112.69831403537513,-7.245069071195026],[112.69497885437623,-7.245817247659236],[112.69277120692198,-7.244358654810583],[112.6914803390788,-7.241153438737383],[112.68987685290081,-7.238494426608712],[112.69136442441533,-7.234858921254451],[112.69187199013871,-7.234467270194548],[112.69131524849749,-7.238918568900042],[112.69509301275691,-7.238448763256436],[112.69676850652888,-7.236948019621066],[112.69465218577918,-7.23144295124767],[112.69326999123145,-7.233168499078859],[112.69277120692198,-7.233568053411272],[112.69229349800585,-7.230541100040226],[112.69007355657214,-7.229971186278169],[112.69007355657214,-7.229071969494893],[112.69187199013871,-7.229071969494893],[112.69187199013871,-7.228172752711616],[112.69277120692198,-7.228172752711616],[112.69456964048852,-7.228172752711616],[112.69406909989627,-7.229533871865989],[112.69685105181954,-7.233085075646818],[112.69823500265005,-7.237680389540257],[112.69325945353478,-7.240796913333076],[112.69570068659874,-7.244774893829405],[112.69636807405507,-7.24256022124403],[112.70224635251918,-7.241244765441934],[112.70266259153802,-7.24076178767748],[112.70608909924147,-7.239474432399859],[112.7071586754544,-7.24076178767748],[112.70452425128464,-7.241145535464874],[112.70608909924147,-7.242110612852393],[112.70427134656434,-7.243231121265929],[112.70119258285129,-7.242272190868139],[112.69692481569629,-7.243782594058796],[112.69962246604612,-7.24470112995265],[112.69996494118818,-7.246157088377135]]]],"type":"MultiPolygon"},"properties":{"Kelas":"Cukup Tinggi"}},{"type":"Feature","geometry":{"coordinates":[[[[112.71615084328715,-7.246157088377135],[112.71505492283254,-7.245848860749273],[112.71584349380068,-7.245061167922517],[112.71615084328715,-7.246157088377135]]]],"type":"MultiPolygon"},"properties":{"Kelas":"Sedang"}},{"type":"Feature","geometry":{"coordinates":[[[[112.71780174910019,-7.243740443272081],[112.71589091343573,-7.244168976270361],[112.71346021806843,-7.242585687344338],[112.70985632580422,-7.241661004460756],[112.70985632580422,-7.24076178767748],[112.71345319293732,-7.24076178767748],[112.71345319293732,-7.2362657037611],[112.71435240972059,-7.2362657037611],[112.71469488486267,-7.236822445402307],[112.71830228969245,-7.238050965206803],[112.71884849363698,-7.237164920544375],[112.72064692720353,-7.237164920544375],[112.72064692720353,-7.2362657037611],[112.72359572599088,-7.235541237114418],[112.7248918626824,-7.240587037540886],[112.72784066146974,-7.239862570894203],[112.72640929100417,-7.242028067561741],[112.72604222790318,-7.243459438027307],[112.72733309574636,-7.244456128504863],[112.7261370671733,-7.246454778308317],[112.71884849363698,-7.245257871593859],[112.71780174910019,-7.243740443272081]],[[112.72249102412235,-7.242155398063279],[112.72112990496798,-7.244268206247421],[112.72537484044685,-7.245674110612679],[112.72604222790318,-7.243459438027307],[112.72249102412235,-7.242155398063279]],[[112.72098237721448,-7.241995576330314],[112.72210991075913,-7.241326432591196],[112.72278081078103,-7.239434037895924],[112.71882741824362,-7.238628782241369],[112.71761382684275,-7.242130810104362],[112.72064692720353,-7.24256022124403],[112.72098237721448,-7.241995576330314]]]],"type":"MultiPolygon"},"properties":{"Kelas":"Sedang"}},{"type":"Feature","geometry":{"coordinates":[[[[112.75841403210111,-7.245257871593859],[112.75791349150886,-7.246426677783839],[112.7563697189454,-7.245617909563725],[112.75841403210111,-7.245257871593859]]]],"type":"MultiPolygon"},"properties":{"Kelas":"Cukup Rendah"}},{"type":"Feature","geometry":{"coordinates":[[[[112.7629101160175,-7.246157088377135],[112.7609149787796,-7.245866423577072],[112.76262735448995,-7.244213761481246],[112.7629101160175,-7.246157088377135]]]],"type":"MultiPolygon"},"properties":{"Kelas":"Cukup Rendah"}},{"type":"Feature","geometry":{"coordinates":[[[[112.6019974,-7.2464905],[112.6019897,-7.2464856],[112.6020278,-7.2463272],[112.6021957,-7.2460688],[112.6022949,-7.2460121],[112.6024398,-7.2458475],[112.60261486614596,-7.245703618855467],[112.60214923629877,-7.246588094538302],[112.6019974,-7.2464905]]]],"type":"MultiPolygon"},"properties":{"Kelas":"Sangat Rendah"}},{"type":"Feature","geometry":{"coordinates":[[[[112.616127,-7.2083116],[112.61629630084283,-7.208232103112012],[112.61686115261192,-7.208014138964662],[112.61691225458777,-7.207942875928898],[112.6187469,-7.2070814],[112.6197395,-7.2066153],[112.620903,-7.206069],[112.62417654645515,-7.204166210866298],[112.62384062037899,-7.205242724738081],[112.62422875887333,-7.206487051087596],[112.61959217233456,-7.208066827448057],[112.62027712261869,-7.20984594190403],[112.62083386425991,-7.210188417046099],[112.62125185956151,-7.213614046608168],[112.62263229782646,-7.210188417046099],[112.6267138990068,-7.209678216898556],[112.62960298417963,-7.21178839065853],[112.63359150237264,-7.211292240773226],[112.63579563726132,-7.212588377464744],[112.64082914370833,-7.211962262653733],[112.64191803903184,-7.216994012817961],[112.64287872571241,-7.216874585588933],[112.64511271740835,-7.217382151312306],[112.64471228493454,-7.218781030546445],[112.64291385136801,-7.220221182425911],[112.64372174144673,-7.221490096734343],[112.64781036775818,-7.22097901844541],[112.64781036775818,-7.221878235228685],[112.64870958454145,-7.221878235228685],[112.64870958454145,-7.223676668795237],[112.64960880132473,-7.223676668795237],[112.64960880132473,-7.22547510236179],[112.65050801810801,-7.22547510236179],[112.65050801810801,-7.226374319145066],[112.65230645167456,-7.226374319145066],[112.65230645167456,-7.228172752711616],[112.65410488524111,-7.228172752711616],[112.65410488524111,-7.229071969494893],[112.65500410202439,-7.229071969494893],[112.65500410202439,-7.229971186278169],[112.65680253559094,-7.229971186278169],[112.65680253559094,-7.230870403061445],[112.65770175237421,-7.230870403061445],[112.6585043736046,-7.231873240528731],[112.66353963633439,-7.235899518801505],[112.66553828613785,-7.234723687480404],[112.67078957164955,-7.236665258093513],[112.67159043659716,-7.237664582995238],[112.67298843768991,-7.238064137327651],[112.67298843768991,-7.24076178767748],[112.67082294102237,-7.242193158143046],[112.6693915705568,-7.24256022124403],[112.67006773942704,-7.241198223948269],[112.66910002761534,-7.239560490256071],[112.6681902731354,-7.241358923822624],[112.6669960008451,-7.241963085098886],[112.66669392020697,-7.24256022124403],[112.6657947034237,-7.24256022124403],[112.6657947034237,-7.243459438027307],[112.66526254974141,-7.243092374926322],[112.663486947851,-7.240519420653863],[112.65988481186955,-7.241327310732586],[112.65913312283979,-7.239837982935287],[112.66093155640633,-7.238596291009943],[112.6616656826083,-7.236767122494744],[112.6569202065372,-7.235898640660114],[112.65590331880766,-7.239862570894203],[112.65500410202439,-7.239862570894203],[112.65500410202439,-7.24076178767748],[112.65375011611958,-7.241661004460756],[112.65500410202439,-7.24256022124403],[112.65596478870495,-7.243900265005045],[112.66077524723893,-7.245169179313477],[112.65993047522183,-7.246869261044358],[112.65815136076586,-7.24651800448839],[112.65713447303634,-7.246719098866683],[112.65296681399978,-7.245619665846505],[112.65133873986287,-7.241401074609339],[112.64988629400395,-7.24342694679588],[112.6436620278322,-7.242179107880807],[112.6441327116172,-7.239794954007179],[112.64030577143994,-7.240551033743898],[112.63934157219381,-7.235742331492709],[112.63829482765703,-7.23499064246294],[112.63571836081901,-7.230296976733827],[112.63432211600905,-7.230870403061445],[112.6321566193415,-7.227640599029327],[112.62792573412489,-7.225225710207052],[112.62726361551688,-7.222271642571368],[112.63072524887593,-7.221878235228685],[112.63162446565921,-7.221878235228685],[112.63342289922576,-7.221878235228685],[112.63342289922576,-7.22097901844541],[112.63432211600905,-7.22097901844541],[112.63432211600905,-7.218281368095582],[112.63342289922576,-7.218281368095582],[112.63342289922576,-7.217382151312306],[112.63162446565921,-7.217382151312306],[112.63075334940041,-7.216120262134995],[112.62622916495955,-7.21713451544035],[112.62350165780248,-7.216522450891576],[112.62083913310825,-7.218256780136665],[112.62230738551219,-7.220511847225973],[112.62173308104317,-7.221878235228685],[112.62083386425991,-7.221878235228685],[112.62083386425991,-7.222777452011961],[112.61909163174231,-7.223494015386134],[112.6177603693952,-7.216858779043914],[112.6167136248584,-7.216107090014145],[112.61468687453048,-7.212613843565052],[112.61507852559038,-7.210638025437737],[112.61472200018608,-7.208839591871184],[112.61600220732494,-7.208345587474416],[112.616127,-7.2083116]],[[112.64205502908865,-7.222532450564174],[112.64124713900993,-7.224075344986259],[112.64241506705852,-7.224575885578513],[112.64205502908865,-7.222532450564174]],[[112.61958690348622,-7.211795415789648],[112.61787979662422,-7.215169235009713],[112.61993464747663,-7.215583717745755],[112.61958690348622,-7.211795415789648]],[[112.64210771757206,-7.219883097990792],[112.6413191466039,-7.220670790817548],[112.64241506705852,-7.22097901844541],[112.64210771757206,-7.219883097990792]],[[112.65174092861946,-7.233513608645097],[112.65014095500702,-7.232326361485928],[112.64926632618267,-7.235500842610481],[112.65050801810801,-7.2362657037611],[112.65174092861946,-7.233513608645097]]]],"type":"MultiPolygon"},"properties":{"Kelas":"Tinggi"}},{"type":"Feature","geometry":{"coordinates":[[[[112.71255397615404,-7.247056305160411],[112.71145805569942,-7.246748077532549],[112.71224662666758,-7.245960384705793],[112.71255397615404,-7.247056305160411]]]],"type":"MultiPolygon"},"properties":{"Kelas":"Cukup Rendah"}},{"type":"Feature","geometry":{"coordinates":[[[[112.71884849363698,-7.247056305160411],[112.71759450773217,-7.246157088377135],[112.71884849363698,-7.245257871593859],[112.71884849363698,-7.247056305160411]]]],"type":"MultiPolygon"},"properties":{"Kelas":"Sedang"}},{"type":"Feature","geometry":{"coordinates":[[[[112.76021246566766,-7.247056305160411],[112.75911654521305,-7.246748077532549],[112.7599051161812,-7.245960384705793],[112.76021246566766,-7.247056305160411]]]],"type":"MultiPolygon"},"properties":{"Kelas":"Cukup Tinggi"}},{"type":"Feature","geometry":{"coordinates":[[[[112.77999523489973,-7.246157088377135],[112.77968788541327,-7.247253008831752],[112.77889931444511,-7.246465316004995],[112.77999523489973,-7.246157088377135]]]],"type":"MultiPolygon"},"properties":{"Kelas":"Sangat Rendah"}},{"type":"Feature","geometry":{"coordinates":[[[[112.78359210203284,-7.247056305160411],[112.78269288524956,-7.247056305160411],[112.78269288524956,-7.245257871593859],[112.78269288524956,-7.243459438027307],[112.78359210203284,-7.243459438027307],[112.78359210203284,-7.247056305160411]]]],"type":"MultiPolygon"},"properties":{"Kelas":"Sedang"}},{"type":"Feature","geometry":{"coordinates":[[[[112.78808818594922,-7.247056305160411],[112.78359210203284,-7.247056305160411],[112.78359210203284,-7.243459438027307],[112.78474422353642,-7.243009829635669],[112.78359210203284,-7.24256022124403],[112.78359210203284,-7.241661004460756],[112.78359210203284,-7.239862570894203],[112.78359210203284,-7.235366486977824],[112.78449131881612,-7.235366486977824],[112.78484257537208,-7.237783132082878],[112.78773341682769,-7.238683227007543],[112.7884306610913,-7.234809745336616],[112.7889874027325,-7.234467270194548],[112.7889874027325,-7.238963354110927],[112.78988661951577,-7.238963354110927],[112.78988661951577,-7.241661004460756],[112.78836216606288,-7.242713017845876],[112.7889874027325,-7.245257871593859],[112.78808818594922,-7.245257871593859],[112.78808818594922,-7.247056305160411]]]],"type":"MultiPolygon"},"properties":{"Kelas":"Cukup Tinggi"}},{"type":"Feature","geometry":{"coordinates":[[[[112.78808818594922,-7.247056305160411],[112.78808818594922,-7.245257871593859],[112.7889874027325,-7.245257871593859],[112.7889874027325,-7.247056305160411],[112.78808818594922,-7.247056305160411]]]],"type":"MultiPolygon"},"properties":{"Kelas":"Sedang"}},{"type":"Feature","geometry":{"coordinates":[[[[112.61453934677698,-7.247955521943686],[112.61453934677698,-7.246157088377135],[112.61579333268178,-7.247056305160411],[112.61453934677698,-7.247955521943686]]]],"type":"MultiPolygon"},"properties":{"Kelas":"Sedang"}},{"type":"Feature","geometry":{"coordinates":[[[[112.63342289922576,-7.247955521943686],[112.6313557543939,-7.247591093266871],[112.63293465261297,-7.246813938136793],[112.63342289922576,-7.247955521943686]]]],"type":"MultiPolygon"},"properties":{"Kelas":"Cukup Tinggi"}},{"type":"Feature","geometry":{"coordinates":[[[[112.66489548664042,-7.247955521943686],[112.66310583448777,-7.247050158170682],[112.66399626985715,-7.245257871593859],[112.66489548664042,-7.245257871593859],[112.6657947034237,-7.245257871593859],[112.6657947034237,-7.244358654810583],[112.66669392020697,-7.244358654810583],[112.66669392020697,-7.243459438027307],[112.66759313699025,-7.243459438027307],[112.66719094823367,-7.24545106269964],[112.66519756727855,-7.246459169015267],[112.66489548664042,-7.247955521943686]]]],"type":"MultiPolygon"},"properties":{"Kelas":"Cukup Rendah"}},{"type":"Feature","geometry":{"coordinates":[[[[112.6990657244049,-7.246157088377135],[112.69843697516973,-7.248355076276098],[112.69691252171683,-7.246772665491466],[112.6990657244049,-7.246157088377135]]]],"type":"MultiPolygon"},"properties":{"Kelas":"Cukup Rendah"}},{"type":"Feature","geometry":{"coordinates":[[[[112.72514301111991,-7.247955521943686],[112.72307586628804,-7.247591093266871],[112.72465476450711,-7.246813938136793],[112.72514301111991,-7.247955521943686]]]],"type":"MultiPolygon"},"properties":{"Kelas":"Sangat Rendah"}},{"type":"Feature","geometry":{"coordinates":[[[[112.75032108105164,-7.247955521943686],[112.74942186426836,-7.247955521943686],[112.74987147266,-7.246803400440115],[112.75032108105164,-7.247955521943686]]]],"type":"MultiPolygon"},"properties":{"Kelas":"Cukup Tinggi"}},{"type":"Feature","geometry":{"coordinates":[[[[112.78179366846629,-7.247955521943686],[112.78089445168301,-7.247955521943686],[112.78089445168301,-7.246157088377135],[112.77999523489973,-7.246157088377135],[112.77999523489973,-7.245257871593859],[112.78179366846629,-7.245257871593859],[112.78179366846629,-7.247955521943686]]]],"type":"MultiPolygon"},"properties":{"Kelas":"Sangat Rendah"}},{"type":"Feature","geometry":{"coordinates":[[[[112.78359210203284,-7.247056305160411],[112.78808818594922,-7.247056305160411],[112.78808818594922,-7.247955521943686],[112.78359210203284,-7.247955521943686],[112.78359210203284,-7.247056305160411]]]],"type":"MultiPolygon"},"properties":{"Kelas":"Sedang"}},{"type":"Feature","geometry":{"coordinates":[[[[112.61277,-7.2481111],[112.61184169642715,-7.248087619763215],[112.61184169642715,-7.247056305160411],[112.61309568233195,-7.247955521943686],[112.61287590805408,-7.248113119184961],[112.61277,-7.2481111]]]],"type":"MultiPolygon"},"properties":{"Kelas":"Tinggi"}},{"type":"Feature","geometry":{"coordinates":[[[[112.75032108105164,-7.248854738726962],[112.74942186426836,-7.248854738726962],[112.74942186426836,-7.247955521943686],[112.75032108105164,-7.247955521943686],[112.75032108105164,-7.248854738726962]]]],"type":"MultiPolygon"},"properties":{"Kelas":"Sedang"}},{"type":"Feature","geometry":{"coordinates":[[[[112.78269288524956,-7.248854738726962],[112.78269288524956,-7.247955521943686],[112.78179366846629,-7.247955521943686],[112.78179366846629,-7.245257871593859],[112.78269288524956,-7.245257871593859],[112.78269288524956,-7.247056305160411],[112.78359210203284,-7.247056305160411],[112.78359210203284,-7.247955521943686],[112.78808818594922,-7.247955521943686],[112.78808818594922,-7.247056305160411],[112.7889874027325,-7.247056305160411],[112.7889874027325,-7.245257871593859],[112.78988661951577,-7.245257871593859],[112.78988661951577,-7.241661004460756],[112.79168505308232,-7.24076178767748],[112.79168505308232,-7.24256022124403],[112.79097024599093,-7.243996860557937],[112.79168505308232,-7.244358654810583],[112.79168505308232,-7.245257871593859],[112.79049078079204,-7.245862032870122],[112.78914195561713,-7.248529826412693],[112.78269288524956,-7.248854738726962]]]],"type":"MultiPolygon"},"properties":{"Kelas":"Cukup Rendah"}},{"type":"Feature","geometry":{"coordinates":[[[[112.63102732951407,-7.249451874872106],[112.62982603209267,-7.248854738726962],[112.62982603209267,-7.246157088377135],[112.63072524887593,-7.246157088377135],[112.63432211600905,-7.246157088377135],[112.63432211600905,-7.247955521943686],[112.63342289922576,-7.247955521943686],[112.63342289922576,-7.249753955510238],[112.6325236824425,-7.249753955510238],[112.63102732951407,-7.249451874872106]],[[112.63293465261297,-7.246813938136793],[112.6313557543939,-7.247591093266871],[112.63342289922576,-7.247955521943686],[112.63293465261297,-7.246813938136793]]]],"type":"MultiPolygon"},"properties":{"Kelas":"Sedang"}},{"type":"Feature","geometry":{"coordinates":[[[[112.6361205495756,-7.249753955510238],[112.63522133279233,-7.249753955510238],[112.63522133279233,-7.248854738726962],[112.6361205495756,-7.248854738726962],[112.6361205495756,-7.249753955510238]]]],"type":"MultiPolygon"},"properties":{"Kelas":"Sangat Rendah"}},{"type":"Feature","geometry":{"coordinates":[[[[112.63791898314214,-7.249753955510238],[112.63701976635886,-7.249753955510238],[112.63701976635886,-7.248854738726962],[112.63791898314214,-7.248854738726962],[112.63791898314214,-7.249753955510238]]]],"type":"MultiPolygon"},"properties":{"Kelas":"Sedang"}},{"type":"Feature","geometry":{"coordinates":[[[[112.6469111509749,-7.249753955510238],[112.64511271740835,-7.249753955510238],[112.64391141998695,-7.249156819365094],[112.64151585027525,-7.248854738726962],[112.64151585027525,-7.247955521943686],[112.64061663349197,-7.247955521943686],[112.64061663349197,-7.247056305160411],[112.64643519834158,-7.248045092365459],[112.6469111509749,-7.249753955510238]]]],"type":"MultiPolygon"},"properties":{"Kelas":"Sangat Rendah"}},{"type":"Feature","geometry":{"coordinates":[[[[112.6469111509749,-7.249753955510238],[112.64643519834158,-7.248045092365459],[112.64061663349197,-7.247056305160411],[112.63791898314214,-7.247056305160411],[112.63791898314214,-7.248854738726962],[112.63701976635886,-7.248854738726962],[112.63701976635886,-7.249753955510238],[112.6361205495756,-7.249753955510238],[112.6361205495756,-7.248854738726962],[112.63522133279233,-7.248854738726962],[112.63432211600905,-7.248854738726962],[112.63432211600905,-7.247955521943686],[112.63432211600905,-7.246157088377135],[112.6366685098029,-7.245805831821167],[112.63836859153378,-7.243151210399446],[112.64009853007192,-7.245853251456223],[112.64315446210884,-7.244994429176883],[112.64906084109742,-7.247071233564039],[112.64835832798549,-7.24940269895427],[112.6469111509749,-7.249753955510238]]]],"type":"MultiPolygon"},"properties":{"Kelas":"Cukup Rendah"}},{"type":"Feature","geometry":{"coordinates":[[[[112.6882751230056,-7.249753955510238],[112.68877039474951,-7.247653441305555],[112.69196156056047,-7.246566302264837],[112.69097277335543,-7.244358654810583],[112.69277120692198,-7.244358654810583],[112.69353167736564,-7.247636756619146],[112.6882751230056,-7.249753955510238]]]],"type":"MultiPolygon"},"properties":{"Kelas":"Cukup Rendah"}},{"type":"Feature","geometry":{"coordinates":[[[[112.70356180832128,-7.249753955510238],[112.7014612941166,-7.249259561907715],[112.70052168282939,-7.246499563519203],[112.69996494118818,-7.246157088377135],[112.69962246604612,-7.24470112995265],[112.69692481569629,-7.243782594058796],[112.70119258285129,-7.242272190868139],[112.70427134656434,-7.243231121265929],[112.70608909924147,-7.242110612852393],[112.70452425128464,-7.241145535464874],[112.7071586754544,-7.24076178767748],[112.7071586754544,-7.241661004460756],[112.70985632580422,-7.241661004460756],[112.70946467474431,-7.243967003750679],[112.70462084683753,-7.245948968867724],[112.70356180832128,-7.249753955510238]]]],"type":"MultiPolygon"},"properties":{"Kelas":"Tinggi"}},{"type":"Feature","geometry":{"coordinates":[[[[112.6325236824425,-7.250653172293514],[112.62982603209267,-7.250653172293514],[112.62982603209267,-7.248854738726962],[112.63102732951407,-7.249451874872106],[112.6325236824425,-7.249753955510238],[112.6325236824425,-7.250653172293514]]]],"type":"MultiPolygon"},"properties":{"Kelas":"Cukup Rendah"}},{"type":"Feature","geometry":{"coordinates":[[[[112.63881819992542,-7.250653172293514],[112.63791898314214,-7.250653172293514],[112.63791898314214,-7.249753955510238],[112.63791898314214,-7.248854738726962],[112.63954881356183,-7.249184041748181],[112.63881819992542,-7.250653172293514]]]],"type":"MultiPolygon"},"properties":{"Kelas":"Cukup Tinggi"}},{"type":"Feature","geometry":{"coordinates":[[[[112.64151585027525,-7.250653172293514],[112.63881819992542,-7.250653172293514],[112.63954881356183,-7.249184041748181],[112.63791898314214,-7.248854738726962],[112.63791898314214,-7.247056305160411],[112.64061663349197,-7.247056305160411],[112.64061663349197,-7.247955521943686],[112.64061663349197,-7.248854738726962],[112.64151585027525,-7.248854738726962],[112.64151585027525,-7.250653172293514]]]],"type":"MultiPolygon"},"properties":{"Kelas":"Sedang"}},{"type":"Feature","geometry":{"coordinates":[[[[112.64601193419163,-7.250653172293514],[112.64511271740835,-7.250653172293514],[112.64511271740835,-7.249753955510238],[112.6469111509749,-7.249753955510238],[112.6469111509749,-7.250653172293514],[112.64601193419163,-7.250653172293514]]]],"type":"MultiPolygon"},"properties":{"Kelas":"Cukup Rendah"}},{"type":"Feature","geometry":{"coordinates":[[[[112.63791898314214,-7.237164920544375],[112.63791898314214,-7.2362657037611],[112.63701976635886,-7.2362657037611],[112.63701976635886,-7.234467270194548],[112.63432211600905,-7.234467270194548],[112.63432211600905,-7.230870403061445],[112.63571836081901,-7.230296976733827],[112.63829482765703,-7.23499064246294],[112.63934157219381,-7.235742331492709],[112.64030577143994,-7.240551033743898],[112.6441327116172,-7.239794954007179],[112.6436620278322,-7.242179107880807],[112.64988629400395,-7.24342694679588],[112.65133873986287,-7.241401074609339],[112.65296681399978,-7.245619665846505],[112.65713447303634,-7.246719098866683],[112.65815136076586,-7.24651800448839],[112.65993047522183,-7.246869261044358],[112.66077524723893,-7.245169179313477],[112.65596478870495,-7.243900265005045],[112.65500410202439,-7.24256022124403],[112.65843763485897,-7.242245846626441],[112.65742250341222,-7.240169042239284],[112.65590331880766,-7.239862570894203],[112.6569202065372,-7.235898640660114],[112.6616656826083,-7.236767122494744],[112.66093155640633,-7.238596291009943],[112.65913312283979,-7.239837982935287],[112.65988481186955,-7.241327310732586],[112.663486947851,-7.240519420653863],[112.66526254974141,-7.243092374926322],[112.6657947034237,-7.243459438027307],[112.6657947034237,-7.244358654810583],[112.66489548664042,-7.244358654810583],[112.66489548664042,-7.245257871593859],[112.66399626985715,-7.245257871593859],[112.66269486431729,-7.242027189420352],[112.66000775166414,-7.24266823263499],[112.66238400226526,-7.246606696768772],[112.6607770035217,-7.249269221463004],[112.66092101870966,-7.250236055133303],[112.66049599827693,-7.251044823353418],[112.65910853488086,-7.249246389786865],[112.6573891340394,-7.2479195181467],[112.65225551947395,-7.248678232307588],[112.65097518932744,-7.245551170818091],[112.65005840971637,-7.246739296118649],[112.64921715026483,-7.245649522653762],[112.6470253093556,-7.243958222336781],[112.64211298642039,-7.242921137355287],[112.6402126884526,-7.243202142600062],[112.63932576564879,-7.242052655520659],[112.638175400428,-7.241165732716842],[112.6386812098686,-7.23775239713423],[112.63791898314214,-7.237164920544375]]]],"type":"MultiPolygon"},"properties":{"Kelas":"Cukup Tinggi"}},{"type":"Feature","geometry":{"coordinates":[[[[112.68018217195612,-7.24256022124403],[112.68150992173767,-7.243117841026629],[112.68377903908922,-7.24256022124403],[112.68329606132477,-7.243875677046129],[112.68220014087015,-7.251069411312335],[112.67979227717899,-7.249818059831702],[112.68158368561443,-7.246606696768772],[112.68059841097494,-7.244841632575037],[112.68018217195612,-7.24256022124403]]]],"type":"MultiPolygon"},"properties":{"Kelas":"Sedang"}},{"type":"Feature","geometry":{"coordinates":[[[[112.72849399866384,-7.250000713240805],[112.7273383645947,-7.247176610530829],[112.72565057684328,-7.249362304450335],[112.72344117310625,-7.250145606570142],[112.7213898348194,-7.24748835072425],[112.71884849363698,-7.247056305160411],[112.71884849363698,-7.245257871593859],[112.7261370671733,-7.246454778308317],[112.72733309574636,-7.244456128504863],[112.72604222790318,-7.243459438027307],[112.72640929100417,-7.242028067561741],[112.72784066146974,-7.239862570894203],[112.72994995708832,-7.239380471271138],[112.72875919736359,-7.235910934639573],[112.72727689469741,-7.235031915108266],[112.72660599467551,-7.23210419171428],[112.72244536077008,-7.231769619844719],[112.72281242387106,-7.23123746616243],[112.72710653526777,-7.230136276859474],[112.72820772457072,-7.228539815812603],[112.7292720319353,-7.227805689610632],[112.73110734744023,-7.22514579934057],[112.7344987294881,-7.222805552536439],[112.73351696741416,-7.218429773990477],[112.73503439573594,-7.217382151312306],[112.73632526357912,-7.222953080289946],[112.73508532793656,-7.224902554175562],[112.73205398385856,-7.226142489818127],[112.73174839065487,-7.228208756508604],[112.7368328293025,-7.229071969494893],[112.7368328293025,-7.229971186278169],[112.7368328293025,-7.230870403061445],[112.7368328293025,-7.231769619844719],[112.73629891933743,-7.239328660929134],[112.73730702565305,-7.241185929968809],[112.73773204608577,-7.24256022124403],[112.73961653750854,-7.243813329007445],[112.74075636503265,-7.248341026013861],[112.73863126286905,-7.249753955510238],[112.73821502385023,-7.247472544179232],[112.73634985153804,-7.246640066141589],[112.73547873527924,-7.245629325401794],[112.7323367453861,-7.250653172293514],[112.72849399866384,-7.250000713240805]],[[112.73460937530322,-7.241466057072193],[112.73773204608577,-7.244358654810583],[112.73773204608577,-7.24256022124403],[112.73460937530322,-7.241466057072193]],[[112.73803939557224,-7.2454545752652],[112.73882796654038,-7.244666882438445],[112.73773204608577,-7.244358654810583],[112.73803939557224,-7.2454545752652]],[[112.73034160814822,-7.232077847472581],[112.73113017911638,-7.232865540299338],[112.73143752860284,-7.231769619844719],[112.73034160814822,-7.232077847472581]],[[112.73348184175856,-7.231409581874853],[112.7319380691951,-7.230600813654739],[112.73143752860284,-7.231769619844719],[112.73348184175856,-7.231409581874853]],[[112.73185201133887,-7.23530326079775],[112.7311354479647,-7.237639995036321],[112.73323596216939,-7.238064137327651],[112.73185201133887,-7.23530326079775]],[[112.73472704624947,-7.235169783306482],[112.73393847528132,-7.235957476133239],[112.73503439573594,-7.2362657037611],[112.73472704624947,-7.235169783306482]],[[112.72933174554981,-7.241464300789413],[112.72854317458167,-7.24225199361617],[112.72963909503629,-7.24256022124403],[112.72933174554981,-7.241464300789413]],[[112.72465476450711,-7.246813938136793],[112.72307586628804,-7.247591093266871],[112.72514301111991,-7.247955521943686],[112.72465476450711,-7.246813938136793]]]],"type":"MultiPolygon"},"properties":{"Kelas":"Cukup Rendah"}},{"type":"Feature","geometry":{"coordinates":[[[[112.73773204608577,-7.250653172293514],[112.73773204608577,-7.249753955510238],[112.73863126286905,-7.249753955510238],[112.73863126286905,-7.250653172293514],[112.73773204608577,-7.250653172293514]]]],"type":"MultiPolygon"},"properties":{"Kelas":"Cukup Rendah"}},{"type":"Feature","geometry":{"coordinates":[[[[112.76201089923421,-7.250653172293514],[112.75991038502954,-7.250229030002185],[112.76136107460567,-7.247653441305555],[112.76269936208391,-7.249267465180225],[112.76201089923421,-7.250653172293514]]]],"type":"MultiPolygon"},"properties":{"Kelas":"Cukup Rendah"}},{"type":"Feature","geometry":{"coordinates":[[[[112.79078583629905,-7.250653172293514],[112.78668140344257,-7.250261521233611],[112.78359210203284,-7.249753955510238],[112.78269288524956,-7.249753955510238],[112.78269288524956,-7.248854738726962],[112.78914195561713,-7.248529826412693],[112.79049078079204,-7.245862032870122],[112.79168505308232,-7.245257871593859],[112.79168505308232,-7.248854738726962],[112.79078583629905,-7.250653172293514]]]],"type":"MultiPolygon"},"properties":{"Kelas":"Sangat Rendah"}},{"type":"Feature","geometry":{"coordinates":[[[[112.79078583629905,-7.250653172293514],[112.79168505308232,-7.248854738726962],[112.79348348664888,-7.247955521943686],[112.79348348664888,-7.250653172293514],[112.79078583629905,-7.250653172293514]]]],"type":"MultiPolygon"},"properties":{"Kelas":"Cukup Rendah"}},{"type":"Feature","geometry":{"coordinates":[[[[112.67388765447318,-7.251552389076791],[112.67298843768991,-7.251552389076791],[112.67343804608154,-7.250400267573218],[112.67388765447318,-7.251552389076791]]]],"type":"MultiPolygon"},"properties":{"Kelas":"Cukup Rendah"}},{"type":"Feature","geometry":{"coordinates":[[[[112.67388765447318,-7.251552389076791],[112.67343804608154,-7.250400267573218],[112.67298843768991,-7.251552389076791],[112.67156584863824,-7.251156347309937],[112.67214542195558,-7.247231933438394],[112.66984117894845,-7.247572652297682],[112.66846600953183,-7.247368923495221],[112.66489548664042,-7.247955521943686],[112.66519756727855,-7.246459169015267],[112.66719094823367,-7.24545106269964],[112.66759313699025,-7.243459438027307],[112.66849235377353,-7.243459438027307],[112.66849235377353,-7.244358654810583],[112.67029078734008,-7.244358654810583],[112.67119000412336,-7.244358654810583],[112.67298843768991,-7.244358654810583],[112.67298843768991,-7.243459438027307],[112.67388765447318,-7.243459438027307],[112.67388765447318,-7.24256022124403],[112.67478687125646,-7.24256022124403],[112.67478687125646,-7.24076178767748],[112.6752698490209,-7.240345548658658],[112.67673985770763,-7.238639319938049],[112.67603031946459,-7.247476934886182],[112.6779007606251,-7.249089202478071],[112.6752698490209,-7.251136150057969],[112.67388765447318,-7.251552389076791]]]],"type":"MultiPolygon"},"properties":{"Kelas":"Sangat Rendah"}},{"type":"Feature","geometry":{"coordinates":[[[[112.7323367453861,-7.251552389076791],[112.72739280936088,-7.250935055679678],[112.72559261951154,-7.251158981734108],[112.7223470089344,-7.250755036694745],[112.72074703532198,-7.248755508749902],[112.71924892611078,-7.247555967611273],[112.71884849363698,-7.247056305160411],[112.7213898348194,-7.24748835072425],[112.72344117310625,-7.250145606570142],[112.72565057684328,-7.249362304450335],[112.7273383645947,-7.247176610530829],[112.72849399866384,-7.250000713240805],[112.7323367453861,-7.250653172293514],[112.7323367453861,-7.251552389076791]]]],"type":"MultiPolygon"},"properties":{"Kelas":"Sedang"}},{"type":"Feature","geometry":{"coordinates":[[[[112.73323596216939,-7.251552389076791],[112.7323367453861,-7.251552389076791],[112.7323367453861,-7.250653172293514],[112.73323596216939,-7.250653172293514],[112.73323596216939,-7.251552389076791]]]],"type":"MultiPolygon"},"properties":{"Kelas":"Cukup Rendah"}},{"type":"Feature","geometry":{"coordinates":[[[[112.75211951461819,-7.251552389076791],[112.75211951461819,-7.249753955510238],[112.75301873140145,-7.249753955510238],[112.75301873140145,-7.251552389076791],[112.75211951461819,-7.251552389076791]]]],"type":"MultiPolygon"},"properties":{"Kelas":"Sedang"}},{"type":"Feature","geometry":{"coordinates":[[[[112.64061663349197,-7.252451605860067],[112.63881819992542,-7.252451605860067],[112.63881819992542,-7.251552389076791],[112.64061663349197,-7.251552389076791],[112.64061663349197,-7.252451605860067]]]],"type":"MultiPolygon"},"properties":{"Kelas":"Sangat Rendah"}},{"type":"Feature","geometry":{"coordinates":[[[[112.64061663349197,-7.252451605860067],[112.64061663349197,-7.251552389076791],[112.63881819992542,-7.251552389076791],[112.63881819992542,-7.250653172293514],[112.64151585027525,-7.250653172293514],[112.64151585027525,-7.252451605860067],[112.64061663349197,-7.252451605860067]]]],"type":"MultiPolygon"},"properties":{"Kelas":"Cukup Rendah"}},{"type":"Feature","geometry":{"coordinates":[[[[112.64601193419163,-7.252451605860067],[112.64511271740835,-7.252451605860067],[112.64511271740835,-7.251552389076791],[112.64601193419163,-7.251552389076791],[112.64601193419163,-7.252451605860067]]]],"type":"MultiPolygon"},"properties":{"Kelas":"Cukup Tinggi"}},{"type":"Feature","geometry":{"coordinates":[[[[112.67298843768991,-7.252451605860067],[112.67208922090663,-7.252451605860067],[112.67029078734008,-7.252451605860067],[112.67029078734008,-7.248854738726962],[112.66669392020697,-7.248854738726962],[112.66489548664042,-7.248854738726962],[112.66489548664042,-7.247955521943686],[112.66846600953183,-7.247368923495221],[112.66984117894845,-7.247572652297682],[112.67214542195558,-7.247231933438394],[112.67156584863824,-7.251156347309937],[112.67298843768991,-7.251552389076791],[112.67298843768991,-7.252451605860067]]]],"type":"MultiPolygon"},"properties":{"Kelas":"Cukup Rendah"}},{"type":"Feature","geometry":{"coordinates":[[[[112.67388765447318,-7.252451605860067],[112.67298843768991,-7.252451605860067],[112.67298843768991,-7.251552389076791],[112.67388765447318,-7.251552389076791],[112.67388765447318,-7.252451605860067]]]],"type":"MultiPolygon"},"properties":{"Kelas":"Sedang"}},{"type":"Feature","geometry":{"coordinates":[[[[112.69187199013871,-7.252451605860067],[112.69187199013871,-7.249753955510238],[112.69007355657214,-7.249753955510238],[112.69007355657214,-7.251552389076791],[112.68887928428185,-7.250948227800526],[112.6882751230056,-7.249753955510238],[112.69353167736564,-7.247636756619146],[112.69277120692198,-7.244358654810583],[112.69497885437623,-7.245817247659236],[112.69831403537513,-7.245069071195026],[112.6990657244049,-7.246157088377135],[112.69996494118818,-7.246157088377135],[112.69996494118818,-7.248854738726962],[112.69726729083835,-7.248854738726962],[112.69726729083835,-7.251552389076791],[112.69636807405507,-7.251552389076791],[112.69588509629062,-7.249443093458208],[112.69325242840365,-7.250346700948432],[112.69277120692198,-7.252451605860067],[112.69187199013871,-7.252451605860067]],[[112.69691252171683,-7.246772665491466],[112.69843697516973,-7.248355076276098],[112.6990657244049,-7.246157088377135],[112.69691252171683,-7.246772665491466]]]],"type":"MultiPolygon"},"properties":{"Kelas":"Sedang"}},{"type":"Feature","geometry":{"coordinates":[[[[112.69636807405507,-7.252451605860067],[112.69277120692198,-7.252451605860067],[112.69325242840365,-7.250346700948432],[112.69588509629062,-7.249443093458208],[112.69636807405507,-7.251552389076791],[112.69636807405507,-7.252451605860067]]]],"type":"MultiPolygon"},"properties":{"Kelas":"Cukup Rendah"}},{"type":"Feature","geometry":{"coordinates":[[[[112.69996494118818,-7.252451605860067],[112.69937307389138,-7.249350888612266],[112.6977344620578,-7.25112034351295],[112.69726729083835,-7.251552389076791],[112.69726729083835,-7.248854738726962],[112.69996494118818,-7.248854738726962],[112.69996494118818,-7.246157088377135],[112.70052168282939,-7.246499563519203],[112.7014612941166,-7.249259561907715],[112.70356180832128,-7.249753955510238],[112.70356180832128,-7.250653172293514],[112.70086415797147,-7.250653172293514],[112.70086415797147,-7.252451605860067],[112.69996494118818,-7.252451605860067]]]],"type":"MultiPolygon"},"properties":{"Kelas":"Cukup Tinggi"}},{"type":"Feature","geometry":{"coordinates":[[[[112.73323596216939,-7.252451605860067],[112.7323367453861,-7.252451605860067],[112.7323367453861,-7.251552389076791],[112.73323596216939,-7.251552389076791],[112.73323596216939,-7.252451605860067]]]],"type":"MultiPolygon"},"properties":{"Kelas":"Sedang"}},{"type":"Feature","geometry":{"coordinates":[[[[112.73413517895267,-7.252451605860067],[112.73323596216939,-7.252451605860067],[112.73323596216939,-7.251552389076791],[112.73413517895267,-7.251552389076791],[112.73413517895267,-7.252451605860067]]]],"type":"MultiPolygon"},"properties":{"Kelas":"Cukup Rendah"}},{"type":"Feature","geometry":{"coordinates":[[[[112.73593361251922,-7.252451605860067],[112.73593361251922,-7.250653172293514],[112.73773204608577,-7.250653172293514],[112.73712788480951,-7.251847444583802],[112.73593361251922,-7.252451605860067]]]],"type":"MultiPolygon"},"properties":{"Kelas":"Cukup Rendah"}},{"type":"Feature","geometry":{"coordinates":[[[[112.64601193419163,-7.253350822643341],[112.64601193419163,-7.252451605860067],[112.6469111509749,-7.252451605860067],[112.6469111509749,-7.253350822643341],[112.64601193419163,-7.253350822643341]]]],"type":"MultiPolygon"},"properties":{"Kelas":"Cukup Rendah"}},{"type":"Feature","geometry":{"coordinates":[[[[112.66669392020697,-7.253350822643341],[112.66489548664042,-7.253350822643341],[112.66220486142171,-7.249278881018293],[112.66489548664042,-7.248854738726962],[112.66669392020697,-7.248854738726962],[112.66669392020697,-7.249753955510238],[112.66431064447474,-7.25015877869099],[112.66669392020697,-7.253350822643341]]]],"type":"MultiPolygon"},"properties":{"Kelas":"Cukup Tinggi"}},{"type":"Feature","geometry":{"coordinates":[[[[112.66759313699025,-7.253350822643341],[112.66669392020697,-7.253350822643341],[112.66431064447474,-7.25015877869099],[112.66669392020697,-7.249753955510238],[112.66729105635213,-7.250955252931647],[112.66759313699025,-7.253350822643341]]]],"type":"MultiPolygon"},"properties":{"Kelas":"Tinggi"}},{"type":"Feature","geometry":{"coordinates":[[[[112.66759313699025,-7.253350822643341],[112.66729105635213,-7.250955252931647],[112.66669392020697,-7.249753955510238],[112.66821310481153,-7.250111359055936],[112.66911056531202,-7.252993419097645],[112.66759313699025,-7.253350822643341]]]],"type":"MultiPolygon"},"properties":{"Kelas":"Cukup Tinggi"}},{"type":"Feature","geometry":{"coordinates":[[[[112.69636807405507,-7.253350822643341],[112.69277120692198,-7.253350822643341],[112.69277120692198,-7.252451605860067],[112.69636807405507,-7.252451605860067],[112.69636807405507,-7.253350822643341]]]],"type":"MultiPolygon"},"properties":{"Kelas":"Sedang"}},{"type":"Feature","geometry":{"coordinates":[[[[112.69636807405507,-7.253350822643341],[112.69636807405507,-7.252451605860067],[112.69636807405507,-7.251552389076791],[112.69726729083835,-7.251552389076791],[112.69726729083835,-7.253350822643341],[112.69636807405507,-7.253350822643341]]]],"type":"MultiPolygon"},"properties":{"Kelas":"Cukup Tinggi"}},{"type":"Feature","geometry":{"coordinates":[[[[112.73593361251922,-7.253350822643341],[112.73413517895267,-7.253350822643341],[112.73413517895267,-7.252451605860067],[112.73413517895267,-7.251552389076791],[112.73323596216939,-7.251552389076791],[112.73323596216939,-7.250653172293514],[112.7323367453861,-7.250653172293514],[112.73547873527924,-7.245629325401794],[112.73634985153804,-7.246640066141589],[112.73821502385023,-7.247472544179232],[112.73863126286905,-7.249753955510238],[112.73773204608577,-7.249753955510238],[112.73773204608577,-7.250653172293514],[112.73593361251922,-7.250653172293514],[112.73593361251922,-7.252451605860067],[112.73593361251922,-7.253350822643341]]]],"type":"MultiPolygon"},"properties":{"Kelas":"Sangat Rendah"}},{"type":"Feature","geometry":{"coordinates":[[[[112.75211951461819,-7.253350822643341],[112.7512202978349,-7.253350822643341],[112.7512202978349,-7.248854738726962],[112.75032108105164,-7.248854738726962],[112.75032108105164,-7.247955521943686],[112.75181743398005,-7.247653441305555],[112.75272718846,-7.245855007739003],[112.75598860558216,-7.246588255799585],[112.75332081203959,-7.247358385798542],[112.75301873140145,-7.249753955510238],[112.75211951461819,-7.249753955510238],[112.75211951461819,-7.251552389076791],[112.75211951461819,-7.253350822643341]]]],"type":"MultiPolygon"},"properties":{"Kelas":"Cukup Rendah"}},{"type":"Feature","geometry":{"coordinates":[[[[112.7701038502837,-7.248854738726962],[112.77243619381532,-7.247313600587656],[112.77513208788237,-7.248322585044672],[112.77703765469849,-7.249564276970016],[112.77870612333933,-7.249190188737911],[112.77946308121744,-7.250286109192528],[112.78089445168301,-7.250653172293514],[112.7802516521856,-7.25316026596173],[112.77774719294155,-7.252599133613572],[112.77494767819049,-7.253227004707364],[112.77058682804815,-7.250738352008335],[112.7701038502837,-7.248854738726962]]]],"type":"MultiPolygon"},"properties":{"Kelas":"Sangat Rendah"}},{"type":"Feature","geometry":{"coordinates":[[[[112.79887878734853,-7.253350822643341],[112.79887878734853,-7.252451605860067],[112.79708035378198,-7.252451605860067],[112.79708035378198,-7.249753955510238],[112.79797957056526,-7.249753955510238],[112.79977800413181,-7.250653172293514],[112.79977800413181,-7.253350822643341],[112.79887878734853,-7.253350822643341]]]],"type":"MultiPolygon"},"properties":{"Kelas":"Cukup Rendah"}},{"type":"Feature","geometry":{"coordinates":[[[[112.80687,-7.25289],[112.8067,-7.25308],[112.8065,-7.25318],[112.80633,-7.25327],[112.80633094963885,-7.25327813976156],[112.80607252161474,-7.253350822643341],[112.80637987110121,-7.252254902188724],[112.80692293587697,-7.252797362215296],[112.80687,-7.25289]]]],"type":"MultiPolygon"},"properties":{"Kelas":"Sedang"}},{"type":"Feature","geometry":{"coordinates":[[[[112.6139449,-7.2481335],[112.61287590805408,-7.248113119184961],[112.61309568233195,-7.247955521943686],[112.61184169642715,-7.247056305160411],[112.61094247964387,-7.247056305160411],[112.61094247964387,-7.245257871593859],[112.61453934677698,-7.245257871593859],[112.61453934677698,-7.246157088377135],[112.61453934677698,-7.247955521943686],[112.61453934677698,-7.248205468572769],[112.6139449,-7.2481335]]]],"type":"MultiPolygon"},"properties":{"Kelas":"Cukup Tinggi"}},{"type":"Feature","geometry":{"coordinates":[[[[112.62892681530938,-7.254250039426617],[112.62922889594752,-7.251854469714921],[112.62982603209267,-7.250653172293514],[112.6325236824425,-7.250653172293514],[112.63035818577495,-7.253882976325633],[112.62892681530938,-7.254250039426617]]]],"type":"MultiPolygon"},"properties":{"Kelas":"Sedang"}},{"type":"Feature","geometry":{"coordinates":[[[[112.64421350062509,-7.254250039426617],[112.6430613791215,-7.25380043103498],[112.64421350062509,-7.253350822643341],[112.64421350062509,-7.254250039426617]]]],"type":"MultiPolygon"},"properties":{"Kelas":"Cukup Tinggi"}},{"type":"Feature","geometry":{"coordinates":[[[[112.65230645167456,-7.254250039426617],[112.65140723489128,-7.254250039426617],[112.65073106602105,-7.251823734766274],[112.6469111509749,-7.252451605860067],[112.64771025963972,-7.251453159099729],[112.64920836885094,-7.250253617961102],[112.6506485207304,-7.248455184394549],[112.65320566845784,-7.251909792622486],[112.65230645167456,-7.254250039426617]]]],"type":"MultiPolygon"},"properties":{"Kelas":"Cukup Rendah"}},{"type":"Feature","geometry":{"coordinates":[[[[112.65770175237421,-7.254250039426617],[112.65653382432562,-7.253749498834365],[112.65734171440435,-7.252206604412279],[112.65770175237421,-7.254250039426617]]]],"type":"MultiPolygon"},"properties":{"Kelas":"Sangat Rendah"}},{"type":"Feature","geometry":{"coordinates":[[[[112.66669392020697,-7.254250039426617],[112.66489548664042,-7.254250039426617],[112.66489548664042,-7.253350822643341],[112.66669392020697,-7.253350822643341],[112.66669392020697,-7.254250039426617]]]],"type":"MultiPolygon"},"properties":{"Kelas":"Sedang"}},{"type":"Feature","geometry":{"coordinates":[[[[112.66759313699025,-7.254250039426617],[112.66669392020697,-7.254250039426617],[112.66669392020697,-7.253350822643341],[112.66759313699025,-7.253350822643341],[112.66759313699025,-7.254250039426617]]]],"type":"MultiPolygon"},"properties":{"Kelas":"Cukup Tinggi"}},{"type":"Feature","geometry":{"coordinates":[[[[112.67568608803973,-7.254250039426617],[112.67388765447318,-7.254250039426617],[112.67388765447318,-7.252451605860067],[112.67568608803973,-7.252451605860067],[112.67568608803973,-7.254250039426617]]]],"type":"MultiPolygon"},"properties":{"Kelas":"Sedang"}},{"type":"Feature","geometry":{"coordinates":[[[[112.68737590622231,-7.244358654810583],[112.69097277335543,-7.244358654810583],[112.69196156056047,-7.246566302264837],[112.68877039474951,-7.247653441305555],[112.6882751230056,-7.249753955510238],[112.68681916458111,-7.250096430652306],[112.6855318093035,-7.253875951194512],[112.68343656394714,-7.254096364683383],[112.68436915010324,-7.251102780685152],[112.68380889589648,-7.249304347118601],[112.68460097943017,-7.246758615229229],[112.68669095593819,-7.245471259951609],[112.68737590622231,-7.244358654810583]]]],"type":"MultiPolygon"},"properties":{"Kelas":"Sangat Rendah"}},{"type":"Feature","geometry":{"coordinates":[[[[112.69816650762164,-7.254250039426617],[112.6987706688979,-7.253055767136329],[112.69996494118818,-7.252451605860067],[112.69996494118818,-7.254250039426617],[112.69816650762164,-7.254250039426617]]]],"type":"MultiPolygon"},"properties":{"Kelas":"Cukup Tinggi"}},{"type":"Feature","geometry":{"coordinates":[[[[112.7323367453861,-7.252451605860067],[112.73204168987911,-7.254478356187997],[112.72854493086444,-7.253958496485165],[112.72986741179767,-7.252679922621445],[112.7323367453861,-7.252451605860067]]]],"type":"MultiPolygon"},"properties":{"Kelas":"Tinggi"}},{"type":"Feature","geometry":{"coordinates":[[[[112.75032108105164,-7.248854738726962],[112.7512202978349,-7.248854738726962],[112.7512202978349,-7.253350822643341],[112.74942010798557,-7.25412358706647],[112.74636593223144,-7.250292256182258],[112.74996279936454,-7.249394795681761],[112.75032108105164,-7.248854738726962]]]],"type":"MultiPolygon"},"properties":{"Kelas":"Sangat Rendah"}},{"type":"Feature","geometry":{"coordinates":[[[[112.78179366846629,-7.254250039426617],[112.78179366846629,-7.252451605860067],[112.78269288524956,-7.252451605860067],[112.78269288524956,-7.254250039426617],[112.78179366846629,-7.254250039426617]]]],"type":"MultiPolygon"},"properties":{"Kelas":"Sedang"}},{"type":"Feature","geometry":{"coordinates":[[[[112.78359210203284,-7.250653172293514],[112.78359210203284,-7.249753955510238],[112.78668140344257,-7.250261521233611],[112.79078583629905,-7.250653172293514],[112.79115289940003,-7.251185325975804],[112.79385054974986,-7.25219431043282],[112.79279678008196,-7.254617102527604],[112.79025368261676,-7.253882976325633],[112.7891261490721,-7.252248755198995],[112.78412425571513,-7.251020235394499],[112.78359210203284,-7.250653172293514]]]],"type":"MultiPolygon"},"properties":{"Kelas":"Cukup Rendah"}},{"type":"Feature","geometry":{"coordinates":[[[[112.80607252161474,-7.254250039426617],[112.80215425473293,-7.25380482174193],[112.80157643769836,-7.251552389076791],[112.80337487126491,-7.251552389076791],[112.80337487126491,-7.253350822643341],[112.80607252161474,-7.253350822643341],[112.80607252161474,-7.254250039426617]]]],"type":"MultiPolygon"},"properties":{"Kelas":"Cukup Rendah"}},{"type":"Feature","geometry":{"coordinates":[[[[112.62892681530938,-7.254250039426617],[112.62861946582291,-7.255345959881236],[112.62783089485477,-7.254558267054479],[112.62892681530938,-7.254250039426617]]]],"type":"MultiPolygon"},"properties":{"Kelas":"Tinggi"}},{"type":"Feature","geometry":{"coordinates":[[[[112.64421350062509,-7.254250039426617],[112.64421350062509,-7.253350822643341],[112.64421350062509,-7.252451605860067],[112.64511271740835,-7.252451605860067],[112.64601193419163,-7.252451605860067],[112.64601193419163,-7.253350822643341],[112.64536562212865,-7.253603727363638],[112.64466310901672,-7.255396892081851],[112.64421350062509,-7.254250039426617]]]],"type":"MultiPolygon"},"properties":{"Kelas":"Sedang"}},{"type":"Feature","geometry":{"coordinates":[[[[112.65050801810801,-7.255149256209894],[112.64693047008548,-7.25454158236807],[112.64601193419163,-7.253350822643341],[112.6469111509749,-7.253350822643341],[112.6469111509749,-7.252451605860067],[112.65073106602105,-7.251823734766274],[112.65140723489128,-7.254250039426617],[112.65050801810801,-7.254250039426617],[112.65050801810801,-7.255149256209894]]]],"type":"MultiPolygon"},"properties":{"Kelas":"Sangat Rendah"}},{"type":"Feature","geometry":{"coordinates":[[[[112.65230645167456,-7.255149256209894],[112.65140723489128,-7.255149256209894],[112.65140723489128,-7.254250039426617],[112.65230645167456,-7.254250039426617],[112.65230645167456,-7.255149256209894]]]],"type":"MultiPolygon"},"properties":{"Kelas":"Sedang"}},{"type":"Feature","geometry":{"coordinates":[[[[112.65500410202439,-7.255149256209894],[112.65230645167456,-7.255149256209894],[112.65230645167456,-7.254250039426617],[112.65500410202439,-7.254250039426617],[112.65500410202439,-7.255149256209894]]]],"type":"MultiPolygon"},"properties":{"Kelas":"Cukup Tinggi"}},{"type":"Feature","geometry":{"coordinates":[[[[112.65500410202439,-7.255149256209894],[112.65500410202439,-7.254250039426617],[112.65230645167456,-7.254250039426617],[112.65320566845784,-7.251909792622486],[112.6506485207304,-7.248455184394549],[112.64920836885094,-7.250253617961102],[112.64771025963972,-7.251453159099729],[112.6469111509749,-7.252451605860067],[112.64601193419163,-7.252451605860067],[112.64601193419163,-7.251552389076791],[112.64601193419163,-7.250653172293514],[112.6469111509749,-7.250653172293514],[112.6469111509749,-7.249753955510238],[112.64835832798549,-7.24940269895427],[112.64906084109742,-7.247071233564039],[112.64315446210884,-7.244994429176883],[112.64009853007192,-7.245853251456223],[112.63836859153378,-7.243151210399446],[112.6366685098029,-7.245805831821167],[112.63432211600905,-7.246157088377135],[112.63432211600905,-7.243459438027307],[112.63522133279233,-7.243459438027307],[112.6347963123596,-7.242984363535362],[112.63030549729156,-7.241939375281358],[112.63162446565921,-7.24076178767748],[112.63281522538395,-7.242047386672319],[112.63475416157289,-7.240568596571697],[112.6325236824425,-7.239862570894203],[112.63342289922576,-7.238064137327651],[112.63631900952971,-7.239978485557673],[112.63701976635886,-7.238963354110927],[112.63791898314214,-7.238963354110927],[112.63791898314214,-7.237164920544375],[112.6386812098686,-7.23775239713423],[112.638175400428,-7.241165732716842],[112.63932576564879,-7.242052655520659],[112.6402126884526,-7.243202142600062],[112.64211298642039,-7.242921137355287],[112.6470253093556,-7.243958222336781],[112.64921715026483,-7.245649522653762],[112.65005840971637,-7.246739296118649],[112.65097518932744,-7.245551170818091],[112.65225551947395,-7.248678232307588],[112.6573891340394,-7.2479195181467],[112.65910853488086,-7.249246389786865],[112.66049599827693,-7.251044823353418],[112.66092101870966,-7.250236055133303],[112.6607770035217,-7.249269221463004],[112.66238400226526,-7.246606696768772],[112.66000775166414,-7.24266823263499],[112.66269486431729,-7.242027189420352],[112.66399626985715,-7.245257871593859],[112.66310583448777,-7.247050158170682],[112.66489548664042,-7.247955521943686],[112.66489548664042,-7.248854738726962],[112.66220486142171,-7.249278881018293],[112.66489548664042,-7.253350822643341],[112.66261231902664,-7.25283271922329],[112.66179740381679,-7.253850485094205],[112.65909975346696,-7.254391420190395],[112.66098073232416,-7.252885407706685],[112.65900140163129,-7.252052051527654],[112.65737508377717,-7.250020910492774],[112.65529564496583,-7.250279084061409],[112.65590331880766,-7.255149256209894],[112.65500410202439,-7.255149256209894]],[[112.63558137076218,-7.245502873041646],[112.6363892608409,-7.243959978619561],[112.63522133279233,-7.243459438027307],[112.63558137076218,-7.245502873041646]]]],"type":"MultiPolygon"},"properties":{"Kelas":"Sedang"}},{"type":"Feature","geometry":{"coordinates":[[[[112.67029078734008,-7.255149256209894],[112.6693915705568,-7.255149256209894],[112.6693915705568,-7.254250039426617],[112.66759313699025,-7.254250039426617],[112.66759313699025,-7.253350822643341],[112.66911056531202,-7.252993419097645],[112.66821310481153,-7.250111359055936],[112.66669392020697,-7.249753955510238],[112.66669392020697,-7.248854738726962],[112.67029078734008,-7.248854738726962],[112.67029078734008,-7.252451605860067],[112.67208922090663,-7.252451605860067],[112.67208922090663,-7.253350822643341],[112.67029078734008,-7.253350822643341],[112.67029078734008,-7.255149256209894]]]],"type":"MultiPolygon"},"properties":{"Kelas":"Sedang"}},{"type":"Feature","geometry":{"coordinates":[[[[112.69726729083835,-7.255149256209894],[112.69726729083835,-7.254250039426617],[112.69816650762164,-7.254250039426617],[112.69816650762164,-7.255149256209894],[112.69726729083835,-7.255149256209894]]]],"type":"MultiPolygon"},"properties":{"Kelas":"Cukup Tinggi"}},{"type":"Feature","geometry":{"coordinates":[[[[112.80607252161474,-7.255149256209894],[112.79999051434817,-7.254640812345132],[112.79887878734853,-7.253350822643341],[112.79977800413181,-7.253350822643341],[112.79977800413181,-7.250653172293514],[112.80157643769836,-7.250653172293514],[112.80157643769836,-7.251552389076791],[112.80215425473293,-7.25380482174193],[112.80607252161474,-7.254250039426617],[112.80607252161474,-7.255149256209894]]]],"type":"MultiPolygon"},"properties":{"Kelas":"Sedang"}},{"type":"Feature","geometry":{"coordinates":[[[[112.65140723489128,-7.25604847299317],[112.65050801810801,-7.25604847299317],[112.65050801810801,-7.255149256209894],[112.65050801810801,-7.254250039426617],[112.65140723489128,-7.254250039426617],[112.65140723489128,-7.255149256209894],[112.65140723489128,-7.25604847299317]]]],"type":"MultiPolygon"},"properties":{"Kelas":"Cukup Rendah"}},{"type":"Feature","geometry":{"coordinates":[[[[112.67029078734008,-7.25604847299317],[112.6693915705568,-7.25604847299317],[112.6693915705568,-7.255149256209894],[112.67029078734008,-7.255149256209894],[112.67029078734008,-7.25604847299317]]]],"type":"MultiPolygon"},"properties":{"Kelas":"Cukup Rendah"}},{"type":"Feature","geometry":{"coordinates":[[[[112.67208922090663,-7.25604847299317],[112.67029078734008,-7.25604847299317],[112.67029078734008,-7.255149256209894],[112.67208922090663,-7.255149256209894],[112.67208922090663,-7.25604847299317]]]],"type":"MultiPolygon"},"properties":{"Kelas":"Sedang"}},{"type":"Feature","geometry":{"coordinates":[[[[112.676585304823,-7.25604847299317],[112.67568608803973,-7.25604847299317],[112.67568608803973,-7.254250039426617],[112.67789900434232,-7.254916548741566],[112.676585304823,-7.25604847299317]]]],"type":"MultiPolygon"},"properties":{"Kelas":"Sedang"}},{"type":"Feature","geometry":{"coordinates":[[[[112.6882751230056,-7.25604847299317],[112.68717920255098,-7.255740245365308],[112.68796777351912,-7.254952552538553],[112.6882751230056,-7.25604847299317]]]],"type":"MultiPolygon"},"properties":{"Kelas":"Cukup Tinggi"}},{"type":"Feature","geometry":{"coordinates":[[[[112.69726729083835,-7.25604847299317],[112.69636807405507,-7.25604847299317],[112.6954688572718,-7.25604847299317],[112.6954688572718,-7.255149256209894],[112.69726729083835,-7.255149256209894],[112.69726729083835,-7.25604847299317]]]],"type":"MultiPolygon"},"properties":{"Kelas":"Cukup Tinggi"}},{"type":"Feature","geometry":{"coordinates":[[[[112.72604222790318,-7.25604847299317],[112.72424379433663,-7.25604847299317],[112.72424379433663,-7.254250039426617],[112.72543806662692,-7.254854200702882],[112.72604222790318,-7.25604847299317]]]],"type":"MultiPolygon"},"properties":{"Kelas":"Cukup Tinggi"}},{"type":"Feature","geometry":{"coordinates":[[[[112.72604222790318,-7.25604847299317],[112.72543806662692,-7.254854200702882],[112.72424379433663,-7.254250039426617],[112.72530634541843,-7.252149525221935],[112.72814274210786,-7.252917020796723],[112.7273734902503,-7.255374938547103],[112.72604222790318,-7.25604847299317]]]],"type":"MultiPolygon"},"properties":{"Kelas":"Tinggi"}},{"type":"Feature","geometry":{"coordinates":[[[[112.7323367453861,-7.25604847299317],[112.73143752860284,-7.25604847299317],[112.73188713699447,-7.254896351489597],[112.7323367453861,-7.25604847299317]]]],"type":"MultiPolygon"},"properties":{"Kelas":"Sedang"}},{"type":"Feature","geometry":{"coordinates":[[[[112.79887878734853,-7.25604847299317],[112.79676246659884,-7.255592717611803],[112.79775476636944,-7.253996256564932],[112.79887878734853,-7.25604847299317]]]],"type":"MultiPolygon"},"properties":{"Kelas":"Tinggi"}},{"type":"Feature","geometry":{"coordinates":[[[[112.8079853164613,-7.255149256209894],[112.80966938874784,-7.255149256209894],[112.80966938874784,-7.25604847299317],[112.80697173839802,-7.25604847299317],[112.80697173839802,-7.255523378337617],[112.8079853164613,-7.255149256209894]]]],"type":"MultiPolygon"},"properties":{"Kelas":"Cukup Tinggi"}},{"type":"Feature","geometry":{"coordinates":[[[[112.67298843768991,-7.256947689776446],[112.67208922090663,-7.256947689776446],[112.67208922090663,-7.25604847299317],[112.67208922090663,-7.255149256209894],[112.67029078734008,-7.255149256209894],[112.67029078734008,-7.253350822643341],[112.67208922090663,-7.253350822643341],[112.67208922090663,-7.252451605860067],[112.67298843768991,-7.252451605860067],[112.67388765447318,-7.252451605860067],[112.67388765447318,-7.254250039426617],[112.67568608803973,-7.254250039426617],[112.67568608803973,-7.25604847299317],[112.67298843768991,-7.25604847299317],[112.67298843768991,-7.256947689776446]]]],"type":"MultiPolygon"},"properties":{"Kelas":"Cukup Tinggi"}},{"type":"Feature","geometry":{"coordinates":[[[[112.67298843768991,-7.256947689776446],[112.67298843768991,-7.25604847299317],[112.67568608803973,-7.25604847299317],[112.67568608803973,-7.256947689776446],[112.67298843768991,-7.256947689776446]]]],"type":"MultiPolygon"},"properties":{"Kelas":"Tinggi"}},{"type":"Feature","geometry":{"coordinates":[[[[112.68198060552267,-7.256947689776446],[112.68138346937752,-7.256645609138314],[112.68077930810125,-7.255451336848026],[112.67955693528648,-7.254833125309522],[112.67838725095513,-7.252439311880607],[112.68017865939055,-7.251564683056248],[112.68138346937752,-7.253947958788485],[112.68305193801837,-7.254791852664198],[112.68198060552267,-7.256947689776446]]]],"type":"MultiPolygon"},"properties":{"Kelas":"Sangat Rendah"}},{"type":"Feature","geometry":{"coordinates":[[[[112.69456964048852,-7.256947689776446],[112.69367042370526,-7.256947689776446],[112.69367042370526,-7.25604847299317],[112.69456964048852,-7.25604847299317],[112.69456964048852,-7.256947689776446]]]],"type":"MultiPolygon"},"properties":{"Kelas":"Cukup Tinggi"}},{"type":"Feature","geometry":{"coordinates":[[[[112.69456964048852,-7.256947689776446],[112.69456964048852,-7.25604847299317],[112.6954688572718,-7.25604847299317],[112.69636807405507,-7.25604847299317],[112.69636807405507,-7.256947689776446],[112.69456964048852,-7.256947689776446]]]],"type":"MultiPolygon"},"properties":{"Kelas":"Sedang"}},{"type":"Feature","geometry":{"coordinates":[[[[112.72244536077008,-7.256947689776446],[112.71854641299885,-7.256590286230749],[112.71994792665716,-7.253947958788485],[112.72214328013195,-7.25455212006475],[112.72244536077008,-7.256947689776446]]]],"type":"MultiPolygon"},"properties":{"Kelas":"Cukup Rendah"}},{"type":"Feature","geometry":{"coordinates":[[[[112.7781968013332,-7.256947689776446],[112.7781968013332,-7.25604847299317],[112.77549915098336,-7.25604847299317],[112.77637026724216,-7.254786583815857],[112.7805045569059,-7.255713022982221],[112.781261514784,-7.254617102527604],[112.78179366846629,-7.254250039426617],[112.78179366846629,-7.256947689776446],[112.7781968013332,-7.256947689776446]]]],"type":"MultiPolygon"},"properties":{"Kelas":"Sedang"}},{"type":"Feature","geometry":{"coordinates":[[[[112.80607252161474,-7.25604847299317],[112.80697173839802,-7.25604847299317],[112.80652213000639,-7.257200594496743],[112.80607252161474,-7.25604847299317]]]],"type":"MultiPolygon"},"properties":{"Kelas":"Cukup Tinggi"}},{"type":"Feature","geometry":{"coordinates":[[[[112.65140723489128,-7.257846906559722],[112.65050801810801,-7.257846906559722],[112.65050801810801,-7.256947689776446],[112.65050801810801,-7.25604847299317],[112.65140723489128,-7.25604847299317],[112.65140723489128,-7.257846906559722]]]],"type":"MultiPolygon"},"properties":{"Kelas":"Sedang"}},{"type":"Feature","geometry":{"coordinates":[[[[112.65140723489128,-7.257846906559722],[112.65140723489128,-7.25604847299317],[112.65140723489128,-7.255149256209894],[112.65230645167456,-7.255149256209894],[112.65230645167456,-7.257846906559722],[112.65140723489128,-7.257846906559722]]]],"type":"MultiPolygon"},"properties":{"Kelas":"Cukup Tinggi"}},{"type":"Feature","geometry":{"coordinates":[[[[112.68467825587248,-7.257846906559722],[112.68343656394714,-7.257082045409103],[112.68544223888172,-7.255062320212291],[112.6888318646468,-7.25390756428455],[112.68951681493094,-7.252794081002135],[112.69007355657214,-7.252451605860067],[112.68977147593401,-7.254847175571761],[112.68917433978888,-7.25604847299317],[112.6882751230056,-7.25604847299317],[112.6882751230056,-7.256947689776446],[112.68557747265577,-7.256947689776446],[112.68557747265577,-7.257846906559722],[112.68467825587248,-7.257846906559722]],[[112.68796777351912,-7.254952552538553],[112.68717920255098,-7.255740245365308],[112.6882751230056,-7.25604847299317],[112.68796777351912,-7.254952552538553]]]],"type":"MultiPolygon"},"properties":{"Kelas":"Sedang"}},{"type":"Feature","geometry":{"coordinates":[[[[112.68917433978888,-7.257846906559722],[112.68557747265577,-7.257846906559722],[112.68557747265577,-7.256947689776446],[112.6882751230056,-7.256947689776446],[112.6882751230056,-7.25604847299317],[112.68917433978888,-7.25604847299317],[112.68917433978888,-7.257846906559722]]]],"type":"MultiPolygon"},"properties":{"Kelas":"Cukup Rendah"}},{"type":"Feature","geometry":{"coordinates":[[[[112.69187199013871,-7.257846906559722],[112.69097277335543,-7.257846906559722],[112.69097277335543,-7.254250039426617],[112.69636807405507,-7.254250039426617],[112.69636807405507,-7.253350822643341],[112.69726729083835,-7.253350822643341],[112.69726729083835,-7.251552389076791],[112.6977344620578,-7.25112034351295],[112.69937307389138,-7.249350888612266],[112.69996494118818,-7.252451605860067],[112.6987706688979,-7.253055767136329],[112.69816650762164,-7.254250039426617],[112.69726729083835,-7.254250039426617],[112.69726729083835,-7.255149256209894],[112.6954688572718,-7.255149256209894],[112.6954688572718,-7.25604847299317],[112.69456964048852,-7.25604847299317],[112.69367042370526,-7.25604847299317],[112.69367042370526,-7.256947689776446],[112.69187199013871,-7.256947689776446],[112.69187199013871,-7.257846906559722]]]],"type":"MultiPolygon"},"properties":{"Kelas":"Tinggi"}},{"type":"Feature","geometry":{"coordinates":[[[[112.69367042370526,-7.257846906559722],[112.69277120692198,-7.257846906559722],[112.69187199013871,-7.257846906559722],[112.69187199013871,-7.256947689776446],[112.69367042370526,-7.256947689776446],[112.69367042370526,-7.257846906559722]]]],"type":"MultiPolygon"},"properties":{"Kelas":"Cukup Tinggi"}},{"type":"Feature","geometry":{"coordinates":[[[[112.69456964048852,-7.257846906559722],[112.69367042370526,-7.257846906559722],[112.69367042370526,-7.256947689776446],[112.69456964048852,-7.256947689776446],[112.69456964048852,-7.257846906559722]]]],"type":"MultiPolygon"},"properties":{"Kelas":"Sedang"}},{"type":"Feature","geometry":{"coordinates":[[[[112.71481958094003,-7.253195391617327],[112.71579256160007,-7.247473422320622],[112.7117741865998,-7.244371826931431],[112.70946467474431,-7.245765437317232],[112.70638942359682,-7.246621625172402],[112.70457693976803,-7.248970653390431],[112.70356180832128,-7.249753955510238],[112.70462084683753,-7.245948968867724],[112.70946467474431,-7.243967003750679],[112.70985632580422,-7.241661004460756],[112.71346021806843,-7.242585687344338],[112.71589091343573,-7.244168976270361],[112.71780174910019,-7.243740443272081],[112.71884849363698,-7.245257871593859],[112.71759450773217,-7.246157088377135],[112.71884849363698,-7.247056305160411],[112.71924892611078,-7.247555967611273],[112.72074703532198,-7.248755508749902],[112.7223470089344,-7.250755036694745],[112.72559261951154,-7.251158981734108],[112.72739280936088,-7.250935055679678],[112.7323367453861,-7.251552389076791],[112.7323367453861,-7.252451605860067],[112.73323596216939,-7.252451605860067],[112.73323596216939,-7.25604847299317],[112.7323367453861,-7.25604847299317],[112.73188713699447,-7.254896351489597],[112.73143752860284,-7.25604847299317],[112.73008870342792,-7.255377572971272],[112.72658491928215,-7.25711980548887],[112.72604222790318,-7.25604847299317],[112.7273734902503,-7.255374938547103],[112.72814274210786,-7.252917020796723],[112.72530634541843,-7.252149525221935],[112.72424379433663,-7.254250039426617],[112.72374501002716,-7.253850485094205],[112.72277202936712,-7.252636893693339],[112.72015516802517,-7.252962684148999],[112.71753655040044,-7.248653644348671],[112.71653546921593,-7.255532125855899],[112.7167918865018,-7.257588732991085],[112.71480201811224,-7.257341097119129],[112.71390280132896,-7.257453499217037],[112.71229931515097,-7.257253282980137],[112.71345319293732,-7.254250039426617],[112.71481958094003,-7.253195391617327]],[[112.72986741179767,-7.252679922621445],[112.72854493086444,-7.253958496485165],[112.73204168987911,-7.254478356187997],[112.7323367453861,-7.252451605860067],[112.72986741179767,-7.252679922621445]],[[112.71584349380068,-7.245061167922517],[112.71505492283254,-7.245848860749273],[112.71615084328715,-7.246157088377135],[112.71584349380068,-7.245061167922517]]]],"type":"MultiPolygon"},"properties":{"Kelas":"Cukup Tinggi"}},{"type":"Feature","geometry":{"coordinates":[[[[112.73593361251922,-7.257846906559722],[112.73450224205365,-7.255681409892183],[112.73413517895267,-7.253350822643341],[112.73593361251922,-7.253350822643341],[112.73627608766128,-7.254806781067826],[112.73806047096559,-7.257346365967468],[112.73593361251922,-7.257846906559722]]]],"type":"MultiPolygon"},"properties":{"Kelas":"Cukup Rendah"}},{"type":"Feature","geometry":{"coordinates":[[[[112.75481716496802,-7.257846906559722],[112.7537212445134,-7.25753867893186],[112.75450981548154,-7.256750986105104],[112.75481716496802,-7.257846906559722]]]],"type":"MultiPolygon"},"properties":{"Kelas":"Sangat Rendah"}},{"type":"Feature","geometry":{"coordinates":[[[[112.81416547266423,-7.257846906559722],[112.81296417524281,-7.257249770414576],[112.8114678223144,-7.256947689776446],[112.81326625588095,-7.254783071250298],[112.81416547266423,-7.257846906559722]]]],"type":"MultiPolygon"},"properties":{"Kelas":"Sedang"}},{"type":"Feature","geometry":{"coordinates":[[[[112.65050801810801,-7.258746123342997],[112.64960880132473,-7.258746123342997],[112.64960880132473,-7.257846906559722],[112.64960880132473,-7.256947689776446],[112.65050801810801,-7.256947689776446],[112.65050801810801,-7.257846906559722],[112.65050801810801,-7.258746123342997]]]],"type":"MultiPolygon"},"properties":{"Kelas":"Cukup Rendah"}},{"type":"Feature","geometry":{"coordinates":[[[[112.65320566845784,-7.258746123342997],[112.65350774909597,-7.258148987197853],[112.65589453739376,-7.256941542786716],[112.65500410202439,-7.255149256209894],[112.65590331880766,-7.255149256209894],[112.65680253559094,-7.255149256209894],[112.65703085235232,-7.25582015623179],[112.65872039638651,-7.256396216983577],[112.65657421882956,-7.258517806581619],[112.65320566845784,-7.258746123342997]]]],"type":"MultiPolygon"},"properties":{"Kelas":"Cukup Tinggi"}},{"type":"Feature","geometry":{"coordinates":[[[[112.67568608803973,-7.258746123342997],[112.6736944633674,-7.258343934586415],[112.67298843768991,-7.256947689776446],[112.67568608803973,-7.256947689776446],[112.67568608803973,-7.25604847299317],[112.676585304823,-7.25604847299317],[112.676585304823,-7.257846906559722],[112.67568608803973,-7.257846906559722],[112.67568608803973,-7.258746123342997]]]],"type":"MultiPolygon"},"properties":{"Kelas":"Cukup Tinggi"}},{"type":"Feature","geometry":{"coordinates":[[[[112.67838373838956,-7.258746123342997],[112.67954464130703,-7.256628924451906],[112.68038941332414,-7.258314077779158],[112.67838373838956,-7.258746123342997]]]],"type":"MultiPolygon"},"properties":{"Kelas":"Sangat Rendah"}},{"type":"Feature","geometry":{"coordinates":[[[[112.69007355657214,-7.258746123342997],[112.68917433978888,-7.258746123342997],[112.68917433978888,-7.257846906559722],[112.68917433978888,-7.25604847299317],[112.69007355657214,-7.25604847299317],[112.69007355657214,-7.258746123342997]]]],"type":"MultiPolygon"},"properties":{"Kelas":"Sedang"}},{"type":"Feature","geometry":{"coordinates":[[[[112.69187199013871,-7.258746123342997],[112.69007355657214,-7.258746123342997],[112.69007355657214,-7.25604847299317],[112.68917433978888,-7.25604847299317],[112.68977147593401,-7.254847175571761],[112.69007355657214,-7.252451605860067],[112.69007355657214,-7.251552389076791],[112.69007355657214,-7.249753955510238],[112.69187199013871,-7.249753955510238],[112.69187199013871,-7.252451605860067],[112.69277120692198,-7.252451605860067],[112.69277120692198,-7.253350822643341],[112.69636807405507,-7.253350822643341],[112.69636807405507,-7.254250039426617],[112.69097277335543,-7.254250039426617],[112.69097277335543,-7.257846906559722],[112.69187199013871,-7.257846906559722],[112.69187199013871,-7.258746123342997]]]],"type":"MultiPolygon"},"properties":{"Kelas":"Cukup Tinggi"}},{"type":"Feature","geometry":{"coordinates":[[[[112.69187199013871,-7.258746123342997],[112.69187199013871,-7.257846906559722],[112.69277120692198,-7.257846906559722],[112.69277120692198,-7.258746123342997],[112.69187199013871,-7.258746123342997]]]],"type":"MultiPolygon"},"properties":{"Kelas":"Sedang"}},{"type":"Feature","geometry":{"coordinates":[[[[112.77549915098336,-7.25604847299317],[112.7781968013332,-7.25604847299317],[112.7781968013332,-7.256947689776446],[112.77668464185975,-7.257233085728169],[112.77585216382211,-7.259020981598042],[112.77549915098336,-7.25604847299317]]]],"type":"MultiPolygon"},"properties":{"Kelas":"Cukup Tinggi"}},{"type":"Feature","geometry":{"coordinates":[[[[112.67568608803973,-7.258746123342997],[112.67678200849436,-7.259054350970858],[112.6759934375262,-7.259842043797615],[112.67568608803973,-7.258746123342997]]]],"type":"MultiPolygon"},"properties":{"Kelas":"Cukup Tinggi"}},{"type":"Feature","geometry":{"coordinates":[[[[112.68287982230595,-7.259645340126273],[112.68198060552267,-7.259645340126273],[112.6824302139143,-7.257555363618268],[112.68287982230595,-7.259645340126273]]]],"type":"MultiPolygon"},"properties":{"Kelas":"Sedang"}},{"type":"Feature","geometry":{"coordinates":[[[[112.6882751230056,-7.259645340126273],[112.68541238207446,-7.258911213924302],[112.68467825587248,-7.257846906559722],[112.68557747265577,-7.257846906559722],[112.68917433978888,-7.257846906559722],[112.68917433978888,-7.258746123342997],[112.6882751230056,-7.258746123342997],[112.6882751230056,-7.259645340126273]]]],"type":"MultiPolygon"},"properties":{"Kelas":"Sangat Rendah"}},{"type":"Feature","geometry":{"coordinates":[[[[112.69187199013871,-7.259645340126273],[112.69097277335543,-7.259645340126273],[112.69007355657214,-7.259645340126273],[112.69007355657214,-7.258746123342997],[112.69187199013871,-7.258746123342997],[112.69187199013871,-7.259645340126273]]]],"type":"MultiPolygon"},"properties":{"Kelas":"Sedang"}},{"type":"Feature","geometry":{"coordinates":[[[[112.7323367453861,-7.259645340126273],[112.7323367453861,-7.25604847299317],[112.73323596216939,-7.25604847299317],[112.73323596216939,-7.252451605860067],[112.73413517895267,-7.252451605860067],[112.73413517895267,-7.253350822643341],[112.73450224205365,-7.255681409892183],[112.73593361251922,-7.257846906559722],[112.73323596216939,-7.257846906559722],[112.73323596216939,-7.259645340126273],[112.7323367453861,-7.259645340126273]]]],"type":"MultiPolygon"},"properties":{"Kelas":"Sedang"}},{"type":"Feature","geometry":{"coordinates":[[[[112.77100306706697,-7.259645340126273],[112.76990714661235,-7.259337112498413],[112.77069571758051,-7.258549419671656],[112.77100306706697,-7.259645340126273]]]],"type":"MultiPolygon"},"properties":{"Kelas":"Sangat Rendah"}},{"type":"Feature","geometry":{"coordinates":[[[[112.80607252161474,-7.259645340126273],[112.80157643769836,-7.259645340126273],[112.80157643769836,-7.25604847299317],[112.80607252161474,-7.25604847299317],[112.80652213000639,-7.257200594496743],[112.80697173839802,-7.25604847299317],[112.80966938874784,-7.25604847299317],[112.80917411700393,-7.258148987197853],[112.80641499675681,-7.259088598485066],[112.80607252161474,-7.259645340126273]]]],"type":"MultiPolygon"},"properties":{"Kelas":"Tinggi"}},{"type":"Feature","geometry":{"coordinates":[[[[112.81686312301404,-7.259645340126273],[112.81596390623078,-7.259645340126273],[112.81596390623078,-7.257846906559722],[112.8150646894475,-7.257846906559722],[112.8150646894475,-7.256947689776446],[112.81686312301404,-7.256947689776446],[112.81686312301404,-7.259645340126273]]]],"type":"MultiPolygon"},"properties":{"Kelas":"Sedang"}},{"type":"Feature","geometry":{"coordinates":[[[[112.81686312301404,-7.259645340126273],[112.81686312301404,-7.256947689776446],[112.81776233979733,-7.256947689776446],[112.81776233979733,-7.259645340126273],[112.81686312301404,-7.259645340126273]]]],"type":"MultiPolygon"},"properties":{"Kelas":"Cukup Rendah"}},{"type":"Feature","geometry":{"coordinates":[[[[112.82135920693042,-7.259645340126273],[112.82045999014716,-7.259645340126273],[112.82090959853879,-7.258493218622702],[112.82135920693042,-7.259645340126273]]]],"type":"MultiPolygon"},"properties":{"Kelas":"Sedang"}},{"type":"Feature","geometry":{"coordinates":[[[[112.65140723489128,-7.257846906559722],[112.65230645167456,-7.257846906559722],[112.65230645167456,-7.255149256209894],[112.65500410202439,-7.255149256209894],[112.65589453739376,-7.256941542786716],[112.65350774909597,-7.258148987197853],[112.65320566845784,-7.258746123342997],[112.65259272576768,-7.259031519294721],[112.65176024773004,-7.260819415164594],[112.65140723489128,-7.257846906559722]]]],"type":"MultiPolygon"},"properties":{"Kelas":"Tinggi"}},{"type":"Feature","geometry":{"coordinates":[[[[112.68467825587248,-7.260544556909549],[112.68287982230595,-7.260544556909549],[112.68287982230595,-7.259645340126273],[112.68467825587248,-7.259645340126273],[112.68467825587248,-7.260544556909549]]]],"type":"MultiPolygon"},"properties":{"Kelas":"Sedang"}},{"type":"Feature","geometry":{"coordinates":[[[[112.69456964048852,-7.260544556909549],[112.69367042370526,-7.260544556909549],[112.69367042370526,-7.257846906559722],[112.69456964048852,-7.257846906559722],[112.69513691982641,-7.258237679478235],[112.69456964048852,-7.260544556909549]]]],"type":"MultiPolygon"},"properties":{"Kelas":"Sangat Rendah"}},{"type":"Feature","geometry":{"coordinates":[[[[112.69816650762164,-7.260544556909549],[112.69699857957303,-7.260044016317297],[112.69780646965177,-7.258501121895209],[112.69816650762164,-7.260544556909549]]]],"type":"MultiPolygon"},"properties":{"Kelas":"Sangat Rendah"}},{"type":"Feature","geometry":{"coordinates":[[[[112.73143752860284,-7.25604847299317],[112.7323367453861,-7.25604847299317],[112.7323367453861,-7.259645340126273],[112.73094225685892,-7.260231060433348],[112.72896643873162,-7.257367441360826],[112.73107046550186,-7.25658062667546],[112.73143752860284,-7.25604847299317]]]],"type":"MultiPolygon"},"properties":{"Kelas":"Cukup Rendah"}},{"type":"Feature","geometry":{"coordinates":[[[[112.77999523489973,-7.260544556909549],[112.77909601811646,-7.260544556909549],[112.77909601811646,-7.259645340126273],[112.77999523489973,-7.259645340126273],[112.77999523489973,-7.260544556909549]]]],"type":"MultiPolygon"},"properties":{"Kelas":"Sedang"}},{"type":"Feature","geometry":{"coordinates":[[[[112.79348348664888,-7.260544556909549],[112.79348348664888,-7.259645340126273],[112.79528192021543,-7.259645340126273],[112.79528192021543,-7.260544556909549],[112.79348348664888,-7.260544556909549]]]],"type":"MultiPolygon"},"properties":{"Kelas":"Sedang"}},{"type":"Feature","geometry":{"coordinates":[[[[112.80067722091508,-7.260544556909549],[112.7996480392061,-7.256850216082166],[112.79848713628863,-7.258354472283093],[112.7968783812623,-7.2591377744029],[112.79489026915553,-7.254028747796358],[112.79887878734853,-7.253350822643341],[112.79999051434817,-7.254640812345132],[112.80607252161474,-7.255149256209894],[112.80607252161474,-7.25604847299317],[112.80157643769836,-7.25604847299317],[112.80157643769836,-7.259645340126273],[112.80607252161474,-7.259645340126273],[112.80607252161474,-7.260544556909549],[112.80067722091508,-7.260544556909549]],[[112.79887878734853,-7.25604847299317],[112.79775476636944,-7.253996256564932],[112.79676246659884,-7.255592717611803],[112.79887878734853,-7.25604847299317]]]],"type":"MultiPolygon"},"properties":{"Kelas":"Cukup Tinggi"}},{"type":"Feature","geometry":{"coordinates":[[[[112.8222584237137,-7.260544556909549],[112.82135920693042,-7.260544556909549],[112.82135920693042,-7.259645340126273],[112.8222584237137,-7.259645340126273],[112.8222584237137,-7.260544556909549]]]],"type":"MultiPolygon"},"properties":{"Kelas":"Sedang"}},{"type":"Feature","geometry":{"coordinates":[[[[112.64870958454145,-7.261443773692825],[112.64750828712005,-7.260836099851002],[112.64829334552263,-7.25851253773328],[112.64960880132473,-7.257846906559722],[112.64960880132473,-7.258746123342997],[112.64960880132473,-7.259645340126273],[112.64870958454145,-7.259645340126273],[112.64870958454145,-7.261443773692825]]]],"type":"MultiPolygon"},"properties":{"Kelas":"Sangat Rendah"}},{"type":"Feature","geometry":{"coordinates":[[[[112.65500410202439,-7.261443773692825],[112.65410488524111,-7.261443773692825],[112.65477051641467,-7.259230857390232],[112.65590331880766,-7.260544556909549],[112.65500410202439,-7.260544556909549],[112.65500410202439,-7.261443773692825]]]],"type":"MultiPolygon"},"properties":{"Kelas":"Cukup Rendah"}},{"type":"Feature","geometry":{"coordinates":[[[[112.65590331880766,-7.261443773692825],[112.65500410202439,-7.261443773692825],[112.65500410202439,-7.260544556909549],[112.65590331880766,-7.260544556909549],[112.65590331880766,-7.261443773692825]]]],"type":"MultiPolygon"},"properties":{"Kelas":"Sangat Rendah"}},{"type":"Feature","geometry":{"coordinates":[[[[112.676585304823,-7.261443773692825],[112.67548938436839,-7.261135546064963],[112.67627795533653,-7.260347853238207],[112.676585304823,-7.261443773692825]]]],"type":"MultiPolygon"},"properties":{"Kelas":"Cukup Tinggi"}},{"type":"Feature","geometry":{"coordinates":[[[[112.70625945867111,-7.251552389076791],[112.7071586754544,-7.251552389076791],[112.7071586754544,-7.250653172293514],[112.70768204772278,-7.251029016808399],[112.70843373675255,-7.253874194911733],[112.709666647264,-7.254758483291381],[112.70825108334344,-7.26181961820771],[112.70607329269646,-7.260807999326525],[112.70449439447738,-7.254250039426617],[112.70625945867111,-7.251552389076791]]]],"type":"MultiPolygon"},"properties":{"Kelas":"Sangat Rendah"}},{"type":"Feature","geometry":{"coordinates":[[[[112.72334457755335,-7.261443773692825],[112.71974771042025,-7.261443773692825],[112.71974771042025,-7.259645340126273],[112.72334457755335,-7.259645340126273],[112.72334457755335,-7.261443773692825]]]],"type":"MultiPolygon"},"properties":{"Kelas":"Tinggi"}},{"type":"Feature","geometry":{"coordinates":[[[[112.78718896916595,-7.261443773692825],[112.78231001560356,-7.26096782105949],[112.77995132783025,-7.257738017027371],[112.78494795233888,-7.257117171064699],[112.79401915289672,-7.258251729740474],[112.79348348664888,-7.259645340126273],[112.78808818594922,-7.26031975271373],[112.78718896916595,-7.261443773692825]]]],"type":"MultiPolygon"},"properties":{"Kelas":"Tinggi"}},{"type":"Feature","geometry":{"coordinates":[[[[112.78718896916595,-7.261443773692825],[112.78808818594922,-7.26031975271373],[112.79348348664888,-7.259645340126273],[112.79348348664888,-7.260544556909549],[112.79039418523914,-7.261052122632922],[112.78718896916595,-7.261443773692825]]]],"type":"MultiPolygon"},"properties":{"Kelas":"Cukup Tinggi"}},{"type":"Feature","geometry":{"coordinates":[[[[112.8107333,-7.2566426],[112.8108481,-7.2571525],[112.8108744,-7.2572693],[112.8109448,-7.2571834],[112.81123388008159,-7.256830718660041],[112.8114678223144,-7.256947689776446],[112.81296417524281,-7.257249770414576],[112.81416547266423,-7.257846906559722],[112.8150646894475,-7.257846906559722],[112.81596390623078,-7.257846906559722],[112.81596390623078,-7.259645340126273],[112.81119208591795,-7.257769630117409],[112.81056860553112,-7.261443773692825],[112.80966938874784,-7.261443773692825],[112.80966938874784,-7.259645340126273],[112.80607252161474,-7.259645340126273],[112.80641499675681,-7.259088598485066],[112.80917411700393,-7.258148987197853],[112.80966938874784,-7.25604847299317],[112.81056846819867,-7.256498012718585],[112.8107333,-7.2566426]]]],"type":"MultiPolygon"},"properties":{"Kelas":"Cukup Tinggi"}},{"type":"Feature","geometry":{"coordinates":[[[[112.64960880132473,-7.262342990476101],[112.64870958454145,-7.262342990476101],[112.64870958454145,-7.261443773692825],[112.64870958454145,-7.259645340126273],[112.64960880132473,-7.259645340126273],[112.64960880132473,-7.262342990476101]]]],"type":"MultiPolygon"},"properties":{"Kelas":"Cukup Rendah"}},{"type":"Feature","geometry":{"coordinates":[[[[112.65410488524111,-7.262342990476101],[112.65410488524111,-7.261443773692825],[112.65500410202439,-7.261443773692825],[112.65500410202439,-7.262342990476101],[112.65410488524111,-7.262342990476101]]]],"type":"MultiPolygon"},"properties":{"Kelas":"Sangat Rendah"}},{"type":"Feature","geometry":{"coordinates":[[[[112.65680253559094,-7.262342990476101],[112.65590331880766,-7.262342990476101],[112.65590331880766,-7.261443773692825],[112.65680253559094,-7.261443773692825],[112.65680253559094,-7.262342990476101]]]],"type":"MultiPolygon"},"properties":{"Kelas":"Cukup Rendah"}},{"type":"Feature","geometry":{"coordinates":[[[[112.65680253559094,-7.262342990476101],[112.65680253559094,-7.261443773692825],[112.65680253559094,-7.260544556909549],[112.65590331880766,-7.260544556909549],[112.65477051641467,-7.259230857390232],[112.65410488524111,-7.261443773692825],[112.65320566845784,-7.261443773692825],[112.65320566845784,-7.258746123342997],[112.65657421882956,-7.258517806581619],[112.65872039638651,-7.256396216983577],[112.65703085235232,-7.25582015623179],[112.65680253559094,-7.255149256209894],[112.65985846762786,-7.255619061853499],[112.65838845894113,-7.261288342666809],[112.65680253559094,-7.262342990476101]]]],"type":"MultiPolygon"},"properties":{"Kelas":"Sedang"}},{"type":"Feature","geometry":{"coordinates":[[[[112.67029078734008,-7.262342990476101],[112.66789521762838,-7.262040909837969],[112.66549262278556,-7.260846637547681],[112.66129861950732,-7.260544556909549],[112.66073485273499,-7.255775371020905],[112.6693915705568,-7.255149256209894],[112.6693915705568,-7.25604847299317],[112.67029078734008,-7.25604847299317],[112.66956192998644,-7.260487477719204],[112.67029078734008,-7.262342990476101]]]],"type":"MultiPolygon"},"properties":{"Kelas":"Sangat Rendah"}},{"type":"Feature","geometry":{"coordinates":[[[[112.68198060552267,-7.259645340126273],[112.68287982230595,-7.259645340126273],[112.68287982230595,-7.260544556909549],[112.68467825587248,-7.260544556909549],[112.68436212497213,-7.261169793579171],[112.6813413185908,-7.262645071114232],[112.68035428766854,-7.260912498151924],[112.68167852488453,-7.260242476271417],[112.68198060552267,-7.259645340126273]]]],"type":"MultiPolygon"},"properties":{"Kelas":"Cukup Tinggi"}},{"type":"Feature","geometry":{"coordinates":[[[[112.69726729083835,-7.262342990476101],[112.69656126516087,-7.260946745666132],[112.69456964048852,-7.260544556909549],[112.69513691982641,-7.258237679478235],[112.69456964048852,-7.257846906559722],[112.69456964048852,-7.256947689776446],[112.69636807405507,-7.256947689776446],[112.69636807405507,-7.25604847299317],[112.69726729083835,-7.25604847299317],[112.69936780504304,-7.256472615284499],[112.69870217386948,-7.26161676754664],[112.69726729083835,-7.262342990476101]],[[112.69816650762164,-7.260544556909549],[112.69780646965177,-7.258501121895209],[112.69699857957303,-7.260044016317297],[112.69816650762164,-7.260544556909549]]]],"type":"MultiPolygon"},"properties":{"Kelas":"Cukup Rendah"}},{"type":"Feature","geometry":{"coordinates":[[[[112.72873987825301,-7.262342990476101],[112.72764395779839,-7.26203476284824],[112.72843252876655,-7.261247070021483],[112.72873987825301,-7.262342990476101]]]],"type":"MultiPolygon"},"properties":{"Kelas":"Tinggi"}},{"type":"Feature","geometry":{"coordinates":[[[[112.7404296964356,-7.24256022124403],[112.74482215966796,-7.242159788770229],[112.74672421391853,-7.239506923631287],[112.7479992752167,-7.241285159945871],[112.74942186426836,-7.241661004460756],[112.74919354750698,-7.245928771615755],[112.74747063409995,-7.247671004133354],[112.74942186426836,-7.247955521943686],[112.74942186426836,-7.248854738726962],[112.75032108105164,-7.248854738726962],[112.74996279936454,-7.249394795681761],[112.74636593223144,-7.250292256182258],[112.74942010798557,-7.25412358706647],[112.7512202978349,-7.253350822643341],[112.75173664497218,-7.255308199801469],[112.75531068042915,-7.254602174123974],[112.75789065983273,-7.256571845261561],[112.76058831018256,-7.257612442808613],[112.7594432138101,-7.261512268721239],[112.75543362022373,-7.262304352254944],[112.75374758875509,-7.259950933329964],[112.75069165671817,-7.260555094606229],[112.74889849199997,-7.259269495611388],[112.74669786967684,-7.253077720671078],[112.74454993583709,-7.251538338814552],[112.74530162486687,-7.247432149675296],[112.74661005553784,-7.244248008995454],[112.74080554095048,-7.243083593512422],[112.7404296964356,-7.24256022124403]],[[112.75481716496802,-7.257846906559722],[112.75450981548154,-7.256750986105104],[112.7537212445134,-7.25753867893186],[112.75481716496802,-7.257846906559722]]]],"type":"MultiPolygon"},"properties":{"Kelas":"Cukup Rendah"}},{"type":"Feature","geometry":{"coordinates":[[[[112.77909601811646,-7.259645340126273],[112.77909601811646,-7.260544556909549],[112.77999523489973,-7.260544556909549],[112.7795719707498,-7.262645071114232],[112.77699550391178,-7.261855622004697],[112.77762776571252,-7.258915604631252],[112.77909601811646,-7.259645340126273]]]],"type":"MultiPolygon"},"properties":{"Kelas":"Cukup Rendah"}},{"type":"Feature","geometry":{"coordinates":[[[[112.64960880132473,-7.263242207259378],[112.64960880132473,-7.262342990476101],[112.64960880132473,-7.259645340126273],[112.64960880132473,-7.258746123342997],[112.65050801810801,-7.258746123342997],[112.65050801810801,-7.263242207259378],[112.64960880132473,-7.263242207259378]]]],"type":"MultiPolygon"},"properties":{"Kelas":"Sedang"}},{"type":"Feature","geometry":{"coordinates":[[[[112.67388765447318,-7.263242207259378],[112.67268635705177,-7.262645071114232],[112.67029078734008,-7.262342990476101],[112.66956192998644,-7.260487477719204],[112.67029078734008,-7.25604847299317],[112.67208922090663,-7.25604847299317],[112.67208922090663,-7.256947689776446],[112.67131821276628,-7.260087923386791],[112.6735205913722,-7.260911620010535],[112.67388765447318,-7.263242207259378]]]],"type":"MultiPolygon"},"properties":{"Kelas":"Cukup Rendah"}},{"type":"Feature","geometry":{"coordinates":[[[[112.69456964048852,-7.263242207259378],[112.69307328756011,-7.262940126621245],[112.69209503805175,-7.261007337422036],[112.69258504094731,-7.26000625623753],[112.69187199013871,-7.259645340126273],[112.69187199013871,-7.258746123342997],[112.69277120692198,-7.258746123342997],[112.69277120692198,-7.257846906559722],[112.69367042370526,-7.257846906559722],[112.69367042370526,-7.260544556909549],[112.69456964048852,-7.260544556909549],[112.69389874046664,-7.261893382084462],[112.69456964048852,-7.263242207259378]]]],"type":"MultiPolygon"},"properties":{"Kelas":"Cukup Rendah"}},{"type":"Feature","geometry":{"coordinates":[[[[112.69726729083835,-7.262342990476101],[112.69695994135188,-7.263438910930718],[112.69617137038374,-7.262651218103962],[112.69726729083835,-7.262342990476101]]]],"type":"MultiPolygon"},"properties":{"Kelas":"Cukup Tinggi"}},{"type":"Feature","geometry":{"coordinates":[[[[112.70086415797147,-7.263242207259378],[112.69966286055005,-7.262634533417554],[112.70033376057195,-7.257656349878109],[112.70143494987491,-7.257118927347479],[112.70206545539287,-7.260242476271417],[112.70266259153802,-7.261443773692825],[112.70086415797147,-7.261443773692825],[112.70086415797147,-7.263242207259378]]]],"type":"MultiPolygon"},"properties":{"Kelas":"Cukup Tinggi"}},{"type":"Feature","geometry":{"coordinates":[[[[112.70086415797147,-7.263242207259378],[112.70086415797147,-7.261443773692825],[112.70266259153802,-7.261443773692825],[112.70266259153802,-7.263242207259378],[112.70086415797147,-7.263242207259378]]]],"type":"MultiPolygon"},"properties":{"Kelas":"Tinggi"}},{"type":"Feature","geometry":{"coordinates":[[[[112.73863126286905,-7.263242207259378],[112.73773204608577,-7.263242207259378],[112.73773204608577,-7.262342990476101],[112.73863126286905,-7.262342990476101],[112.73863126286905,-7.263242207259378]]]],"type":"MultiPolygon"},"properties":{"Kelas":"Cukup Rendah"}},{"type":"Feature","geometry":{"coordinates":[[[[112.76111168245095,-7.263242207259378],[112.76001576199633,-7.262933979631516],[112.76080433296447,-7.262146286804759],[112.76111168245095,-7.263242207259378]]]],"type":"MultiPolygon"},"properties":{"Kelas":"Cukup Tinggi"}},{"type":"Feature","geometry":{"coordinates":[[[[112.7701038502837,-7.248854738726962],[112.77058682804815,-7.250738352008335],[112.77494767819049,-7.253227004707364],[112.77774719294155,-7.252599133613572],[112.7802516521856,-7.25316026596173],[112.78089445168301,-7.250653172293514],[112.78269288524956,-7.250653172293514],[112.78269288524956,-7.252451605860067],[112.78179366846629,-7.252451605860067],[112.78179366846629,-7.254250039426617],[112.781261514784,-7.254617102527604],[112.7805045569059,-7.255713022982221],[112.77637026724216,-7.254786583815857],[112.77549915098336,-7.25604847299317],[112.77410114989061,-7.256448027325582],[112.77315451347228,-7.262948029893755],[112.77025489060277,-7.262587991923889],[112.76855480887188,-7.258553810378606],[112.76892362825565,-7.255598864601531],[112.76867774866648,-7.253623046474216],[112.77058155919983,-7.253860144649494],[112.77140349954078,-7.253492203407118],[112.76960506597423,-7.252052051527654],[112.76880420102663,-7.249895336274015],[112.7701038502837,-7.248854738726962]],[[112.77100306706697,-7.259645340126273],[112.77069571758051,-7.258549419671656],[112.76990714661235,-7.259337112498413],[112.77100306706697,-7.259645340126273]]]],"type":"MultiPolygon"},"properties":{"Kelas":"Cukup Rendah"}},{"type":"Feature","geometry":{"coordinates":[[[[112.80067722091508,-7.260544556909549],[112.80106887197499,-7.261052122632922],[112.80286730554154,-7.262440464170382],[112.80058765049331,-7.263633858319281],[112.79944606668641,-7.26149470589344],[112.80067722091508,-7.260544556909549]]]],"type":"MultiPolygon"},"properties":{"Kelas":"Cukup Rendah"}},{"type":"Feature","geometry":{"coordinates":[[[[112.81056860553112,-7.261443773692825],[112.81119208591795,-7.257769630117409],[112.81596390623078,-7.259645340126273],[112.8154826847491,-7.262698637739017],[112.81323113022535,-7.26320356903822],[112.81056860553112,-7.261443773692825]]]],"type":"MultiPolygon"},"properties":{"Kelas":"Tinggi"}},{"type":"Feature","geometry":{"coordinates":[[[[112.64870958454145,-7.264141424042652],[112.64511271740835,-7.264141424042652],[112.64511271740835,-7.263242207259378],[112.64631401482976,-7.262645071114232],[112.64870958454145,-7.262342990476101],[112.64870958454145,-7.263242207259378],[112.64870958454145,-7.264141424042652]]]],"type":"MultiPolygon"},"properties":{"Kelas":"Cukup Rendah"}},{"type":"Feature","geometry":{"coordinates":[[[[112.65320566845784,-7.264141424042652],[112.65230645167456,-7.264141424042652],[112.65230645167456,-7.261443773692825],[112.65320566845784,-7.261443773692825],[112.65320566845784,-7.264141424042652]]]],"type":"MultiPolygon"},"properties":{"Kelas":"Sedang"}},{"type":"Feature","geometry":{"coordinates":[[[[112.65320566845784,-7.264141424042652],[112.65320566845784,-7.261443773692825],[112.65410488524111,-7.261443773692825],[112.65410488524111,-7.262342990476101],[112.65410488524111,-7.264141424042652],[112.65320566845784,-7.264141424042652]]]],"type":"MultiPolygon"},"properties":{"Kelas":"Cukup Rendah"}},{"type":"Feature","geometry":{"coordinates":[[[[112.65680253559094,-7.264141424042652],[112.65680253559094,-7.262342990476101],[112.65838845894113,-7.261288342666809],[112.65985846762786,-7.255619061853499],[112.65680253559094,-7.255149256209894],[112.65590331880766,-7.255149256209894],[112.65529564496583,-7.250279084061409],[112.65737508377717,-7.250020910492774],[112.65900140163129,-7.252052051527654],[112.66098073232416,-7.252885407706685],[112.65909975346696,-7.254391420190395],[112.66179740381679,-7.253850485094205],[112.66261231902664,-7.25283271922329],[112.66489548664042,-7.253350822643341],[112.66489548664042,-7.254250039426617],[112.66669392020697,-7.254250039426617],[112.66759313699025,-7.254250039426617],[112.6693915705568,-7.254250039426617],[112.6693915705568,-7.255149256209894],[112.66073485273499,-7.255775371020905],[112.66129861950732,-7.260544556909549],[112.66129861950732,-7.261443773692825],[112.65950018594077,-7.261443773692825],[112.65950018594077,-7.262342990476101],[112.65680253559094,-7.264141424042652]],[[112.65770175237421,-7.254250039426617],[112.65734171440435,-7.252206604412279],[112.65653382432562,-7.253749498834365],[112.65770175237421,-7.254250039426617]]]],"type":"MultiPolygon"},"properties":{"Kelas":"Cukup Rendah"}},{"type":"Feature","geometry":{"coordinates":[[[[112.66039940272404,-7.264141424042652],[112.65950018594077,-7.264141424042652],[112.65950018594077,-7.263242207259378],[112.66039940272404,-7.263242207259378],[112.66039940272404,-7.264141424042652]]]],"type":"MultiPolygon"},"properties":{"Kelas":"Cukup Rendah"}},{"type":"Feature","geometry":{"coordinates":[[[[112.6954688572718,-7.264141424042652],[112.69456964048852,-7.264141424042652],[112.69456964048852,-7.263242207259378],[112.6954688572718,-7.263242207259378],[112.6954688572718,-7.264141424042652]]]],"type":"MultiPolygon"},"properties":{"Kelas":"Cukup Rendah"}},{"type":"Feature","geometry":{"coordinates":[[[[112.71255397615404,-7.264141424042652],[112.70954546375219,-7.263750651124139],[112.71194454602944,-7.262984911832131],[112.71255397615404,-7.264141424042652]]]],"type":"MultiPolygon"},"properties":{"Kelas":"Cukup Rendah"}},{"type":"Feature","geometry":{"coordinates":[[[[112.72873987825301,-7.264141424042652],[112.72764395779839,-7.263833196414792],[112.72843252876655,-7.263045503588035],[112.72873987825301,-7.264141424042652]]]],"type":"MultiPolygon"},"properties":{"Kelas":"Tinggi"}},{"type":"Feature","geometry":{"coordinates":[[[[112.73143752860284,-7.264141424042652],[112.73143752860284,-7.262342990476101],[112.7323367453861,-7.262342990476101],[112.7323367453861,-7.264141424042652],[112.73143752860284,-7.264141424042652]]]],"type":"MultiPolygon"},"properties":{"Kelas":"Cukup Tinggi"}},{"type":"Feature","geometry":{"coordinates":[[[[112.73953047965233,-7.264141424042652],[112.73863126286905,-7.264141424042652],[112.73863126286905,-7.263242207259378],[112.73863126286905,-7.262342990476101],[112.73953047965233,-7.262342990476101],[112.73953047965233,-7.264141424042652]]]],"type":"MultiPolygon"},"properties":{"Kelas":"Sangat Rendah"}},{"type":"Feature","geometry":{"coordinates":[[[[112.78269288524956,-7.264141424042652],[112.78269288524956,-7.263242207259378],[112.78089445168301,-7.263242207259378],[112.78089445168301,-7.260544556909549],[112.77999523489973,-7.260544556909549],[112.77999523489973,-7.259645340126273],[112.77909601811646,-7.259645340126273],[112.77879393747833,-7.258148987197853],[112.7781968013332,-7.256947689776446],[112.78179366846629,-7.256947689776446],[112.78179366846629,-7.254250039426617],[112.78269288524956,-7.254250039426617],[112.78269288524956,-7.252451605860067],[112.78653563197184,-7.253104064912774],[112.78819005035045,-7.257147027871957],[112.79360467016069,-7.256347041065741],[112.79489026915553,-7.257339340836349],[112.79528192021543,-7.259645340126273],[112.79348348664888,-7.259645340126273],[112.79401915289672,-7.258251729740474],[112.78494795233888,-7.257117171064699],[112.77995132783025,-7.257738017027371],[112.78231001560356,-7.26096782105949],[112.78718896916595,-7.261443773692825],[112.78682190606496,-7.261975927375115],[112.7848583819171,-7.262710053577086],[112.78269288524956,-7.264141424042652]]]],"type":"MultiPolygon"},"properties":{"Kelas":"Cukup Tinggi"}},{"type":"Feature","geometry":{"coordinates":[[[[112.64511271740835,-7.263242207259378],[112.64511271740835,-7.264141424042652],[112.64402733465042,-7.265448976572241],[112.64208312961314,-7.264130886345974],[112.64511271740835,-7.263242207259378]]]],"type":"MultiPolygon"},"properties":{"Kelas":"Sedang"}},{"type":"Feature","geometry":{"coordinates":[[[[112.65230645167456,-7.265040640825928],[112.65140723489128,-7.265040640825928],[112.65140723489128,-7.264141424042652],[112.65230645167456,-7.264141424042652],[112.65230645167456,-7.265040640825928]]]],"type":"MultiPolygon"},"properties":{"Kelas":"Sedang"}},{"type":"Feature","geometry":{"coordinates":[[[[112.6882751230056,-7.265040640825928],[112.68767798686045,-7.264738560187796],[112.68707382558419,-7.262061985231327],[112.6882751230056,-7.259645340126273],[112.69037563721028,-7.260707891208074],[112.68977147593401,-7.263839343404522],[112.68857720364373,-7.264443504680784],[112.6882751230056,-7.265040640825928]]]],"type":"MultiPolygon"},"properties":{"Kelas":"Sedang"}},{"type":"Feature","geometry":{"coordinates":[[[[112.71974771042025,-7.265040640825928],[112.71865178996563,-7.264732413198068],[112.71944036093379,-7.263944720371311],[112.71974771042025,-7.265040640825928]]]],"type":"MultiPolygon"},"properties":{"Kelas":"Cukup Rendah"}},{"type":"Feature","geometry":{"coordinates":[[[[112.65050801810801,-7.265939857609204],[112.64960880132473,-7.265939857609204],[112.64960880132473,-7.263242207259378],[112.65050801810801,-7.263242207259378],[112.65050801810801,-7.258746123342997],[112.65050801810801,-7.257846906559722],[112.65140723489128,-7.257846906559722],[112.65176024773004,-7.260819415164594],[112.65259272576768,-7.259031519294721],[112.65320566845784,-7.258746123342997],[112.65320566845784,-7.261443773692825],[112.65230645167456,-7.261443773692825],[112.65230645167456,-7.264141424042652],[112.65140723489128,-7.264141424042652],[112.65140723489128,-7.265040640825928],[112.65050801810801,-7.265040640825928],[112.65050801810801,-7.265939857609204]]]],"type":"MultiPolygon"},"properties":{"Kelas":"Cukup Tinggi"}},{"type":"Feature","geometry":{"coordinates":[[[[112.65140723489128,-7.265939857609204],[112.65050801810801,-7.265939857609204],[112.65050801810801,-7.265040640825928],[112.65140723489128,-7.265040640825928],[112.65140723489128,-7.265939857609204]]]],"type":"MultiPolygon"},"properties":{"Kelas":"Sedang"}},{"type":"Feature","geometry":{"coordinates":[[[[112.65140723489128,-7.265939857609204],[112.65140723489128,-7.265040640825928],[112.65230645167456,-7.265040640825928],[112.65230645167456,-7.265939857609204],[112.65140723489128,-7.265939857609204]]]],"type":"MultiPolygon"},"properties":{"Kelas":"Cukup Rendah"}},{"type":"Feature","geometry":{"coordinates":[[[[112.67568608803973,-7.265939857609204],[112.67628322418489,-7.262299961547996],[112.67388765447318,-7.263242207259378],[112.6735205913722,-7.260911620010535],[112.67131821276628,-7.260087923386791],[112.67208922090663,-7.256947689776446],[112.67298843768991,-7.256947689776446],[112.6736944633674,-7.258343934586415],[112.67568608803973,-7.258746123342997],[112.67568608803973,-7.257846906559722],[112.676585304823,-7.257846906559722],[112.67838373838956,-7.258746123342997],[112.6787806582978,-7.260171346818835],[112.68198060552267,-7.259645340126273],[112.68167852488453,-7.260242476271417],[112.68035428766854,-7.260912498151924],[112.6813413185908,-7.262645071114232],[112.68436212497213,-7.261169793579171],[112.68467825587248,-7.260544556909549],[112.68676998866327,-7.260953770797251],[112.68577417632712,-7.262811917978317],[112.68317312153017,-7.263536384624999],[112.6824302139143,-7.265066985067627],[112.68140103220532,-7.262948029893755],[112.67777782083051,-7.263536384624999],[112.67748452160629,-7.265040640825928],[112.676585304823,-7.265040640825928],[112.676585304823,-7.265939857609204],[112.67568608803973,-7.265939857609204]],[[112.6759934375262,-7.259842043797615],[112.67678200849436,-7.259054350970858],[112.67568608803973,-7.258746123342997],[112.6759934375262,-7.259842043797615]],[[112.67627795533653,-7.260347853238207],[112.67548938436839,-7.261135546064963],[112.676585304823,-7.261443773692825],[112.67627795533653,-7.260347853238207]]]],"type":"MultiPolygon"},"properties":{"Kelas":"Sedang"}},{"type":"Feature","geometry":{"coordinates":[[[[112.676585304823,-7.265939857609204],[112.676585304823,-7.265040640825928],[112.67748452160629,-7.265040640825928],[112.67748452160629,-7.265939857609204],[112.676585304823,-7.265939857609204]]]],"type":"MultiPolygon"},"properties":{"Kelas":"Cukup Rendah"}},{"type":"Feature","geometry":{"coordinates":[[[[112.6954688572718,-7.265939857609204],[112.69141184405038,-7.265250516618119],[112.69097277335543,-7.259645340126273],[112.69187199013871,-7.259645340126273],[112.69258504094731,-7.26000625623753],[112.69209503805175,-7.261007337422036],[112.69307328756011,-7.262940126621245],[112.69456964048852,-7.263242207259378],[112.69456964048852,-7.264141424042652],[112.6954688572718,-7.264141424042652],[112.6954688572718,-7.265939857609204]]]],"type":"MultiPolygon"},"properties":{"Kelas":"Sangat Rendah"}},{"type":"Feature","geometry":{"coordinates":[[[[112.6954688572718,-7.265939857609204],[112.6954688572718,-7.264141424042652],[112.6967228431766,-7.265040640825928],[112.6954688572718,-7.265939857609204]]]],"type":"MultiPolygon"},"properties":{"Kelas":"Cukup Rendah"}},{"type":"Feature","geometry":{"coordinates":[[[[112.75841403210111,-7.265939857609204],[112.75724610405253,-7.265439317016952],[112.75805399413125,-7.263896422594865],[112.75841403210111,-7.265939857609204]]]],"type":"MultiPolygon"},"properties":{"Kelas":"Sangat Rendah"}},{"type":"Feature","geometry":{"coordinates":[[[[112.7665069831506,-7.265939857609204],[112.76260803537937,-7.265582454063509],[112.76353184012156,-7.263839343404522],[112.76723935306978,-7.264466336356922],[112.7665069831506,-7.265939857609204]]]],"type":"MultiPolygon"},"properties":{"Kelas":"Tinggi"}},{"type":"Feature","geometry":{"coordinates":[[[[112.6469111509749,-7.266839074392481],[112.6469111509749,-7.265939857609204],[112.64781036775818,-7.265939857609204],[112.64781036775818,-7.266839074392481],[112.6469111509749,-7.266839074392481]]]],"type":"MultiPolygon"},"properties":{"Kelas":"Cukup Rendah"}},{"type":"Feature","geometry":{"coordinates":[[[[112.68198060552267,-7.266839074392481],[112.67928295517284,-7.266839074392481],[112.67928295517284,-7.265040640825928],[112.68167852488453,-7.266241938247337],[112.68198060552267,-7.266839074392481]]]],"type":"MultiPolygon"},"properties":{"Kelas":"Sangat Rendah"}},{"type":"Feature","geometry":{"coordinates":[[[[112.68647668943905,-7.266839074392481],[112.68530876139044,-7.266338533800226],[112.68611665146918,-7.264795639378141],[112.68647668943905,-7.266839074392481]]]],"type":"MultiPolygon"},"properties":{"Kelas":"Sedang"}},{"type":"Feature","geometry":{"coordinates":[[[[112.71255397615404,-7.265939857609204],[112.71205343556178,-7.267108663799185],[112.71050966299832,-7.266299895579071],[112.71255397615404,-7.265939857609204]]]],"type":"MultiPolygon"},"properties":{"Kelas":"Cukup Tinggi"}},{"type":"Feature","geometry":{"coordinates":[[[[112.7404296964356,-7.266839074392481],[112.73982553515933,-7.265644802102193],[112.7380341267239,-7.264738560187796],[112.73773204608577,-7.263242207259378],[112.73863126286905,-7.263242207259378],[112.73863126286905,-7.264141424042652],[112.73953047965233,-7.264141424042652],[112.74166436322983,-7.265850287187433],[112.7404296964356,-7.266839074392481]]]],"type":"MultiPolygon"},"properties":{"Kelas":"Sedang"}},{"type":"Feature","geometry":{"coordinates":[[[[112.74852264748509,-7.266839074392481],[112.74642213328039,-7.266414932101149],[112.74721070424854,-7.263839343404522],[112.74937093206773,-7.265131967530481],[112.74852264748509,-7.266839074392481]]]],"type":"MultiPolygon"},"properties":{"Kelas":"Cukup Rendah"}},{"type":"Feature","geometry":{"coordinates":[[[[112.78179366846629,-7.266839074392481],[112.78179366846629,-7.265939857609204],[112.78294578996986,-7.266389466000842],[112.78179366846629,-7.266839074392481]]]],"type":"MultiPolygon"},"properties":{"Kelas":"Sangat Rendah"}},{"type":"Feature","geometry":{"coordinates":[[[[112.82675450763008,-7.263242207259378],[112.8274675584387,-7.263603123370633],[112.82698458067424,-7.26459191057568],[112.82765372441335,-7.265939857609204],[112.82464696829427,-7.266636223731409],[112.82276598943707,-7.264848327861536],[112.82675450763008,-7.263242207259378]]]],"type":"MultiPolygon"},"properties":{"Kelas":"Sedang"}},{"type":"Feature","geometry":{"coordinates":[[[[112.65140723489128,-7.267738291175757],[112.65050801810801,-7.267738291175757],[112.65050801810801,-7.265939857609204],[112.65140723489128,-7.265939857609204],[112.65140723489128,-7.267738291175757]]]],"type":"MultiPolygon"},"properties":{"Kelas":"Cukup Rendah"}},{"type":"Feature","geometry":{"coordinates":[[[[112.65140723489128,-7.267738291175757],[112.65140723489128,-7.265939857609204],[112.65230645167456,-7.265939857609204],[112.65230645167456,-7.265040640825928],[112.65441750357593,-7.26619803117784],[112.65140723489128,-7.267738291175757]]]],"type":"MultiPolygon"},"properties":{"Kelas":"Sangat Rendah"}},{"type":"Feature","geometry":{"coordinates":[[[[112.65860096915749,-7.267738291175757],[112.65680253559094,-7.267738291175757],[112.65735927723215,-7.26641141953559],[112.65680253559094,-7.264141424042652],[112.65950018594077,-7.262342990476101],[112.65950018594077,-7.263242207259378],[112.65950018594077,-7.264141424042652],[112.66039940272404,-7.264141424042652],[112.6600376084714,-7.267011190104904],[112.65860096915749,-7.267738291175757]]]],"type":"MultiPolygon"},"properties":{"Kelas":"Sedang"}},{"type":"Feature","geometry":{"coordinates":[[[[112.67208922090663,-7.267738291175757],[112.67029078734008,-7.267738291175757],[112.67083172243628,-7.265630751839954],[112.6735205913722,-7.263774360941667],[112.67388765447318,-7.263242207259378],[112.67628322418489,-7.262299961547996],[112.67568608803973,-7.265939857609204],[112.67529619326261,-7.266503624381532],[112.67429686836088,-7.266279698327102],[112.67208922090663,-7.267738291175757]]]],"type":"MultiPolygon"},"properties":{"Kelas":"Cukup Tinggi"}},{"type":"Feature","geometry":{"coordinates":[[[[112.6882751230056,-7.267738291175757],[112.68737590622231,-7.267738291175757],[112.68737590622231,-7.266839074392481],[112.6882751230056,-7.266839074392481],[112.6882751230056,-7.267738291175757]]]],"type":"MultiPolygon"},"properties":{"Kelas":"Sedang"}},{"type":"Feature","geometry":{"coordinates":[[[[112.68917433978888,-7.267738291175757],[112.68917433978888,-7.265939857609204],[112.6882751230056,-7.265939857609204],[112.6882751230056,-7.265040640825928],[112.69026674767792,-7.265442829582511],[112.69097277335543,-7.266839074392481],[112.68917433978888,-7.267738291175757]]]],"type":"MultiPolygon"},"properties":{"Kelas":"Sangat Rendah"}},{"type":"Feature","geometry":{"coordinates":[[[[112.69726729083835,-7.267738291175757],[112.69617137038374,-7.267430063547895],[112.69695994135188,-7.266642370721138],[112.69726729083835,-7.267738291175757]]]],"type":"MultiPolygon"},"properties":{"Kelas":"Cukup Tinggi"}},{"type":"Feature","geometry":{"coordinates":[[[[112.69996494118818,-7.267738291175757],[112.69886902073357,-7.267430063547895],[112.69965759170171,-7.266642370721138],[112.69996494118818,-7.267738291175757]]]],"type":"MultiPolygon"},"properties":{"Kelas":"Sangat Rendah"}},{"type":"Feature","geometry":{"coordinates":[[[[112.76920463350042,-7.267738291175757],[112.76970517409268,-7.266569484985776],[112.77124894665616,-7.267378253205891],[112.76920463350042,-7.267738291175757]]]],"type":"MultiPolygon"},"properties":{"Kelas":"Tinggi"}},{"type":"Feature","geometry":{"coordinates":[[[[112.78179366846629,-7.266839074392481],[112.78294578996986,-7.266389466000842],[112.78179366846629,-7.265939857609204],[112.78179366846629,-7.264141424042652],[112.78269288524956,-7.264141424042652],[112.78392755204379,-7.26683819625109],[112.78250496299212,-7.268038615531108],[112.78179366846629,-7.266839074392481]]]],"type":"MultiPolygon"},"properties":{"Kelas":"Cukup Rendah"}},{"type":"Feature","geometry":{"coordinates":[[[[112.6469111509749,-7.268637507959033],[112.64601193419163,-7.268637507959033],[112.64392722653196,-7.268160677184307],[112.6469111509749,-7.267738291175757],[112.6469111509749,-7.268637507959033]]]],"type":"MultiPolygon"},"properties":{"Kelas":"Sangat Rendah"}},{"type":"Feature","geometry":{"coordinates":[[[[112.64781036775818,-7.268637507959033],[112.6469111509749,-7.268637507959033],[112.6469111509749,-7.267738291175757],[112.64781036775818,-7.267738291175757],[112.64781036775818,-7.268637507959033]]]],"type":"MultiPolygon"},"properties":{"Kelas":"Cukup Rendah"}},{"type":"Feature","geometry":{"coordinates":[[[[112.64960880132473,-7.268637507959033],[112.64781036775818,-7.268637507959033],[112.64781036775818,-7.267738291175757],[112.6469111509749,-7.267738291175757],[112.6469111509749,-7.266839074392481],[112.64781036775818,-7.266839074392481],[112.64781036775818,-7.265939857609204],[112.64870958454145,-7.264141424042652],[112.64870958454145,-7.263242207259378],[112.64960880132473,-7.263242207259378],[112.64960880132473,-7.265939857609204],[112.65050801810801,-7.265939857609204],[112.65050801810801,-7.267738291175757],[112.64960880132473,-7.267738291175757],[112.64960880132473,-7.268637507959033]]]],"type":"MultiPolygon"},"properties":{"Kelas":"Sedang"}},{"type":"Feature","geometry":{"coordinates":[[[[112.65140723489128,-7.268637507959033],[112.65050801810801,-7.268637507959033],[112.65050801810801,-7.267738291175757],[112.65140723489128,-7.267738291175757],[112.65140723489128,-7.268637507959033]]]],"type":"MultiPolygon"},"properties":{"Kelas":"Sangat Rendah"}},{"type":"Feature","geometry":{"coordinates":[[[[112.65860096915749,-7.268637507959033],[112.65770175237421,-7.268637507959033],[112.65680253559094,-7.268637507959033],[112.65680253559094,-7.267738291175757],[112.65860096915749,-7.267738291175757],[112.65860096915749,-7.268637507959033]]]],"type":"MultiPolygon"},"properties":{"Kelas":"Cukup Tinggi"}},{"type":"Feature","geometry":{"coordinates":[[[[112.68737590622231,-7.268637507959033],[112.68622378471875,-7.268187899567394],[112.68737590622231,-7.267738291175757],[112.68737590622231,-7.268637507959033]]]],"type":"MultiPolygon"},"properties":{"Kelas":"Sedang"}},{"type":"Feature","geometry":{"coordinates":[[[[112.69456964048852,-7.268637507959033],[112.69217407077683,-7.268335427320901],[112.69097277335543,-7.267738291175757],[112.69097277335543,-7.266839074392481],[112.69026674767792,-7.265442829582511],[112.6882751230056,-7.265040640825928],[112.68857720364373,-7.264443504680784],[112.68977147593401,-7.263839343404522],[112.69037563721028,-7.260707891208074],[112.6882751230056,-7.259645340126273],[112.6882751230056,-7.258746123342997],[112.68917433978888,-7.258746123342997],[112.69007355657214,-7.258746123342997],[112.69007355657214,-7.259645340126273],[112.69097277335543,-7.259645340126273],[112.69141184405038,-7.265250516618119],[112.6954688572718,-7.265939857609204],[112.69487172112666,-7.267141155030613],[112.69456964048852,-7.268637507959033]]]],"type":"MultiPolygon"},"properties":{"Kelas":"Cukup Rendah"}},{"type":"Feature","geometry":{"coordinates":[[[[112.71435240972059,-7.267738291175757],[112.71435240972059,-7.265939857609204],[112.71255397615404,-7.265939857609204],[112.71421893222933,-7.261984708789015],[112.71748210563426,-7.265507812045366],[112.71928053920081,-7.267173646262039],[112.71831282738913,-7.26832840218978],[112.71435240972059,-7.267738291175757]]]],"type":"MultiPolygon"},"properties":{"Kelas":"Cukup Tinggi"}},{"type":"Feature","geometry":{"coordinates":[[[[112.72514301111991,-7.268637507959033],[112.7247425786461,-7.26813784550817],[112.72284579324389,-7.267338736843344],[112.721145711513,-7.264540978375065],[112.7175488443799,-7.259617239601797],[112.71998129602997,-7.257655471736719],[112.73003952751009,-7.260531384788701],[112.72908410967786,-7.265440195158341],[112.72734187716026,-7.264641086493516],[112.72538889070908,-7.261426210865027],[112.72336565294671,-7.263045503588035],[112.72504290300145,-7.26513987080299],[112.72727689469741,-7.266928644814252],[112.72514301111991,-7.268637507959033]],[[112.72334457755335,-7.261443773692825],[112.72334457755335,-7.259645340126273],[112.71974771042025,-7.259645340126273],[112.71974771042025,-7.261443773692825],[112.72334457755335,-7.261443773692825]],[[112.72873987825301,-7.262342990476101],[112.72843252876655,-7.261247070021483],[112.72764395779839,-7.26203476284824],[112.72873987825301,-7.262342990476101]],[[112.72873987825301,-7.264141424042652],[112.72843252876655,-7.263045503588035],[112.72764395779839,-7.263833196414792],[112.72873987825301,-7.264141424042652]]]],"type":"MultiPolygon"},"properties":{"Kelas":"Cukup Tinggi"}},{"type":"Feature","geometry":{"coordinates":[[[[112.73593361251922,-7.268637507959033],[112.73413517895267,-7.268637507959033],[112.73413517895267,-7.266839074392481],[112.73593361251922,-7.266839074392481],[112.73593361251922,-7.268637507959033]]]],"type":"MultiPolygon"},"properties":{"Kelas":"Cukup Tinggi"}},{"type":"Feature","geometry":{"coordinates":[[[[112.73593361251922,-7.266839074392481],[112.7364657662015,-7.264673577724944],[112.73719989240348,-7.259634802429595],[112.73376811585169,-7.261076710591839],[112.7323367453861,-7.261443773692825],[112.7323367453861,-7.259645340126273],[112.73323596216939,-7.259645340126273],[112.73323596216939,-7.257846906559722],[112.73593361251922,-7.257846906559722],[112.73593361251922,-7.258746123342997],[112.73773204608577,-7.258746123342997],[112.73773204608577,-7.262342990476101],[112.73773204608577,-7.263242207259378],[112.7380341267239,-7.264738560187796],[112.73982553515933,-7.265644802102193],[112.7404296964356,-7.266839074392481],[112.73983256029045,-7.267141155030613],[112.73916868539968,-7.26845309826715],[112.73593361251922,-7.266839074392481]]]],"type":"MultiPolygon"},"properties":{"Kelas":"Cukup Tinggi"}},{"type":"Feature","geometry":{"coordinates":[[[[112.77459993420008,-7.268637507959033],[112.77240106815972,-7.268008758723852],[112.77398523522714,-7.266485183412344],[112.77459993420008,-7.268637507959033]]]],"type":"MultiPolygon"},"properties":{"Kelas":"Sedang"}},{"type":"Feature","geometry":{"coordinates":[[[[112.80697173839802,-7.268637507959033],[112.80477287235766,-7.268008758723852],[112.80635703942508,-7.266485183412344],[112.80697173839802,-7.268637507959033]]]],"type":"MultiPolygon"},"properties":{"Kelas":"Sangat Rendah"}},{"type":"Feature","geometry":{"coordinates":[[[[112.6017837,-7.2307809],[112.6017532,-7.2307161],[112.6015319,-7.2305993],[112.6011123,-7.2303718],[112.6004867,-7.2302254],[112.6004104,-7.2301997],[112.6003646,-7.2298811],[112.600357,-7.2297777],[112.600273,-7.2296852],[112.6001129,-7.2296098],[112.5998535,-7.2294739],[112.5997674,-7.2294336],[112.5996398,-7.2293738],[112.5995025,-7.2293399],[112.5994415,-7.2293557],[112.5993804,-7.2294362],[112.599388,-7.2295927],[112.599388,-7.2296771],[112.5993423,-7.2297319],[112.5992431,-7.2297624],[112.5989913,-7.2296461],[112.598915,-7.2295884],[112.5989303,-7.2292756],[112.5989455,-7.229019],[112.598648,-7.2289699],[112.5984878,-7.2289427],[112.5981139,-7.228669],[112.5979156,-7.2285589],[112.5978164,-7.2284936],[112.5977706,-7.2284173],[112.5978156,-7.2281807],[112.5978164,-7.2281765],[112.5978763,-7.2281712],[112.598175,-7.228145],[112.5982818,-7.2281311],[112.5984573,-7.2280005],[112.5986175,-7.2278274],[112.5987167,-7.2276553],[112.5987777,-7.2273558],[112.5987701,-7.2271794],[112.5987014,-7.2269791],[112.5985794,-7.2267707],[112.5984496,-7.2266334],[112.5980453,-7.2263974],[112.5979232,-7.2263258],[112.5977859,-7.2262305],[112.597618,-7.2260049],[112.5975265,-7.2257861],[112.5974349,-7.2251686],[112.5971806,-7.2238852],[112.5971527,-7.2237442],[112.5970687,-7.2236279],[112.5969466,-7.2235201],[112.5968597,-7.2234714],[112.5968528,-7.2234675],[112.5967407,-7.2234047],[112.5967025,-7.2233899],[112.596611,-7.2233733],[112.5961608,-7.2233532],[112.594757,-7.2233075],[112.5939864,-7.2233404],[112.5938777,-7.2233674],[112.5936054,-7.2234352],[112.5935668,-7.2234448],[112.5926208,-7.2237347],[112.59237172493769,-7.2237347],[112.59345692828782,-7.222377897679548],[112.59455811759078,-7.219767183327322],[112.59541481615294,-7.219660217559063],[112.5956344,-7.2199691],[112.5959243,-7.2201813],[112.5961074,-7.2204026],[112.5961532,-7.2206772],[112.5961761,-7.2210501],[112.59626193302815,-7.221193459793431],[112.59446503460345,-7.221377694636432],[112.59762107475882,-7.222212807098245],[112.59835344467801,-7.22097901844541],[112.59775971951166,-7.221039892705917],[112.5978088,-7.2202281],[112.59764769665803,-7.219565895153988],[112.5992857535973,-7.21825433411068],[112.6003951,-7.2177781],[112.6006469,-7.2174452],[112.60069820405089,-7.21712341189051],[112.6007841400453,-7.217054604573866],[112.60043815233767,-7.214275287074777],[112.60105109502783,-7.213785284179203],[112.60164823117297,-7.214986581600609],[112.60225239244924,-7.21797928745745],[112.60284952859439,-7.218281368095582],[112.60240694533387,-7.221243339003776],[112.59800218812204,-7.222792380415591],[112.59915957847394,-7.226638639703431],[112.60015187824456,-7.22727353592834],[112.60015187824456,-7.228172752711616],[112.60015187824456,-7.229071969494893],[112.60105109502783,-7.229071969494893],[112.60105109502783,-7.229971186278169],[112.60195031181111,-7.229971186278169],[112.60195031181111,-7.230870403061445],[112.60190118815237,-7.230870403061445],[112.6017837,-7.2307809]],[[112.60136195707986,-7.220467940156476],[112.60004474499499,-7.218788933818955],[112.59835344467801,-7.22097901844541],[112.60136195707986,-7.220467940156476]]],[[[112.5960028,-7.2102298],[112.5949481,-7.2090579],[112.5944794,-7.2080033],[112.5923386,-7.207057],[112.5924454,-7.2069783],[112.5924454,-7.2066874],[112.5921631,-7.2045426],[112.59259275151277,-7.202715356759812],[112.59442112753396,-7.203506639210215],[112.59959610382847,-7.203400314056963],[112.60041984989759,-7.203734623144699],[112.59844477138256,-7.20664950724473],[112.60220848537975,-7.210567774126543],[112.60329035557213,-7.206133160107457],[112.60433489938303,-7.205626189136732],[112.6061433,-7.2065533],[112.6068039,-7.206892],[112.60775734761219,-7.207370022191402],[112.60513093992539,-7.208155519728439],[112.60744923319477,-7.210153291390501],[112.60644639572749,-7.212886067395926],[112.61044896418274,-7.212156331900905],[112.60906405227851,-7.208025153968051],[112.6103287,-7.2086592],[112.6134415,-7.209043],[112.61600220732494,-7.208345587474416],[112.61472200018608,-7.208839591871184],[112.61507852559038,-7.210638025437737],[112.61468687453048,-7.212613843565052],[112.6167136248584,-7.216107090014145],[112.6177603693952,-7.216858779043914],[112.61909163174231,-7.223494015386134],[112.62083386425991,-7.222777452011961],[112.62083386425991,-7.224575885578513],[112.61903543069334,-7.224575885578513],[112.61903543069334,-7.22727353592834],[112.61993464747663,-7.22727353592834],[112.61993464747663,-7.228172752711616],[112.62173308104317,-7.228172752711616],[112.62113594489804,-7.229374050133025],[112.62083386425991,-7.232668836627996],[112.62034210508155,-7.232260500881685],[112.61886507126371,-7.230482264567101],[112.61665039867833,-7.22952157788653],[112.61748638928154,-7.221311834032189],[112.6153735810974,-7.221526978672719],[112.61128144222037,-7.223871616183798],[112.61146936447781,-7.222011712719953],[112.60773199472233,-7.218906604765204],[112.60784439682024,-7.217796634048348],[112.60602137529477,-7.216282718292129],[112.60284952859439,-7.218281368095582],[112.60328157415822,-7.21691498009287],[112.60484466583227,-7.212455778114867],[112.60105109502783,-7.213785284179203],[112.60105109502783,-7.211087633829374],[112.59835344467801,-7.211087633829374],[112.59835344467801,-7.21198685061265],[112.59808873673505,-7.211968130058726],[112.5960028,-7.2102298]],[[112.60535047527287,-7.213194295023788],[112.60613904624103,-7.213981987850543],[112.60644639572749,-7.212886067395926],[112.60535047527287,-7.213194295023788]],[[112.59628629984614,-7.208025554802731],[112.59835344467801,-7.208389983479547],[112.59786519806521,-7.207248399672654],[112.59628629984614,-7.208025554802731]],[[112.60343788332563,-7.210696860910861],[112.60644639572749,-7.211087633829374],[112.60583696560289,-7.209931121618853],[112.60343788332563,-7.210696860910861]]],[[[112.61691225458777,-7.207942875928898],[112.61686115261192,-7.208014138964662],[112.61629630084283,-7.208232103112012],[112.61691225458777,-7.207942875928898]]]],"type":"MultiPolygon"},"properties":{"Kelas":"Cukup Tinggi"}},{"type":"Feature","geometry":{"coordinates":[[[[112.6469111509749,-7.269536724742307],[112.64601193419163,-7.269536724742307],[112.64601193419163,-7.268637507959033],[112.6469111509749,-7.268637507959033],[112.6469111509749,-7.269536724742307]]]],"type":"MultiPolygon"},"properties":{"Kelas":"Cukup Rendah"}},{"type":"Feature","geometry":{"coordinates":[[[[112.6469111509749,-7.269536724742307],[112.6469111509749,-7.268637507959033],[112.64781036775818,-7.268637507959033],[112.64781036775818,-7.269536724742307],[112.6469111509749,-7.269536724742307]]]],"type":"MultiPolygon"},"properties":{"Kelas":"Sedang"}},{"type":"Feature","geometry":{"coordinates":[[[[112.67119000412336,-7.269536724742307],[112.67029078734008,-7.269536724742307],[112.67029078734008,-7.268637507959033],[112.67029078734008,-7.267738291175757],[112.67208922090663,-7.267738291175757],[112.67119000412336,-7.269536724742307]]]],"type":"MultiPolygon"},"properties":{"Kelas":"Sedang"}},{"type":"Feature","geometry":{"coordinates":[[[[112.68557747265577,-7.269536724742307],[112.68214393982119,-7.269222350124718],[112.68264974926178,-7.268187021426005],[112.68198060552267,-7.266839074392481],[112.68508922604298,-7.267637304915915],[112.68557747265577,-7.269536724742307]]]],"type":"MultiPolygon"},"properties":{"Kelas":"Sangat Rendah"}},{"type":"Feature","geometry":{"coordinates":[[[[112.6882751230056,-7.267738291175757],[112.68917433978888,-7.267738291175757],[112.68872473139723,-7.26982826768376],[112.6882751230056,-7.267738291175757]]]],"type":"MultiPolygon"},"properties":{"Kelas":"Sangat Rendah"}},{"type":"Feature","geometry":{"coordinates":[[[[112.6954688572718,-7.269536724742307],[112.69456964048852,-7.269536724742307],[112.69456964048852,-7.268637507959033],[112.6954688572718,-7.268637507959033],[112.6954688572718,-7.269536724742307]]]],"type":"MultiPolygon"},"properties":{"Kelas":"Cukup Rendah"}},{"type":"Feature","geometry":{"coordinates":[[[[112.6990657244049,-7.269536724742307],[112.69816650762164,-7.269536724742307],[112.69861611601327,-7.268384603238736],[112.6990657244049,-7.269536724742307]]]],"type":"MultiPolygon"},"properties":{"Kelas":"Sangat Rendah"}},{"type":"Feature","geometry":{"coordinates":[[[[112.70393765283617,-7.269160880227423],[112.70302262950787,-7.264597179424021],[112.70352317010013,-7.262061107089938],[112.70266259153802,-7.261443773692825],[112.70206545539287,-7.260242476271417],[112.70143494987491,-7.257118927347479],[112.70033376057195,-7.257656349878109],[112.69966286055005,-7.262634533417554],[112.70086415797147,-7.263242207259378],[112.70086415797147,-7.265040640825928],[112.69892170921696,-7.26417128084991],[112.69782403247956,-7.267395816033689],[112.69726729083835,-7.267738291175757],[112.69726729083835,-7.269536724742307],[112.69636807405507,-7.269536724742307],[112.6954688572718,-7.269536724742307],[112.6954688572718,-7.268637507959033],[112.69456964048852,-7.268637507959033],[112.69487172112666,-7.267141155030613],[112.6954688572718,-7.265939857609204],[112.6967228431766,-7.265040640825928],[112.6954688572718,-7.264141424042652],[112.6954688572718,-7.263242207259378],[112.69456964048852,-7.263242207259378],[112.69389874046664,-7.261893382084462],[112.69456964048852,-7.260544556909549],[112.69656126516087,-7.260946745666132],[112.69726729083835,-7.262342990476101],[112.69870217386948,-7.26161676754664],[112.69936780504304,-7.256472615284499],[112.69726729083835,-7.25604847299317],[112.69726729083835,-7.255149256209894],[112.69816650762164,-7.255149256209894],[112.69816650762164,-7.254250039426617],[112.69996494118818,-7.254250039426617],[112.69996494118818,-7.252451605860067],[112.70086415797147,-7.252451605860067],[112.70086415797147,-7.250653172293514],[112.70356180832128,-7.250653172293514],[112.70356180832128,-7.249753955510238],[112.70457693976803,-7.248970653390431],[112.70638942359682,-7.246621625172402],[112.70946467474431,-7.245765437317232],[112.7117741865998,-7.244371826931431],[112.71579256160007,-7.247473422320622],[112.71481958094003,-7.253195391617327],[112.71345319293732,-7.254250039426617],[112.71447710579797,-7.250001591382196],[112.71300358454569,-7.250292256182258],[112.71210436776241,-7.250114871621495],[112.71120515097914,-7.250292256182258],[112.71030593419586,-7.250114871621495],[112.70934700379806,-7.250303672020326],[112.70761355269437,-7.247313600587656],[112.70498439737295,-7.251176544561906],[112.70159125904232,-7.252072248779621],[112.70331241616655,-7.257736260744592],[112.7030120918112,-7.25925193278359],[112.70408518058969,-7.260021184641158],[112.70483686961944,-7.264664796311044],[112.70661422779264,-7.265939857609204],[112.70483686961944,-7.267214918907365],[112.70446102510456,-7.269536724742307],[112.70393765283617,-7.269160880227423]],[[112.69695994135188,-7.266642370721138],[112.69617137038374,-7.267430063547895],[112.69726729083835,-7.267738291175757],[112.69695994135188,-7.266642370721138]],[[112.69617137038374,-7.262651218103962],[112.69695994135188,-7.263438910930718],[112.69726729083835,-7.262342990476101],[112.69617137038374,-7.262651218103962]],[[112.71224662666758,-7.245960384705793],[112.71145805569942,-7.246748077532549],[112.71255397615404,-7.247056305160411],[112.71224662666758,-7.245960384705793]],[[112.70055680848499,-7.254952552538553],[112.69976823751685,-7.255740245365308],[112.70086415797147,-7.25604847299317],[112.70055680848499,-7.254952552538553]]]],"type":"MultiPolygon"},"properties":{"Kelas":"Sedang"}},{"type":"Feature","geometry":{"coordinates":[[[[112.71075554258749,-7.269536724742307],[112.71075554258749,-7.268637507959033],[112.71255397615404,-7.268637507959033],[112.71255397615404,-7.269536724742307],[112.71075554258749,-7.269536724742307]]]],"type":"MultiPolygon"},"properties":{"Kelas":"Sangat Rendah"}},{"type":"Feature","geometry":{"coordinates":[[[[112.7404296964356,-7.269536724742307],[112.73809910918675,-7.269169661641323],[112.73593361251922,-7.268637507959033],[112.73593361251922,-7.266839074392481],[112.73916868539968,-7.26845309826715],[112.73983256029045,-7.267141155030613],[112.7404296964356,-7.266839074392481],[112.7411005964575,-7.268187899567394],[112.7404296964356,-7.269536724742307]]]],"type":"MultiPolygon"},"properties":{"Kelas":"Sedang"}},{"type":"Feature","geometry":{"coordinates":[[[[112.75391794818474,-7.269536724742307],[112.75441848877699,-7.268367918552327],[112.75596226134047,-7.269176686772441],[112.75391794818474,-7.269536724742307]]]],"type":"MultiPolygon"},"properties":{"Kelas":"Sedang"}},{"type":"Feature","geometry":{"coordinates":[[[[112.77909601811646,-7.269536724742307],[112.7781968013332,-7.269536724742307],[112.7781968013332,-7.268637507959033],[112.77909601811646,-7.268637507959033],[112.77909601811646,-7.269536724742307]]]],"type":"MultiPolygon"},"properties":{"Kelas":"Sedang"}},{"type":"Feature","geometry":{"coordinates":[[[[112.79708035378198,-7.269536724742307],[112.79708035378198,-7.268637507959033],[112.79887878734853,-7.268637507959033],[112.79887878734853,-7.269536724742307],[112.79708035378198,-7.269536724742307]]]],"type":"MultiPolygon"},"properties":{"Kelas":"Sedang"}},{"type":"Feature","geometry":{"coordinates":[[[[112.80877017196457,-7.269536724742307],[112.80787095518129,-7.269536724742307],[112.80787095518129,-7.268637507959033],[112.80877017196457,-7.268637507959033],[112.80877017196457,-7.269536724742307]]]],"type":"MultiPolygon"},"properties":{"Kelas":"Sedang"}},{"type":"Feature","geometry":{"coordinates":[[[[112.80877017196457,-7.269536724742307],[112.80877017196457,-7.268637507959033],[112.80877017196457,-7.267738291175757],[112.81173302101415,-7.26578003587624],[112.81379840956323,-7.267206137493465],[112.81416547266423,-7.268637507959033],[112.81169789535855,-7.26760130111893],[112.80877017196457,-7.269536724742307]]]],"type":"MultiPolygon"},"properties":{"Kelas":"Cukup Tinggi"}},{"type":"Feature","geometry":{"coordinates":[[[[112.83125059154646,-7.269536724742307],[112.83125059154646,-7.268637507959033],[112.83304902511301,-7.268637507959033],[112.8339482418963,-7.268637507959033],[112.8339482418963,-7.269536724742307],[112.83125059154646,-7.269536724742307]]]],"type":"MultiPolygon"},"properties":{"Kelas":"Cukup Tinggi"}},{"type":"Feature","geometry":{"coordinates":[[[[112.83754510902939,-7.269536724742307],[112.83664589224612,-7.269536724742307],[112.83664589224612,-7.268637507959033],[112.83754510902939,-7.268637507959033],[112.83754510902939,-7.269536724742307]]]],"type":"MultiPolygon"},"properties":{"Kelas":"Sedang"}},{"type":"Feature","geometry":{"coordinates":[[[[112.6469111509749,-7.270435941525584],[112.64601193419163,-7.270435941525584],[112.64601193419163,-7.269536724742307],[112.6469111509749,-7.269536724742307],[112.6469111509749,-7.270435941525584]]]],"type":"MultiPolygon"},"properties":{"Kelas":"Sedang"}},{"type":"Feature","geometry":{"coordinates":[[[[112.64960880132473,-7.270435941525584],[112.64845667982115,-7.269986333133946],[112.64960880132473,-7.269536724742307],[112.64960880132473,-7.270435941525584]]]],"type":"MultiPolygon"},"properties":{"Kelas":"Sedang"}},{"type":"Feature","geometry":{"coordinates":[[[[112.65050801810801,-7.270435941525584],[112.64960880132473,-7.270435941525584],[112.64960880132473,-7.269536724742307],[112.64960880132473,-7.268637507959033],[112.64960880132473,-7.267738291175757],[112.65050801810801,-7.267738291175757],[112.65050801810801,-7.268637507959033],[112.65140723489128,-7.268637507959033],[112.65140723489128,-7.269536724742307],[112.65050801810801,-7.269536724742307],[112.65050801810801,-7.270435941525584]]]],"type":"MultiPolygon"},"properties":{"Kelas":"Cukup Rendah"}},{"type":"Feature","geometry":{"coordinates":[[[[112.65050801810801,-7.270435941525584],[112.65050801810801,-7.269536724742307],[112.65140723489128,-7.269536724742307],[112.65140723489128,-7.270435941525584],[112.65050801810801,-7.270435941525584]]]],"type":"MultiPolygon"},"properties":{"Kelas":"Sangat Rendah"}},{"type":"Feature","geometry":{"coordinates":[[[[112.67119000412336,-7.270435941525584],[112.6693915705568,-7.270435941525584],[112.6693915705568,-7.268637507959033],[112.67029078734008,-7.268637507959033],[112.67029078734008,-7.269536724742307],[112.67119000412336,-7.269536724742307],[112.67119000412336,-7.270435941525584]]]],"type":"MultiPolygon"},"properties":{"Kelas":"Cukup Tinggi"}},{"type":"Feature","geometry":{"coordinates":[[[[112.68557747265577,-7.270435941525584],[112.68557747265577,-7.269536724742307],[112.68508922604298,-7.267637304915915],[112.68198060552267,-7.266839074392481],[112.68167852488453,-7.266241938247337],[112.67928295517284,-7.265040640825928],[112.67748452160629,-7.265040640825928],[112.67777782083051,-7.263536384624999],[112.68140103220532,-7.262948029893755],[112.6824302139143,-7.265066985067627],[112.68317312153017,-7.263536384624999],[112.68577417632712,-7.262811917978317],[112.68676998866327,-7.260953770797251],[112.68467825587248,-7.260544556909549],[112.68467825587248,-7.259645340126273],[112.68287982230595,-7.259645340126273],[112.6824302139143,-7.257555363618268],[112.68198060552267,-7.259645340126273],[112.6787806582978,-7.260171346818835],[112.67838373838956,-7.258746123342997],[112.676585304823,-7.257846906559722],[112.676585304823,-7.25604847299317],[112.67789900434232,-7.254916548741566],[112.67568608803973,-7.254250039426617],[112.67568608803973,-7.252451605860067],[112.67388765447318,-7.252451605860067],[112.67388765447318,-7.251552389076791],[112.6752698490209,-7.251136150057969],[112.6779007606251,-7.249089202478071],[112.67603031946459,-7.247476934886182],[112.67673985770763,-7.238639319938049],[112.6752698490209,-7.240345548658658],[112.67478687125646,-7.24076178767748],[112.6750889518946,-7.237467001182507],[112.67568608803973,-7.2362657037611],[112.67928295517284,-7.2362657037611],[112.67928295517284,-7.237164920544375],[112.68018217195612,-7.237164920544375],[112.68018217195612,-7.238064137327651],[112.67838373838956,-7.238064137327651],[112.67838373838956,-7.238963354110927],[112.67723161688599,-7.239412962502566],[112.67838373838956,-7.239862570894203],[112.67838373838956,-7.24076178767748],[112.67838373838956,-7.241661004460756],[112.68018217195612,-7.241661004460756],[112.68018217195612,-7.24256022124403],[112.68059841097494,-7.244841632575037],[112.68158368561443,-7.246606696768772],[112.67979227717899,-7.249818059831702],[112.68220014087015,-7.251069411312335],[112.68329606132477,-7.243875677046129],[112.68377903908922,-7.24256022124403],[112.68467825587248,-7.24256022124403],[112.68467825587248,-7.243459438027307],[112.68557747265577,-7.243459438027307],[112.68557747265577,-7.244358654810583],[112.68737590622231,-7.244358654810583],[112.68669095593819,-7.245471259951609],[112.68460097943017,-7.246758615229229],[112.68380889589648,-7.249304347118601],[112.68436915010324,-7.251102780685152],[112.68343656394714,-7.254096364683383],[112.6855318093035,-7.253875951194512],[112.68681916458111,-7.250096430652306],[112.6882751230056,-7.249753955510238],[112.68887928428185,-7.250948227800526],[112.69007355657214,-7.251552389076791],[112.69007355657214,-7.252451605860067],[112.68951681493094,-7.252794081002135],[112.6888318646468,-7.25390756428455],[112.68544223888172,-7.255062320212291],[112.68343656394714,-7.257082045409103],[112.68467825587248,-7.257846906559722],[112.68541238207446,-7.258911213924302],[112.6882751230056,-7.259645340126273],[112.68707382558419,-7.262061985231327],[112.68767798686045,-7.264738560187796],[112.6882751230056,-7.265040640825928],[112.6882751230056,-7.265939857609204],[112.6882751230056,-7.266839074392481],[112.68737590622231,-7.266839074392481],[112.68737590622231,-7.267738291175757],[112.68622378471875,-7.268187899567394],[112.68737590622231,-7.268637507959033],[112.68737590622231,-7.270435941525584],[112.68557747265577,-7.270435941525584]],[[112.68038941332414,-7.258314077779158],[112.67954464130703,-7.256628924451906],[112.67838373838956,-7.258746123342997],[112.68038941332414,-7.258314077779158]],[[112.67728781793494,-7.241969232088616],[112.6780763889031,-7.242756924915373],[112.67838373838956,-7.241661004460756],[112.67728781793494,-7.241969232088616]],[[112.68305193801837,-7.254791852664198],[112.68138346937752,-7.253947958788485],[112.68017865939055,-7.251564683056248],[112.67838725095513,-7.252439311880607],[112.67955693528648,-7.254833125309522],[112.68077930810125,-7.255451336848026],[112.68138346937752,-7.256645609138314],[112.68198060552267,-7.256947689776446],[112.68305193801837,-7.254791852664198]],[[112.68611665146918,-7.264795639378141],[112.68530876139044,-7.266338533800226],[112.68647668943905,-7.266839074392481],[112.68611665146918,-7.264795639378141]]]],"type":"MultiPolygon"},"properties":{"Kelas":"Cukup Rendah"}},{"type":"Feature","geometry":{"coordinates":[[[[112.6954688572718,-7.270435941525584],[112.6954688572718,-7.269536724742307],[112.69636807405507,-7.269536724742307],[112.69636807405507,-7.270435941525584],[112.6954688572718,-7.270435941525584]]]],"type":"MultiPolygon"},"properties":{"Kelas":"Cukup Rendah"}},{"type":"Feature","geometry":{"coordinates":[[[[112.70536024188783,-7.270435941525584],[112.70446102510456,-7.270435941525584],[112.70446102510456,-7.269536724742307],[112.70536024188783,-7.269536724742307],[112.70536024188783,-7.270435941525584]]]],"type":"MultiPolygon"},"properties":{"Kelas":"Sedang"}},{"type":"Feature","geometry":{"coordinates":[[[[112.70625945867111,-7.270435941525584],[112.70536024188783,-7.270435941525584],[112.70536024188783,-7.269536724742307],[112.70446102510456,-7.269536724742307],[112.70483686961944,-7.267214918907365],[112.70661422779264,-7.265939857609204],[112.70483686961944,-7.264664796311044],[112.70408518058969,-7.260021184641158],[112.7030120918112,-7.25925193278359],[112.70331241616655,-7.257736260744592],[112.70159125904232,-7.252072248779621],[112.70498439737295,-7.251176544561906],[112.70761355269437,-7.247313600587656],[112.70934700379806,-7.250303672020326],[112.71030593419586,-7.250114871621495],[112.71120515097914,-7.250292256182258],[112.71210436776241,-7.250114871621495],[112.71300358454569,-7.250292256182258],[112.71447710579797,-7.250001591382196],[112.71345319293732,-7.254250039426617],[112.71041833629377,-7.255117643119856],[112.71126662087643,-7.261938167295348],[112.70892022708256,-7.262926954500397],[112.70945940589597,-7.267260582259642],[112.71435240972059,-7.267738291175757],[112.71435240972059,-7.268637507959033],[112.71345319293732,-7.268637507959033],[112.71255397615404,-7.268637507959033],[112.71075554258749,-7.268637507959033],[112.71075554258749,-7.269536724742307],[112.70895710902094,-7.268637507959033],[112.70805789223766,-7.268637507959033],[112.70710423068822,-7.267401963023417],[112.70625945867111,-7.270435941525584]],[[112.70625945867111,-7.251552389076791],[112.70449439447738,-7.254250039426617],[112.70607329269646,-7.260807999326525],[112.70825108334344,-7.26181961820771],[112.709666647264,-7.254758483291381],[112.70843373675255,-7.253874194911733],[112.70768204772278,-7.251029016808399],[112.7071586754544,-7.250653172293514],[112.70625945867111,-7.250653172293514],[112.70625945867111,-7.251552389076791]]]],"type":"MultiPolygon"},"properties":{"Kelas":"Cukup Rendah"}},{"type":"Feature","geometry":{"coordinates":[[[[112.70625945867111,-7.270435941525584],[112.70710423068822,-7.267401963023417],[112.70805789223766,-7.268637507959033],[112.7074537309614,-7.269831780249321],[112.70625945867111,-7.270435941525584]]]],"type":"MultiPolygon"},"properties":{"Kelas":"Sangat Rendah"}},{"type":"Feature","geometry":{"coordinates":[[[[112.70895710902094,-7.268637507959033],[112.71075554258749,-7.269536724742307],[112.7096227401945,-7.270850424261626],[112.70895710902094,-7.268637507959033]]]],"type":"MultiPolygon"},"properties":{"Kelas":"Sangat Rendah"}},{"type":"Feature","geometry":{"coordinates":[[[[112.7404296964356,-7.270435941525584],[112.7404296964356,-7.269536724742307],[112.74158181793916,-7.269986333133946],[112.7404296964356,-7.270435941525584]]]],"type":"MultiPolygon"},"properties":{"Kelas":"Sedang"}},{"type":"Feature","geometry":{"coordinates":[[[[112.76920463350042,-7.267738291175757],[112.7702425966233,-7.270632645196926],[112.76454521528552,-7.26801754013775],[112.76787337115331,-7.268216000091872],[112.76920463350042,-7.267738291175757]]]],"type":"MultiPolygon"},"properties":{"Kelas":"Tinggi"}},{"type":"Feature","geometry":{"coordinates":[[[[112.77729758454991,-7.270435941525584],[112.77729758454991,-7.269536724742307],[112.7781968013332,-7.269536724742307],[112.7781968013332,-7.270435941525584],[112.77729758454991,-7.270435941525584]]]],"type":"MultiPolygon"},"properties":{"Kelas":"Sedang"}},{"type":"Feature","geometry":{"coordinates":[[[[112.79618113699871,-7.270435941525584],[112.79618113699871,-7.269536724742307],[112.79708035378198,-7.269536724742307],[112.79708035378198,-7.270435941525584],[112.79618113699871,-7.270435941525584]]]],"type":"MultiPolygon"},"properties":{"Kelas":"Sedang"}},{"type":"Feature","geometry":{"coordinates":[[[[112.80787095518129,-7.270435941525584],[112.80697173839802,-7.270435941525584],[112.80697173839802,-7.269536724742307],[112.80787095518129,-7.269536724742307],[112.80787095518129,-7.270435941525584]]]],"type":"MultiPolygon"},"properties":{"Kelas":"Sedang"}},{"type":"Feature","geometry":{"coordinates":[[[[112.80787095518129,-7.270435941525584],[112.80787095518129,-7.269536724742307],[112.80877017196457,-7.269536724742307],[112.80877017196457,-7.270435941525584],[112.80787095518129,-7.270435941525584]]]],"type":"MultiPolygon"},"properties":{"Kelas":"Cukup Tinggi"}},{"type":"Feature","geometry":{"coordinates":[[[[112.82945215797992,-7.270435941525584],[112.82733583723021,-7.269275916749503],[112.82902011241607,-7.268429388449622],[112.82945215797992,-7.270435941525584]]]],"type":"MultiPolygon"},"properties":{"Kelas":"Cukup Rendah"}},{"type":"Feature","geometry":{"coordinates":[[[[112.83754510902939,-7.270435941525584],[112.83539893147244,-7.269885346874105],[112.83484745867958,-7.267738291175757],[112.83664589224612,-7.268637507959033],[112.83664589224612,-7.269536724742307],[112.83754510902939,-7.269536724742307],[112.83754510902939,-7.270435941525584]]]],"type":"MultiPolygon"},"properties":{"Kelas":"Cukup Tinggi"}},{"type":"Feature","geometry":{"coordinates":[[[[112.83844432581267,-7.270435941525584],[112.83754510902939,-7.270435941525584],[112.83754510902939,-7.269536724742307],[112.83844432581267,-7.269536724742307],[112.83844432581267,-7.270435941525584]]]],"type":"MultiPolygon"},"properties":{"Kelas":"Sedang"}},{"type":"Feature","geometry":{"coordinates":[[[[112.64960880132473,-7.27133515830886],[112.64960880132473,-7.270435941525584],[112.65050801810801,-7.270435941525584],[112.65050801810801,-7.27133515830886],[112.64960880132473,-7.27133515830886]]]],"type":"MultiPolygon"},"properties":{"Kelas":"Sedang"}},{"type":"Feature","geometry":{"coordinates":[[[[112.65770175237421,-7.268637507959033],[112.65860096915749,-7.268637507959033],[112.65815136076586,-7.271643385936722],[112.65770175237421,-7.268637507959033]]]],"type":"MultiPolygon"},"properties":{"Kelas":"Sedang"}},{"type":"Feature","geometry":{"coordinates":[[[[112.68557747265577,-7.270435941525584],[112.68737590622231,-7.270435941525584],[112.68647668943905,-7.271690805571776],[112.68557747265577,-7.270435941525584]]]],"type":"MultiPolygon"},"properties":{"Kelas":"Sangat Rendah"}},{"type":"Feature","geometry":{"coordinates":[[[[112.69097277335543,-7.267738291175757],[112.69217407077683,-7.268335427320901],[112.69456964048852,-7.268637507959033],[112.69456964048852,-7.269536724742307],[112.69321203389971,-7.269977551720046],[112.69152951499663,-7.271727687510154],[112.69097277335543,-7.267738291175757]]]],"type":"MultiPolygon"},"properties":{"Kelas":"Sangat Rendah"}},{"type":"Feature","geometry":{"coordinates":[[[[112.69456964048852,-7.269536724742307],[112.6954688572718,-7.269536724742307],[112.6954688572718,-7.270435941525584],[112.69486118342998,-7.271637238946992],[112.69386361481104,-7.270958435652584],[112.69456964048852,-7.269536724742307]]]],"type":"MultiPolygon"},"properties":{"Kelas":"Sangat Rendah"}},{"type":"Feature","geometry":{"coordinates":[[[[112.71435240972059,-7.27133515830886],[112.71345319293732,-7.27133515830886],[112.71165475937077,-7.27133515830886],[112.71165475937077,-7.270435941525584],[112.71345319293732,-7.270435941525584],[112.71435240972059,-7.270435941525584],[112.71435240972059,-7.27133515830886]]]],"type":"MultiPolygon"},"properties":{"Kelas":"Cukup Tinggi"}},{"type":"Feature","geometry":{"coordinates":[[[[112.73863126286905,-7.27133515830886],[112.73648508531208,-7.270784563657381],[112.73593361251922,-7.268637507959033],[112.73809910918675,-7.269169661641323],[112.7404296964356,-7.269536724742307],[112.7404296964356,-7.270435941525584],[112.73863126286905,-7.270435941525584],[112.73863126286905,-7.27133515830886]]]],"type":"MultiPolygon"},"properties":{"Kelas":"Cukup Tinggi"}},{"type":"Feature","geometry":{"coordinates":[[[[112.75391794818474,-7.269536724742307],[112.75328919894956,-7.271734712641273],[112.75176474549666,-7.270152301856641],[112.75391794818474,-7.269536724742307]]]],"type":"MultiPolygon"},"properties":{"Kelas":"Sedang"}},{"type":"Feature","geometry":{"coordinates":[[[[112.76021246566766,-7.27133515830886],[112.7590603441641,-7.270885549917223],[112.76021246566766,-7.270435941525584],[112.76021246566766,-7.27133515830886]]]],"type":"MultiPolygon"},"properties":{"Kelas":"Sedang"}},{"type":"Feature","geometry":{"coordinates":[[[[112.77190228385025,-7.27133515830886],[112.77190228385025,-7.270435941525584],[112.77729758454991,-7.270435941525584],[112.77729758454991,-7.27133515830886],[112.77190228385025,-7.27133515830886]]]],"type":"MultiPolygon"},"properties":{"Kelas":"Sedang"}},{"type":"Feature","geometry":{"coordinates":[[[[112.80247565448164,-7.27133515830886],[112.80157643769836,-7.27133515830886],[112.80157643769836,-7.269536724742307],[112.80247565448164,-7.269536724742307],[112.80247565448164,-7.27133515830886]]]],"type":"MultiPolygon"},"properties":{"Kelas":"Cukup Tinggi"}},{"type":"Feature","geometry":{"coordinates":[[[[112.81596390623078,-7.27133515830886],[112.81456766142081,-7.270629132631367],[112.81416547266423,-7.268637507959033],[112.8155617174742,-7.269343533636526],[112.81596390623078,-7.27133515830886]]]],"type":"MultiPolygon"},"properties":{"Kelas":"Cukup Tinggi"}},{"type":"Feature","geometry":{"coordinates":[[[[112.83009671376011,-7.26534008703989],[112.83268196201203,-7.266306920710191],[112.83304902511301,-7.268637507959033],[112.83125059154646,-7.268637507959033],[112.83125059154646,-7.269536724742307],[112.82945215797992,-7.270435941525584],[112.82871978806072,-7.271669730178418],[112.82552159711864,-7.270356908800492],[112.82765372441335,-7.265939857609204],[112.83009671376011,-7.26534008703989]],[[112.82902011241607,-7.268429388449622],[112.82733583723021,-7.269275916749503],[112.82945215797992,-7.270435941525584],[112.82902011241607,-7.268429388449622]]]],"type":"MultiPolygon"},"properties":{"Kelas":"Sedang"}},{"type":"Feature","geometry":{"coordinates":[[[[112.83934354259594,-7.27133515830886],[112.83844432581267,-7.27133515830886],[112.83844432581267,-7.270435941525584],[112.83934354259594,-7.270435941525584],[112.83934354259594,-7.27133515830886]]]],"type":"MultiPolygon"},"properties":{"Kelas":"Sedang"}},{"type":"Feature","geometry":{"coordinates":[[[[112.64960880132473,-7.272234375092136],[112.64845667982115,-7.271784766700497],[112.64960880132473,-7.27133515830886],[112.64960880132473,-7.272234375092136]]]],"type":"MultiPolygon"},"properties":{"Kelas":"Sedang"}},{"type":"Feature","geometry":{"coordinates":[[[[112.71345319293732,-7.272234375092136],[112.71165475937077,-7.272234375092136],[112.71165475937077,-7.27133515830886],[112.71345319293732,-7.27133515830886],[112.71345319293732,-7.272234375092136]]]],"type":"MultiPolygon"},"properties":{"Kelas":"Sedang"}},{"type":"Feature","geometry":{"coordinates":[[[[112.72784066146974,-7.272234375092136],[112.72784066146974,-7.269536724742307],[112.72514301111991,-7.269536724742307],[112.72514301111991,-7.268637507959033],[112.72016921828741,-7.268148383204847],[112.71933147140143,-7.269120485723487],[112.71566786552269,-7.26995296376113],[112.71525162650387,-7.27133515830886],[112.71435240972059,-7.27133515830886],[112.71435240972059,-7.270435941525584],[112.71345319293732,-7.270435941525584],[112.71345319293732,-7.268637507959033],[112.71435240972059,-7.268637507959033],[112.71435240972059,-7.267738291175757],[112.70945940589597,-7.267260582259642],[112.70892022708256,-7.262926954500397],[112.71126662087643,-7.261938167295348],[112.71041833629377,-7.255117643119856],[112.71345319293732,-7.254250039426617],[112.71229931515097,-7.257253282980137],[112.71390280132896,-7.257453499217037],[112.71480201811224,-7.257341097119129],[112.7167918865018,-7.257588732991085],[112.71653546921593,-7.255532125855899],[112.71753655040044,-7.248653644348671],[112.72015516802517,-7.252962684148999],[112.72277202936712,-7.252636893693339],[112.72374501002716,-7.253850485094205],[112.72424379433663,-7.254250039426617],[112.72424379433663,-7.25604847299317],[112.72604222790318,-7.25604847299317],[112.72658491928215,-7.25711980548887],[112.73008870342792,-7.255377572971272],[112.73143752860284,-7.25604847299317],[112.73107046550186,-7.25658062667546],[112.72896643873162,-7.257367441360826],[112.73094225685892,-7.260231060433348],[112.7323367453861,-7.259645340126273],[112.7323367453861,-7.261443773692825],[112.7323367453861,-7.262342990476101],[112.73143752860284,-7.262342990476101],[112.73143752860284,-7.264141424042652],[112.73076662858094,-7.264369740804032],[112.73030999505818,-7.266610757631101],[112.72896819501439,-7.267966607937135],[112.72873987825301,-7.272234375092136],[112.72784066146974,-7.272234375092136]],[[112.72727689469741,-7.266928644814252],[112.72504290300145,-7.26513987080299],[112.72336565294671,-7.263045503588035],[112.72538889070908,-7.261426210865027],[112.72734187716026,-7.264641086493516],[112.72908410967786,-7.265440195158341],[112.73003952751009,-7.260531384788701],[112.71998129602997,-7.257655471736719],[112.7175488443799,-7.259617239601797],[112.721145711513,-7.264540978375065],[112.72284579324389,-7.267338736843344],[112.7247425786461,-7.26813784550817],[112.72514301111991,-7.268637507959033],[112.72727689469741,-7.266928644814252]],[[112.71831282738913,-7.26832840218978],[112.71928053920081,-7.267173646262039],[112.71748210563426,-7.265507812045366],[112.71421893222933,-7.261984708789015],[112.71255397615404,-7.265939857609204],[112.71435240972059,-7.265939857609204],[112.71435240972059,-7.267738291175757],[112.71831282738913,-7.26832840218978]],[[112.71050966299832,-7.266299895579071],[112.71205343556178,-7.267108663799185],[112.71255397615404,-7.265939857609204],[112.71050966299832,-7.266299895579071]],[[112.72214328013195,-7.25455212006475],[112.71994792665716,-7.253947958788485],[112.71854641299885,-7.256590286230749],[112.72244536077008,-7.256947689776446],[112.72214328013195,-7.25455212006475]],[[112.71194454602944,-7.262984911832131],[112.70954546375219,-7.263750651124139],[112.71255397615404,-7.264141424042652],[112.71194454602944,-7.262984911832131]],[[112.71944036093379,-7.263944720371311],[112.71865178996563,-7.264732413198068],[112.71974771042025,-7.265040640825928],[112.71944036093379,-7.263944720371311]]]],"type":"MultiPolygon"},"properties":{"Kelas":"Sedang"}},{"type":"Feature","geometry":{"coordinates":[[[[112.72873987825301,-7.272234375092136],[112.72896819501439,-7.267966607937135],[112.73030999505818,-7.266610757631101],[112.73076662858094,-7.264369740804032],[112.73143752860284,-7.264141424042652],[112.73178000374492,-7.265597382467137],[112.73357843731145,-7.266704718759822],[112.73276176581884,-7.268600626020655],[112.73064193250357,-7.267940263695438],[112.72929661989423,-7.271891899950068],[112.72873987825301,-7.272234375092136]]]],"type":"MultiPolygon"},"properties":{"Kelas":"Cukup Tinggi"}},{"type":"Feature","geometry":{"coordinates":[[[[112.7404296964356,-7.272234375092136],[112.73863126286905,-7.27133515830886],[112.73863126286905,-7.270435941525584],[112.7404296964356,-7.270435941525584],[112.7404296964356,-7.272234375092136]]]],"type":"MultiPolygon"},"properties":{"Kelas":"Sedang"}},{"type":"Feature","geometry":{"coordinates":[[[[112.76740619993387,-7.272234375092136],[112.76623827188529,-7.271733834499882],[112.767046161964,-7.270190940077796],[112.76740619993387,-7.272234375092136]]]],"type":"MultiPolygon"},"properties":{"Kelas":"Sedang"}},{"type":"Feature","geometry":{"coordinates":[[[[112.80337487126491,-7.272234375092136],[112.80247565448164,-7.272234375092136],[112.80247565448164,-7.27133515830886],[112.80247565448164,-7.269536724742307],[112.80157643769836,-7.269536724742307],[112.80157643769836,-7.268637507959033],[112.79887878734853,-7.268637507959033],[112.79887878734853,-7.267738291175757],[112.80337487126491,-7.267738291175757],[112.80337487126491,-7.272234375092136]]]],"type":"MultiPolygon"},"properties":{"Kelas":"Sedang"}},{"type":"Feature","geometry":{"coordinates":[[[[112.80966938874784,-7.272234375092136],[112.80877017196457,-7.272234375092136],[112.80877017196457,-7.27133515830886],[112.80966938874784,-7.27133515830886],[112.80966938874784,-7.272234375092136]]]],"type":"MultiPolygon"},"properties":{"Kelas":"Cukup Tinggi"}},{"type":"Feature","geometry":{"coordinates":[[[[112.8114678223144,-7.272234375092136],[112.80966938874784,-7.272234375092136],[112.80966938874784,-7.27133515830886],[112.81056860553112,-7.27133515830886],[112.8114678223144,-7.27133515830886],[112.8114678223144,-7.272234375092136]]]],"type":"MultiPolygon"},"properties":{"Kelas":"Sedang"}},{"type":"Feature","geometry":{"coordinates":[[[[112.81416547266423,-7.272234375092136],[112.8114678223144,-7.272234375092136],[112.8114678223144,-7.27133515830886],[112.81056860553112,-7.27133515830886],[112.81111832204121,-7.270248897409532],[112.8138633920261,-7.271637238946992],[112.81416547266423,-7.272234375092136]]]],"type":"MultiPolygon"},"properties":{"Kelas":"Cukup Tinggi"}},{"type":"Feature","geometry":{"coordinates":[[[[112.81416547266423,-7.272234375092136],[112.8138633920261,-7.271637238946992],[112.81111832204121,-7.270248897409532],[112.81056860553112,-7.27133515830886],[112.80966938874784,-7.27133515830886],[112.80877017196457,-7.27133515830886],[112.80877017196457,-7.272234375092136],[112.80697173839802,-7.272234375092136],[112.80697173839802,-7.270435941525584],[112.80787095518129,-7.270435941525584],[112.80877017196457,-7.270435941525584],[112.80877017196457,-7.269536724742307],[112.81169789535855,-7.26760130111893],[112.81416547266423,-7.268637507959033],[112.81456766142081,-7.270629132631367],[112.81596390623078,-7.27133515830886],[112.81596390623078,-7.272234375092136],[112.81416547266423,-7.272234375092136]]]],"type":"MultiPolygon"},"properties":{"Kelas":"Tinggi"}},{"type":"Feature","geometry":{"coordinates":[[[[112.6693915705568,-7.270435941525584],[112.67119000412336,-7.270435941525584],[112.66975336480945,-7.273301316880886],[112.6693915705568,-7.270435941525584]]]],"type":"MultiPolygon"},"properties":{"Kelas":"Tinggi"}},{"type":"Feature","geometry":{"coordinates":[[[[112.7404296964356,-7.273133591875412],[112.73863126286905,-7.273133591875412],[112.73863126286905,-7.27133515830886],[112.7404296964356,-7.272234375092136],[112.7404296964356,-7.273133591875412]]]],"type":"MultiPolygon"},"properties":{"Kelas":"Cukup Tinggi"}},{"type":"Feature","geometry":{"coordinates":[[[[112.74132891321888,-7.273133591875412],[112.7404296964356,-7.273133591875412],[112.7404296964356,-7.272234375092136],[112.74132891321888,-7.272234375092136],[112.74132891321888,-7.273133591875412]]]],"type":"MultiPolygon"},"properties":{"Kelas":"Sedang"}},{"type":"Feature","geometry":{"coordinates":[[[[112.74132891321888,-7.273133591875412],[112.74132891321888,-7.272234375092136],[112.7404296964356,-7.272234375092136],[112.7404296964356,-7.270435941525584],[112.74158181793916,-7.269986333133946],[112.7404296964356,-7.269536724742307],[112.7411005964575,-7.268187899567394],[112.7404296964356,-7.266839074392481],[112.74166436322983,-7.265850287187433],[112.73953047965233,-7.264141424042652],[112.73953047965233,-7.262342990476101],[112.73863126286905,-7.262342990476101],[112.73912653461296,-7.259275642601118],[112.74004507050681,-7.259093867333405],[112.74193131821235,-7.264405744601017],[112.74530162486687,-7.265705393858097],[112.7442531240473,-7.270528146371525],[112.74260397451704,-7.271711002823745],[112.74185228548727,-7.272757747360528],[112.74132891321888,-7.273133591875412]]]],"type":"MultiPolygon"},"properties":{"Kelas":"Cukup Rendah"}},{"type":"Feature","geometry":{"coordinates":[[[[112.77100306706697,-7.273133591875412],[112.77027245343056,-7.271664461330079],[112.77190228385025,-7.27133515830886],[112.77190228385025,-7.273133591875412],[112.77100306706697,-7.273133591875412]]]],"type":"MultiPolygon"},"properties":{"Kelas":"Sedang"}},{"type":"Feature","geometry":{"coordinates":[[[[112.79348348664888,-7.273133591875412],[112.79238756619426,-7.27282536424755],[112.7931761371624,-7.272037671420794],[112.79348348664888,-7.273133591875412]]]],"type":"MultiPolygon"},"properties":{"Kelas":"Sangat Rendah"}},{"type":"Feature","geometry":{"coordinates":[[[[112.80427408804819,-7.273133591875412],[112.80337487126491,-7.273133591875412],[112.80337487126491,-7.272234375092136],[112.80427408804819,-7.272234375092136],[112.80427408804819,-7.273133591875412]]]],"type":"MultiPolygon"},"properties":{"Kelas":"Sedang"}},{"type":"Feature","geometry":{"coordinates":[[[[112.80427408804819,-7.273133591875412],[112.80427408804819,-7.272234375092136],[112.80337487126491,-7.272234375092136],[112.80337487126491,-7.267738291175757],[112.79887878734853,-7.267738291175757],[112.79887878734853,-7.268637507959033],[112.79708035378198,-7.268637507959033],[112.79708035378198,-7.269536724742307],[112.79618113699871,-7.269536724742307],[112.79618113699871,-7.270435941525584],[112.79551023697681,-7.270207624764206],[112.79505360345405,-7.266168174370582],[112.79371180341025,-7.26481232406455],[112.79348348664888,-7.260544556909549],[112.79528192021543,-7.260544556909549],[112.79528192021543,-7.259645340126273],[112.7957894859388,-7.260036991186176],[112.79708562263032,-7.26469377497691],[112.80292526287327,-7.265556987963201],[112.80815020414329,-7.264784223540072],[112.80838730231856,-7.266389466000842],[112.80824679969618,-7.267334346136394],[112.80877017196457,-7.267738291175757],[112.80877017196457,-7.268637507959033],[112.80787095518129,-7.268637507959033],[112.80787095518129,-7.269536724742307],[112.80697173839802,-7.269536724742307],[112.80697173839802,-7.270435941525584],[112.80607252161474,-7.270435941525584],[112.80517330483147,-7.270435941525584],[112.80517330483147,-7.273133591875412],[112.80427408804819,-7.273133591875412]],[[112.80697173839802,-7.268637507959033],[112.80635703942508,-7.266485183412344],[112.80477287235766,-7.268008758723852],[112.80697173839802,-7.268637507959033]]]],"type":"MultiPolygon"},"properties":{"Kelas":"Cukup Rendah"}},{"type":"Feature","geometry":{"coordinates":[[[[112.80966938874784,-7.273133591875412],[112.80877017196457,-7.273133591875412],[112.80877017196457,-7.272234375092136],[112.80966938874784,-7.272234375092136],[112.80966938874784,-7.273133591875412]]]],"type":"MultiPolygon"},"properties":{"Kelas":"Sedang"}},{"type":"Feature","geometry":{"coordinates":[[[[112.8114678223144,-7.273133591875412],[112.80966938874784,-7.273133591875412],[112.80966938874784,-7.272234375092136],[112.8114678223144,-7.272234375092136],[112.8114678223144,-7.273133591875412]]]],"type":"MultiPolygon"},"properties":{"Kelas":"Cukup Rendah"}},{"type":"Feature","geometry":{"coordinates":[[[[112.81416547266423,-7.272234375092136],[112.81596390623078,-7.272234375092136],[112.81596390623078,-7.27133515830886],[112.81725477407394,-7.272331848786417],[112.81510859651699,-7.273455869765511],[112.81416547266423,-7.272234375092136]]]],"type":"MultiPolygon"},"properties":{"Kelas":"Cukup Tinggi"}},{"type":"Feature","geometry":{"coordinates":[[[[112.6990657244049,-7.274032808658689],[112.6990657244049,-7.27133515830886],[112.69996494118818,-7.27133515830886],[112.69996494118818,-7.274032808658689],[112.6990657244049,-7.274032808658689]]]],"type":"MultiPolygon"},"properties":{"Kelas":"Sangat Rendah"}},{"type":"Feature","geometry":{"coordinates":[[[[112.70536024188783,-7.274032808658689],[112.70210936246237,-7.273654329719633],[112.7025677522679,-7.27133515830886],[112.70139982421931,-7.265425266754713],[112.70086415797147,-7.265040640825928],[112.70086415797147,-7.263242207259378],[112.70266259153802,-7.263242207259378],[112.70266259153802,-7.261443773692825],[112.70352317010013,-7.262061107089938],[112.70302262950787,-7.264597179424021],[112.70393765283617,-7.269160880227423],[112.70446102510456,-7.269536724742307],[112.70446102510456,-7.270435941525584],[112.70536024188783,-7.270435941525584],[112.70536024188783,-7.27133515830886],[112.70536024188783,-7.274032808658689]]]],"type":"MultiPolygon"},"properties":{"Kelas":"Cukup Tinggi"}},{"type":"Feature","geometry":{"coordinates":[[[[112.70536024188783,-7.274032808658689],[112.70536024188783,-7.27133515830886],[112.70746778122364,-7.272683983483773],[112.70536024188783,-7.274032808658689]]]],"type":"MultiPolygon"},"properties":{"Kelas":"Sedang"}},{"type":"Feature","geometry":{"coordinates":[[[[112.72514301111991,-7.274032808658689],[112.72279661732605,-7.272782335319445],[112.72192725735003,-7.271424728730631],[112.71784214360413,-7.272572459527254],[112.71705006007042,-7.27133515830886],[112.71879053630525,-7.270603666531059],[112.72309167283306,-7.269640345426318],[112.72536254646738,-7.271208705948712],[112.72569975276112,-7.272709449584081],[112.72514301111991,-7.274032808658689]]]],"type":"MultiPolygon"},"properties":{"Kelas":"Sangat Rendah"}},{"type":"Feature","geometry":{"coordinates":[[[[112.72873987825301,-7.274032808658689],[112.72784066146974,-7.274032808658689],[112.72784066146974,-7.272234375092136],[112.72873987825301,-7.272234375092136],[112.72873987825301,-7.274032808658689]]]],"type":"MultiPolygon"},"properties":{"Kelas":"Cukup Tinggi"}},{"type":"Feature","geometry":{"coordinates":[[[[112.7593132488844,-7.274032808658689],[112.75719692813469,-7.272872783882606],[112.75888120332056,-7.272026255582725],[112.7593132488844,-7.274032808658689]]]],"type":"MultiPolygon"},"properties":{"Kelas":"Sangat Rendah"}},{"type":"Feature","geometry":{"coordinates":[[[[112.76470854958404,-7.274032808658689],[112.7626045228138,-7.273551587177012],[112.76172813770667,-7.271000586439301],[112.76423435323349,-7.271961273119871],[112.76470854958404,-7.274032808658689]]]],"type":"MultiPolygon"},"properties":{"Kelas":"Tinggi"}},{"type":"Feature","geometry":{"coordinates":[[[[112.76740619993387,-7.274032808658689],[112.765339055102,-7.273668379981872],[112.76691795332108,-7.272891224851794],[112.76740619993387,-7.274032808658689]]]],"type":"MultiPolygon"},"properties":{"Kelas":"Sedang"}},{"type":"Feature","geometry":{"coordinates":[[[[112.80427408804819,-7.273133591875412],[112.80517330483147,-7.273133591875412],[112.80517330483147,-7.270435941525584],[112.80607252161474,-7.270435941525584],[112.80551577997353,-7.274425337859981],[112.80427408804819,-7.273133591875412]]]],"type":"MultiPolygon"},"properties":{"Kelas":"Sedang"}},{"type":"Feature","geometry":{"coordinates":[[[[112.8397087,-7.2737333],[112.83961889145705,-7.274032808658689],[112.83844432581267,-7.274032808658689],[112.83874640645081,-7.272536455730268],[112.83934354259594,-7.27133515830886],[112.84024275937922,-7.27133515830886],[112.84024275937922,-7.273527945666211],[112.8397087,-7.2737333]]]],"type":"MultiPolygon"},"properties":{"Kelas":"Sedang"}},{"type":"Feature","geometry":{"coordinates":[[[[112.6990657244049,-7.274932025441963],[112.69816650762164,-7.274932025441963],[112.69816650762164,-7.274032808658689],[112.6990657244049,-7.274032808658689],[112.6990657244049,-7.274932025441963]]]],"type":"MultiPolygon"},"properties":{"Kelas":"Sangat Rendah"}},{"type":"Feature","geometry":{"coordinates":[[[[112.6990657244049,-7.274932025441963],[112.6990657244049,-7.274032808658689],[112.69996494118818,-7.274032808658689],[112.69996494118818,-7.27133515830886],[112.6990657244049,-7.269536724742307],[112.69861611601327,-7.268384603238736],[112.69816650762164,-7.269536724742307],[112.69726729083835,-7.269536724742307],[112.69726729083835,-7.267738291175757],[112.69782403247956,-7.267395816033689],[112.69892170921696,-7.26417128084991],[112.70086415797147,-7.265040640825928],[112.70139104280541,-7.271382577943916],[112.70044791895263,-7.274515786423143],[112.6990657244049,-7.274932025441963]],[[112.69996494118818,-7.267738291175757],[112.69965759170171,-7.266642370721138],[112.69886902073357,-7.267430063547895],[112.69996494118818,-7.267738291175757]]]],"type":"MultiPolygon"},"properties":{"Kelas":"Cukup Rendah"}},{"type":"Feature","geometry":{"coordinates":[[[[112.71165475937077,-7.274932025441963],[112.70948399385489,-7.272921081659051],[112.71165475937077,-7.272234375092136],[112.71165475937077,-7.274932025441963]]]],"type":"MultiPolygon"},"properties":{"Kelas":"Sangat Rendah"}},{"type":"Feature","geometry":{"coordinates":[[[[112.7889874027325,-7.274932025441963],[112.78749104980407,-7.271932294454004],[112.78718896916595,-7.270435941525584],[112.78932987787456,-7.270954923087025],[112.79022558209228,-7.274139941908258],[112.7889874027325,-7.274932025441963]]]],"type":"MultiPolygon"},"properties":{"Kelas":"Sedang"}},{"type":"Feature","geometry":{"coordinates":[[[[112.79348348664888,-7.274932025441963],[112.7925842698656,-7.274932025441963],[112.79134257794026,-7.272159733073993],[112.79371355969303,-7.270093466383516],[112.79471112831197,-7.27219134616403],[112.79348348664888,-7.274932025441963]],[[112.79348348664888,-7.273133591875412],[112.7931761371624,-7.272037671420794],[112.79238756619426,-7.27282536424755],[112.79348348664888,-7.273133591875412]]]],"type":"MultiPolygon"},"properties":{"Kelas":"Cukup Rendah"}},{"type":"Feature","geometry":{"coordinates":[[[[112.80787095518129,-7.274932025441963],[112.80787095518129,-7.274032808658689],[112.80877017196457,-7.274032808658689],[112.80877017196457,-7.274932025441963],[112.80787095518129,-7.274932025441963]]]],"type":"MultiPolygon"},"properties":{"Kelas":"Cukup Rendah"}},{"type":"Feature","geometry":{"coordinates":[[[[112.6469111509749,-7.275831242225239],[112.64421350062509,-7.275831242225239],[112.64421350062509,-7.274932025441963],[112.6433142838418,-7.274932025441963],[112.6437059349017,-7.274424459718592],[112.6469111509749,-7.273133591875412],[112.6469111509749,-7.275831242225239]]]],"type":"MultiPolygon"},"properties":{"Kelas":"Sedang"}},{"type":"Feature","geometry":{"coordinates":[[[[112.6469111509749,-7.275831242225239],[112.6469111509749,-7.273133591875412],[112.6469111509749,-7.270435941525584],[112.6469111509749,-7.269536724742307],[112.64781036775818,-7.269536724742307],[112.64781036775818,-7.268637507959033],[112.64960880132473,-7.268637507959033],[112.64960880132473,-7.269536724742307],[112.64845667982115,-7.269986333133946],[112.64960880132473,-7.270435941525584],[112.64960880132473,-7.27133515830886],[112.64845667982115,-7.271784766700497],[112.64960880132473,-7.272234375092136],[112.64810893583075,-7.275225324666197],[112.6469111509749,-7.275831242225239]]]],"type":"MultiPolygon"},"properties":{"Kelas":"Cukup Tinggi"}},{"type":"Feature","geometry":{"coordinates":[[[[112.69726729083835,-7.275831242225239],[112.69611516933477,-7.275381633833602],[112.69726729083835,-7.274932025441963],[112.69726729083835,-7.275831242225239]]]],"type":"MultiPolygon"},"properties":{"Kelas":"Sangat Rendah"}},{"type":"Feature","geometry":{"coordinates":[[[[112.71165475937077,-7.272234375092136],[112.71345319293732,-7.272234375092136],[112.71435240972059,-7.272234375092136],[112.71435240972059,-7.274032808658689],[112.71345319293732,-7.274032808658689],[112.7131247680575,-7.275662639078375],[112.71165475937077,-7.274932025441963],[112.71165475937077,-7.272234375092136]],[[112.71314584345085,-7.27293688820407],[112.7123572724827,-7.273724581030827],[112.71345319293732,-7.274032808658689],[112.71314584345085,-7.27293688820407]]]],"type":"MultiPolygon"},"properties":{"Kelas":"Cukup Rendah"}},{"type":"Feature","geometry":{"coordinates":[[[[112.71525162650387,-7.275831242225239],[112.71435240972059,-7.275831242225239],[112.71435240972059,-7.274932025441963],[112.71525162650387,-7.274932025441963],[112.71525162650387,-7.275831242225239]]]],"type":"MultiPolygon"},"properties":{"Kelas":"Sangat Rendah"}},{"type":"Feature","geometry":{"coordinates":[[[[112.74582499713526,-7.274032808658689],[112.74996455564732,-7.270943507248957],[112.74992064857783,-7.274383187073266],[112.74698590005272,-7.275536186718227],[112.74582499713526,-7.274032808658689]]]],"type":"MultiPolygon"},"properties":{"Kelas":"Sangat Rendah"}},{"type":"Feature","geometry":{"coordinates":[[[[112.75391794818474,-7.275831242225239],[112.75090943578289,-7.275440469306726],[112.75330851806014,-7.274674730014718],[112.75391794818474,-7.275831242225239]]]],"type":"MultiPolygon"},"properties":{"Kelas":"Sedang"}},{"type":"Feature","geometry":{"coordinates":[[[[112.79348348664888,-7.274932025441963],[112.7945794071035,-7.275240253069825],[112.79379083613534,-7.276027945896582],[112.79348348664888,-7.274932025441963]]]],"type":"MultiPolygon"},"properties":{"Kelas":"Cukup Tinggi"}},{"type":"Feature","geometry":{"coordinates":[[[[112.81236703909767,-7.274932025441963],[112.8120596896112,-7.276027945896582],[112.81127111864305,-7.275240253069825],[112.81236703909767,-7.274932025441963]]]],"type":"MultiPolygon"},"properties":{"Kelas":"Cukup Rendah"}},{"type":"Feature","geometry":{"coordinates":[[[[112.83754510902939,-7.275831242225239],[112.83664589224612,-7.275831242225239],[112.83717804592841,-7.273665745557702],[112.83754510902939,-7.270435941525584],[112.83844432581267,-7.270435941525584],[112.83844432581267,-7.27133515830886],[112.83934354259594,-7.27133515830886],[112.83874640645081,-7.272536455730268],[112.83844432581267,-7.274032808658689],[112.83844432581267,-7.274932025441963],[112.83754510902939,-7.274932025441963],[112.83754510902939,-7.275831242225239]]]],"type":"MultiPolygon"},"properties":{"Kelas":"Cukup Tinggi"}},{"type":"Feature","geometry":{"coordinates":[[[[112.83754510902939,-7.275831242225239],[112.83754510902939,-7.274932025441963],[112.83844432581267,-7.274932025441963],[112.83844432581267,-7.275831242225239],[112.83754510902939,-7.275831242225239]]]],"type":"MultiPolygon"},"properties":{"Kelas":"Sedang"}},{"type":"Feature","geometry":{"coordinates":[[[[112.8411419761625,-7.275831242225239],[112.84024275937922,-7.275831242225239],[112.84024275937922,-7.274932025441963],[112.8411419761625,-7.274932025441963],[112.8411419761625,-7.275831242225239]]]],"type":"MultiPolygon"},"properties":{"Kelas":"Sedang"}},{"type":"Feature","geometry":{"coordinates":[[[[112.6990657244049,-7.276730459008515],[112.69726729083835,-7.276730459008515],[112.69726729083835,-7.275831242225239],[112.69726729083835,-7.274932025441963],[112.69816650762164,-7.274932025441963],[112.6990657244049,-7.274932025441963],[112.6990657244049,-7.276730459008515]]]],"type":"MultiPolygon"},"properties":{"Kelas":"Cukup Rendah"}},{"type":"Feature","geometry":{"coordinates":[[[[112.70356180832128,-7.276730459008515],[112.7023938802727,-7.276208843022903],[112.70446102510456,-7.275831242225239],[112.70446102510456,-7.276730459008515],[112.70356180832128,-7.276730459008515]]]],"type":"MultiPolygon"},"properties":{"Kelas":"Sangat Rendah"}},{"type":"Feature","geometry":{"coordinates":[[[[112.71525162650387,-7.276730459008515],[112.71435240972059,-7.276730459008515],[112.71435240972059,-7.275831242225239],[112.71525162650387,-7.275831242225239],[112.71525162650387,-7.276730459008515]]]],"type":"MultiPolygon"},"properties":{"Kelas":"Cukup Rendah"}},{"type":"Feature","geometry":{"coordinates":[[[[112.71525162650387,-7.276730459008515],[112.71525162650387,-7.275831242225239],[112.71640374800745,-7.276280850616878],[112.71525162650387,-7.276730459008515]]]],"type":"MultiPolygon"},"properties":{"Kelas":"Sangat Rendah"}},{"type":"Feature","geometry":{"coordinates":[[[[112.72694144468646,-7.276730459008515],[112.72429472653725,-7.27605165571411],[112.72514301111991,-7.274032808658689],[112.72569975276112,-7.272709449584081],[112.72536254646738,-7.271208705948712],[112.72309167283306,-7.269640345426318],[112.71879053630525,-7.270603666531059],[112.71705006007042,-7.27133515830886],[112.71525162650387,-7.27133515830886],[112.71566786552269,-7.26995296376113],[112.71933147140143,-7.269120485723487],[112.72016921828741,-7.268148383204847],[112.72514301111991,-7.268637507959033],[112.72514301111991,-7.269536724742307],[112.72784066146974,-7.269536724742307],[112.72784066146974,-7.272234375092136],[112.72694144468646,-7.272234375092136],[112.72694144468646,-7.276730459008515]]]],"type":"MultiPolygon"},"properties":{"Kelas":"Cukup Rendah"}},{"type":"Feature","geometry":{"coordinates":[[[[112.75391794818474,-7.275831242225239],[112.75501386863935,-7.276139469853101],[112.75422529767121,-7.276927162679858],[112.75391794818474,-7.275831242225239]]]],"type":"MultiPolygon"},"properties":{"Kelas":"Sedang"}},{"type":"Feature","geometry":{"coordinates":[[[[112.77280150063353,-7.276730459008515],[112.77190228385025,-7.276730459008515],[112.77190228385025,-7.274032808658689],[112.77100306706697,-7.274032808658689],[112.77100306706697,-7.273133591875412],[112.77190228385025,-7.273133591875412],[112.77190228385025,-7.27133515830886],[112.77729758454991,-7.27133515830886],[112.77729758454991,-7.270435941525584],[112.7781968013332,-7.270435941525584],[112.7781968013332,-7.269536724742307],[112.77909601811646,-7.269536724742307],[112.77850766338521,-7.272995723677194],[112.77560101538458,-7.272566312537524],[112.77319315169343,-7.274424459718592],[112.77280150063353,-7.276730459008515]]]],"type":"MultiPolygon"},"properties":{"Kelas":"Cukup Rendah"}},{"type":"Feature","geometry":{"coordinates":[[[[112.83664589224612,-7.276730459008515],[112.83574667546284,-7.276730459008515],[112.83574667546284,-7.275831242225239],[112.83664589224612,-7.275831242225239],[112.83664589224612,-7.276730459008515]]]],"type":"MultiPolygon"},"properties":{"Kelas":"Cukup Tinggi"}},{"type":"Feature","geometry":{"coordinates":[[[[112.83664589224612,-7.276730459008515],[112.83664589224612,-7.275831242225239],[112.83754510902939,-7.275831242225239],[112.83754510902939,-7.276730459008515],[112.83664589224612,-7.276730459008515]]]],"type":"MultiPolygon"},"properties":{"Kelas":"Sedang"}},{"type":"Feature","geometry":{"coordinates":[[[[112.69996494118818,-7.277629675791792],[112.6990657244049,-7.277629675791792],[112.6990657244049,-7.276730459008515],[112.69996494118818,-7.276730459008515],[112.69996494118818,-7.277629675791792]]]],"type":"MultiPolygon"},"properties":{"Kelas":"Cukup Rendah"}},{"type":"Feature","geometry":{"coordinates":[[[[112.70176337475473,-7.277629675791792],[112.69996494118818,-7.277629675791792],[112.69996494118818,-7.276730459008515],[112.6990657244049,-7.276730459008515],[112.6990657244049,-7.274932025441963],[112.70044791895263,-7.274515786423143],[112.70139104280541,-7.271382577943916],[112.70086415797147,-7.265040640825928],[112.70139982421931,-7.265425266754713],[112.7025677522679,-7.27133515830886],[112.70210936246237,-7.273654329719633],[112.70536024188783,-7.274032808658689],[112.70536024188783,-7.274932025441963],[112.70176337475473,-7.274932025441963],[112.70176337475473,-7.277629675791792]]]],"type":"MultiPolygon"},"properties":{"Kelas":"Sedang"}},{"type":"Feature","geometry":{"coordinates":[[[[112.70356180832128,-7.277629675791792],[112.70176337475473,-7.277629675791792],[112.70176337475473,-7.274932025441963],[112.70536024188783,-7.274932025441963],[112.70536024188783,-7.275831242225239],[112.70446102510456,-7.275831242225239],[112.7023938802727,-7.276208843022903],[112.70356180832128,-7.276730459008515],[112.70356180832128,-7.277629675791792]]]],"type":"MultiPolygon"},"properties":{"Kelas":"Cukup Rendah"}},{"type":"Feature","geometry":{"coordinates":[[[[112.72873987825301,-7.274032808658689],[112.72873987825301,-7.272234375092136],[112.72929661989423,-7.271891899950068],[112.73064193250357,-7.267940263695438],[112.73276176581884,-7.268600626020655],[112.73357843731145,-7.266704718759822],[112.73178000374492,-7.265597382467137],[112.73143752860284,-7.264141424042652],[112.7323367453861,-7.264141424042652],[112.7323367453861,-7.262342990476101],[112.7323367453861,-7.261443773692825],[112.73376811585169,-7.261076710591839],[112.73719989240348,-7.259634802429595],[112.7364657662015,-7.264673577724944],[112.73593361251922,-7.266839074392481],[112.73413517895267,-7.266839074392481],[112.73413517895267,-7.268637507959033],[112.73593361251922,-7.268637507959033],[112.73648508531208,-7.270784563657381],[112.73863126286905,-7.27133515830886],[112.73863126286905,-7.273133591875412],[112.7404296964356,-7.273133591875412],[112.73960073096352,-7.276278216192708],[112.73400697030974,-7.277382918061225],[112.73237713989005,-7.27315642355155],[112.72873987825301,-7.274032808658689]]]],"type":"MultiPolygon"},"properties":{"Kelas":"Tinggi"}},{"type":"Feature","geometry":{"coordinates":[[[[112.76830541671715,-7.277629675791792],[112.76740619993387,-7.277629675791792],[112.76740619993387,-7.276730459008515],[112.76830541671715,-7.276730459008515],[112.76830541671715,-7.277629675791792]]]],"type":"MultiPolygon"},"properties":{"Kelas":"Cukup Tinggi"}},{"type":"Feature","geometry":{"coordinates":[[[[112.76920463350042,-7.277629675791792],[112.76830541671715,-7.277629675791792],[112.76830541671715,-7.276730459008515],[112.76740619993387,-7.276730459008515],[112.76901319867743,-7.272741940815509],[112.77009858143536,-7.275355289591904],[112.76920463350042,-7.277629675791792]]]],"type":"MultiPolygon"},"properties":{"Kelas":"Tinggi"}},{"type":"Feature","geometry":{"coordinates":[[[[112.77009858143536,-7.275355289591904],[112.76901319867743,-7.272741940815509],[112.76740619993387,-7.276730459008515],[112.76505102472612,-7.276387983866448],[112.76436607444198,-7.275274500584031],[112.76168247435439,-7.274360355397127],[112.76076920730887,-7.271677633450928],[112.76021246566766,-7.27133515830886],[112.76021246566766,-7.270435941525584],[112.76111168245095,-7.270435941525584],[112.76111168245095,-7.263242207259378],[112.76322097806953,-7.262760107636312],[112.76230595474124,-7.260094948517912],[112.7631542393239,-7.257625614929463],[112.7614471324619,-7.256613117906888],[112.76077623244,-7.255483828079452],[112.75785026532878,-7.254814684340335],[112.75562505504674,-7.253213832586514],[112.75264464316936,-7.25423774544716],[112.75211951461819,-7.253350822643341],[112.75211951461819,-7.251552389076791],[112.75301873140145,-7.251552389076791],[112.75301873140145,-7.249753955510238],[112.7553493186503,-7.24877570600187],[112.75916572113088,-7.250203563901877],[112.75852116535069,-7.253078598812467],[112.75982257089055,-7.252787055871014],[112.76068666201823,-7.254037529210258],[112.76147874555193,-7.251919452177775],[112.76434148648306,-7.250286109192528],[112.76521962787298,-7.245790025276149],[112.76758358449464,-7.24674456496699],[112.76826502221321,-7.249782934176105],[112.76654737765453,-7.252422627194198],[112.76725867218036,-7.255598864601531],[112.76637701822489,-7.259534694311144],[112.76886567092392,-7.262746935515462],[112.76848807012625,-7.264430332559936],[112.76965424189207,-7.264692018694131],[112.77100306706697,-7.26438905991461],[112.77369017972012,-7.264991464908093],[112.7751549195585,-7.259278277025288],[112.77606291775568,-7.260038747468956],[112.77544997506553,-7.262768010908822],[112.781261514784,-7.264259094988901],[112.78052738858203,-7.266472011291494],[112.77909601811646,-7.268637507959033],[112.7781968013332,-7.268637507959033],[112.7781968013332,-7.269536724742307],[112.77729758454991,-7.269536724742307],[112.77729758454991,-7.270435941525584],[112.77190228385025,-7.270435941525584],[112.77190228385025,-7.27133515830886],[112.77027245343056,-7.271664461330079],[112.77100306706697,-7.273133591875412],[112.77100306706697,-7.274032808658689],[112.77100306706697,-7.277629675791792],[112.76920463350042,-7.277629675791792],[112.77009858143536,-7.275355289591904]],[[112.76723935306978,-7.264466336356922],[112.76353184012156,-7.263839343404522],[112.76260803537937,-7.265582454063509],[112.7665069831506,-7.265939857609204],[112.76723935306978,-7.264466336356922]],[[112.77398523522714,-7.266485183412344],[112.77240106815972,-7.268008758723852],[112.77459993420008,-7.268637507959033],[112.77398523522714,-7.266485183412344]],[[112.76787337115331,-7.268216000091872],[112.76454521528552,-7.26801754013775],[112.7702425966233,-7.270632645196926],[112.76920463350042,-7.267738291175757],[112.76787337115331,-7.268216000091872]],[[112.77124894665616,-7.267378253205891],[112.76970517409268,-7.266569484985776],[112.76920463350042,-7.267738291175757],[112.77124894665616,-7.267378253205891]],[[112.767046161964,-7.270190940077796],[112.76623827188529,-7.271733834499882],[112.76740619993387,-7.272234375092136],[112.767046161964,-7.270190940077796]],[[112.76423435323349,-7.271961273119871],[112.76172813770667,-7.271000586439301],[112.7626045228138,-7.273551587177012],[112.76470854958404,-7.274032808658689],[112.76423435323349,-7.271961273119871]],[[112.76691795332108,-7.272891224851794],[112.765339055102,-7.273668379981872],[112.76740619993387,-7.274032808658689],[112.76691795332108,-7.272891224851794]]]],"type":"MultiPolygon"},"properties":{"Kelas":"Cukup Tinggi"}},{"type":"Feature","geometry":{"coordinates":[[[[112.77280150063353,-7.276730459008515],[112.77319315169343,-7.274424459718592],[112.77560101538458,-7.272566312537524],[112.77850766338521,-7.272995723677194],[112.77909601811646,-7.269536724742307],[112.78084000691683,-7.269984576851167],[112.78153900746321,-7.273100222502595],[112.78047470009864,-7.27464048250051],[112.77551495752837,-7.277870286532629],[112.77280150063353,-7.276730459008515]]]],"type":"MultiPolygon"},"properties":{"Kelas":"Sangat Rendah"}},{"type":"Feature","geometry":{"coordinates":[[[[112.79618113699871,-7.277629675791792],[112.7952678699532,-7.276999170273831],[112.79593350112674,-7.274032808658689],[112.79562966420583,-7.272680470918214],[112.79618113699871,-7.270435941525584],[112.79708035378198,-7.270435941525584],[112.79708035378198,-7.269536724742307],[112.79887878734853,-7.269536724742307],[112.79887878734853,-7.268637507959033],[112.80157643769836,-7.268637507959033],[112.80157643769836,-7.269536724742307],[112.79725598205997,-7.271277200977126],[112.79770910301716,-7.27434015814516],[112.79657278805861,-7.276222893285142],[112.79618113699871,-7.277629675791792]]]],"type":"MultiPolygon"},"properties":{"Kelas":"Cukup Tinggi"}},{"type":"Feature","geometry":{"coordinates":[[[[112.80247565448164,-7.277629675791792],[112.80067722091508,-7.277629675791792],[112.80067722091508,-7.275831242225239],[112.80427408804819,-7.275831242225239],[112.80427408804819,-7.276730459008515],[112.80247565448164,-7.276730459008515],[112.80247565448164,-7.277629675791792]]]],"type":"MultiPolygon"},"properties":{"Kelas":"Sedang"}},{"type":"Feature","geometry":{"coordinates":[[[[112.80517330483147,-7.277629675791792],[112.80247565448164,-7.277629675791792],[112.80247565448164,-7.276730459008515],[112.80427408804819,-7.276730459008515],[112.80517330483147,-7.276730459008515],[112.80517330483147,-7.277629675791792]]]],"type":"MultiPolygon"},"properties":{"Kelas":"Cukup Rendah"}},{"type":"Feature","geometry":{"coordinates":[[[[112.80607252161474,-7.277629675791792],[112.80517330483147,-7.277629675791792],[112.80517330483147,-7.276730459008515],[112.80607252161474,-7.276730459008515],[112.80607252161474,-7.277629675791792]]]],"type":"MultiPolygon"},"properties":{"Kelas":"Sedang"}},{"type":"Feature","geometry":{"coordinates":[[[[112.80787095518129,-7.277629675791792],[112.80697173839802,-7.277629675791792],[112.80697173839802,-7.273133591875412],[112.80877017196457,-7.273133591875412],[112.80877017196457,-7.274032808658689],[112.80787095518129,-7.274032808658689],[112.80787095518129,-7.274932025441963],[112.80787095518129,-7.277629675791792]]]],"type":"MultiPolygon"},"properties":{"Kelas":"Sedang"}},{"type":"Feature","geometry":{"coordinates":[[[[112.69636807405507,-7.278528892575068],[112.69636807405507,-7.277629675791792],[112.69636807405507,-7.276730459008515],[112.69726729083835,-7.276730459008515],[112.6990657244049,-7.276730459008515],[112.6990657244049,-7.277629675791792],[112.69816650762164,-7.277629675791792],[112.69636807405507,-7.278528892575068]]]],"type":"MultiPolygon"},"properties":{"Kelas":"Sedang"}},{"type":"Feature","geometry":{"coordinates":[[[[112.69816650762164,-7.277629675791792],[112.6990657244049,-7.277629675791792],[112.69861611601327,-7.278781797295364],[112.69816650762164,-7.277629675791792]]]],"type":"MultiPolygon"},"properties":{"Kelas":"Cukup Rendah"}},{"type":"Feature","geometry":{"coordinates":[[[[112.71345319293732,-7.278528892575068],[112.71255397615404,-7.278528892575068],[112.71165475937077,-7.274932025441963],[112.7131247680575,-7.275662639078375],[112.71345319293732,-7.274032808658689],[112.71435240972059,-7.274032808658689],[112.71435240972059,-7.274932025441963],[112.71435240972059,-7.275831242225239],[112.71435240972059,-7.276730459008515],[112.71435240972059,-7.278528892575068],[112.71345319293732,-7.278528892575068]]]],"type":"MultiPolygon"},"properties":{"Kelas":"Sedang"}},{"type":"Feature","geometry":{"coordinates":[[[[112.76740619993387,-7.278528892575068],[112.76560776636732,-7.278528892575068],[112.76560776636732,-7.277629675791792],[112.76740619993387,-7.277629675791792],[112.76740619993387,-7.278528892575068]]]],"type":"MultiPolygon"},"properties":{"Kelas":"Cukup Rendah"}},{"type":"Feature","geometry":{"coordinates":[[[[112.7889874027325,-7.274932025441963],[112.7889874027325,-7.277629675791792],[112.78778610531108,-7.278226811936936],[112.78345511197601,-7.278830973213198],[112.78470031646691,-7.276280850616878],[112.7834568682588,-7.273733362444725],[112.78478286175758,-7.27283151123728],[112.78569261623753,-7.274629944803833],[112.7889874027325,-7.274932025441963]]]],"type":"MultiPolygon"},"properties":{"Kelas":"Sedang"}},{"type":"Feature","geometry":{"coordinates":[[[[112.7889874027325,-7.277629675791792],[112.7889874027325,-7.274932025441963],[112.79022558209228,-7.274139941908258],[112.78932987787456,-7.270954923087025],[112.78718896916595,-7.270435941525584],[112.78640566704614,-7.26942081007884],[112.78409966775621,-7.267640817481475],[112.78512358061685,-7.264755244874205],[112.79036081586634,-7.268799085974777],[112.79117748735895,-7.27454037438206],[112.7925842698656,-7.274932025441963],[112.79200645283103,-7.278329554479555],[112.7889874027325,-7.277629675791792]]]],"type":"MultiPolygon"},"properties":{"Kelas":"Cukup Tinggi"}},{"type":"Feature","geometry":{"coordinates":[[[[112.79438270343215,-7.278528892575068],[112.79328678297753,-7.278220664947206],[112.79407535394569,-7.277432972120449],[112.79438270343215,-7.278528892575068]]]],"type":"MultiPolygon"},"properties":{"Kelas":"Cukup Rendah"}},{"type":"Feature","geometry":{"coordinates":[[[[112.80607252161474,-7.278528892575068],[112.80517330483147,-7.278528892575068],[112.80517330483147,-7.277629675791792],[112.80607252161474,-7.277629675791792],[112.80607252161474,-7.278528892575068]]]],"type":"MultiPolygon"},"properties":{"Kelas":"Cukup Rendah"}},{"type":"Feature","geometry":{"coordinates":[[[[112.80697173839802,-7.278528892575068],[112.80607252161474,-7.278528892575068],[112.80607252161474,-7.277629675791792],[112.80697173839802,-7.277629675791792],[112.80697173839802,-7.278528892575068]]]],"type":"MultiPolygon"},"properties":{"Kelas":"Sedang"}},{"type":"Feature","geometry":{"coordinates":[[[[112.81416547266423,-7.278528892575068],[112.81326625588095,-7.278528892575068],[112.81349457264233,-7.276958775769893],[112.81523680515993,-7.275198102283108],[112.81236703909767,-7.274932025441963],[112.8114678223144,-7.273133591875412],[112.81709846490655,-7.274551790220128],[112.8150646894475,-7.277629675791792],[112.81416547266423,-7.277629675791792],[112.81416547266423,-7.278528892575068]]]],"type":"MultiPolygon"},"properties":{"Kelas":"Cukup Rendah"}},{"type":"Feature","geometry":{"coordinates":[[[[112.81416547266423,-7.278528892575068],[112.81416547266423,-7.277629675791792],[112.8150646894475,-7.277629675791792],[112.8150646894475,-7.278528892575068],[112.81416547266423,-7.278528892575068]]]],"type":"MultiPolygon"},"properties":{"Kelas":"Sedang"}},{"type":"Feature","geometry":{"coordinates":[[[[112.81709846490655,-7.274551790220128],[112.8114678223144,-7.273133591875412],[112.8114678223144,-7.272234375092136],[112.81416547266423,-7.272234375092136],[112.81510859651699,-7.273455869765511],[112.81725477407394,-7.272331848786417],[112.81596390623078,-7.27133515830886],[112.8155617174742,-7.269343533636526],[112.81416547266423,-7.268637507959033],[112.81379840956323,-7.267206137493465],[112.81173302101415,-7.26578003587624],[112.80877017196457,-7.267738291175757],[112.80824679969618,-7.267334346136394],[112.80838730231856,-7.266389466000842],[112.80815020414329,-7.264784223540072],[112.80292526287327,-7.265556987963201],[112.79708562263032,-7.26469377497691],[112.7957894859388,-7.260036991186176],[112.79528192021543,-7.259645340126273],[112.79489026915553,-7.257339340836349],[112.79360467016069,-7.256347041065741],[112.78819005035045,-7.257147027871957],[112.78653563197184,-7.253104064912774],[112.78269288524956,-7.252451605860067],[112.78269288524956,-7.250653172293514],[112.78359210203284,-7.250653172293514],[112.78412425571513,-7.251020235394499],[112.7891261490721,-7.252248755198995],[112.79025368261676,-7.253882976325633],[112.79279678008196,-7.254617102527604],[112.79385054974986,-7.25219431043282],[112.79115289940003,-7.251185325975804],[112.79078583629905,-7.250653172293514],[112.79348348664888,-7.250653172293514],[112.79348348664888,-7.247955521943686],[112.79468478407028,-7.248552658088832],[112.79767748992712,-7.249156819365094],[112.79797957056526,-7.249753955510238],[112.79708035378198,-7.249753955510238],[112.79708035378198,-7.252451605860067],[112.79887878734853,-7.252451605860067],[112.79887878734853,-7.253350822643341],[112.79489026915553,-7.254028747796358],[112.7968783812623,-7.2591377744029],[112.79848713628863,-7.258354472283093],[112.7996480392061,-7.256850216082166],[112.80067722091508,-7.260544556909549],[112.80607252161474,-7.260544556909549],[112.80607252161474,-7.259645340126273],[112.80966938874784,-7.259645340126273],[112.80966938874784,-7.261443773692825],[112.81056860553112,-7.261443773692825],[112.81140459613432,-7.264448773529123],[112.81283596659989,-7.264660405604094],[112.81798538771037,-7.263158783827334],[112.81995242442378,-7.266447423332577],[112.82444850834017,-7.269917838105533],[112.82184745354323,-7.271856774294472],[112.82023342966855,-7.271617919836414],[112.81846309662649,-7.277975663499419],[112.8166330499699,-7.278246131047514],[112.8150646894475,-7.277629675791792],[112.81709846490655,-7.274551790220128]],[[112.79944606668641,-7.26149470589344],[112.80058765049331,-7.263633858319281],[112.80286730554154,-7.262440464170382],[112.80106887197499,-7.261052122632922],[112.80067722091508,-7.260544556909549],[112.79944606668641,-7.26149470589344]]]],"type":"MultiPolygon"},"properties":{"Kelas":"Sedang"}},{"type":"Feature","geometry":{"coordinates":[[[[112.83664589224612,-7.276730459008515],[112.83754510902939,-7.276730459008515],[112.83754510902939,-7.275831242225239],[112.83844432581267,-7.275831242225239],[112.83844432581267,-7.274932025441963],[112.84024275937922,-7.274932025441963],[112.84024275937922,-7.275831242225239],[112.8411419761625,-7.275831242225239],[112.84204119294577,-7.275831242225239],[112.84204119294577,-7.276730459008515],[112.84069412405364,-7.277400480889023],[112.8397913947048,-7.276959653911284],[112.83697431712595,-7.278360289428203],[112.83664589224612,-7.276730459008515]]]],"type":"MultiPolygon"},"properties":{"Kelas":"Cukup Rendah"}},{"type":"Feature","geometry":{"coordinates":[[[[112.6433142838418,-7.279428109358342],[112.64237994140294,-7.278563140089274],[112.64108380471141,-7.277162504572354],[112.63752733208224,-7.27603672731048],[112.6433142838418,-7.274932025441963],[112.64421350062509,-7.274932025441963],[112.64421350062509,-7.275831242225239],[112.6433142838418,-7.275831242225239],[112.6433142838418,-7.279428109358342]]]],"type":"MultiPolygon"},"properties":{"Kelas":"Cukup Tinggi"}},{"type":"Feature","geometry":{"coordinates":[[[[112.69367042370526,-7.279428109358342],[112.69187199013871,-7.279428109358342],[112.69277120692198,-7.27817324531215],[112.69367042370526,-7.279428109358342]]]],"type":"MultiPolygon"},"properties":{"Kelas":"Tinggi"}},{"type":"Feature","geometry":{"coordinates":[[[[112.69636807405507,-7.279428109358342],[112.69456964048852,-7.279428109358342],[112.6951738017648,-7.278233837068054],[112.69636807405507,-7.277629675791792],[112.69636807405507,-7.278528892575068],[112.69636807405507,-7.279428109358342]]]],"type":"MultiPolygon"},"properties":{"Kelas":"Cukup Tinggi"}},{"type":"Feature","geometry":{"coordinates":[[[[112.70356180832128,-7.279428109358342],[112.70240968681772,-7.278978500966705],[112.70356180832128,-7.278528892575068],[112.70356180832128,-7.279428109358342]]]],"type":"MultiPolygon"},"properties":{"Kelas":"Cukup Rendah"}},{"type":"Feature","geometry":{"coordinates":[[[[112.73323596216939,-7.279428109358342],[112.73143752860284,-7.279428109358342],[112.73143752860284,-7.278528892575068],[112.73323596216939,-7.278528892575068],[112.73323596216939,-7.279428109358342]]]],"type":"MultiPolygon"},"properties":{"Kelas":"Sedang"}},{"type":"Feature","geometry":{"coordinates":[[[[112.76560776636732,-7.278528892575068],[112.76740619993387,-7.278528892575068],[112.7665069831506,-7.27978375662126],[112.76560776636732,-7.278528892575068]]]],"type":"MultiPolygon"},"properties":{"Kelas":"Sangat Rendah"}},{"type":"Feature","geometry":{"coordinates":[[[[112.79977800413181,-7.279428109358342],[112.79618113699871,-7.277629675791792],[112.79657278805861,-7.276222893285142],[112.79770910301716,-7.27434015814516],[112.79725598205997,-7.271277200977126],[112.80157643769836,-7.269536724742307],[112.80157643769836,-7.27133515830886],[112.80247565448164,-7.27133515830886],[112.80247565448164,-7.272234375092136],[112.80247565448164,-7.274032808658689],[112.79977800413181,-7.274032808658689],[112.79977800413181,-7.279428109358342]]]],"type":"MultiPolygon"},"properties":{"Kelas":"Tinggi"}},{"type":"Feature","geometry":{"coordinates":[[[[112.80067722091508,-7.279428109358342],[112.79977800413181,-7.279428109358342],[112.79977800413181,-7.274032808658689],[112.80247565448164,-7.274032808658689],[112.80247565448164,-7.272234375092136],[112.80337487126491,-7.272234375092136],[112.80337487126491,-7.273133591875412],[112.80427408804819,-7.273133591875412],[112.80551577997353,-7.274425337859981],[112.80607252161474,-7.270435941525584],[112.80697173839802,-7.270435941525584],[112.80697173839802,-7.272234375092136],[112.80877017196457,-7.272234375092136],[112.80877017196457,-7.273133591875412],[112.80697173839802,-7.273133591875412],[112.80697173839802,-7.277629675791792],[112.80607252161474,-7.277629675791792],[112.80607252161474,-7.276730459008515],[112.80517330483147,-7.276730459008515],[112.80427408804819,-7.276730459008515],[112.80427408804819,-7.275831242225239],[112.80067722091508,-7.275831242225239],[112.80067722091508,-7.277629675791792],[112.80067722091508,-7.278528892575068],[112.80067722091508,-7.279428109358342]]]],"type":"MultiPolygon"},"properties":{"Kelas":"Cukup Tinggi"}},{"type":"Feature","geometry":{"coordinates":[[[[112.80067722091508,-7.279428109358342],[112.80067722091508,-7.278528892575068],[112.80182934241866,-7.278978500966705],[112.80067722091508,-7.279428109358342]]]],"type":"MultiPolygon"},"properties":{"Kelas":"Sedang"}},{"type":"Feature","geometry":{"coordinates":[[[[112.80697173839802,-7.278528892575068],[112.80697173839802,-7.277629675791792],[112.80787095518129,-7.277629675791792],[112.80912142852054,-7.278429662598006],[112.8077304525589,-7.279712627168676],[112.80697173839802,-7.278528892575068]]]],"type":"MultiPolygon"},"properties":{"Kelas":"Cukup Rendah"}},{"type":"Feature","geometry":{"coordinates":[[[[112.81326625588095,-7.279428109358342],[112.81236703909767,-7.279428109358342],[112.81236703909767,-7.278528892575068],[112.81326625588095,-7.278528892575068],[112.81326625588095,-7.279428109358342]]]],"type":"MultiPolygon"},"properties":{"Kelas":"Cukup Rendah"}},{"type":"Feature","geometry":{"coordinates":[[[[112.81326625588095,-7.279428109358342],[112.81326625588095,-7.278528892575068],[112.81416547266423,-7.278528892575068],[112.81416547266423,-7.279428109358342],[112.81326625588095,-7.279428109358342]]]],"type":"MultiPolygon"},"properties":{"Kelas":"Sedang"}},{"type":"Feature","geometry":{"coordinates":[[[[112.83125059154646,-7.279428109358342],[112.83015467109185,-7.279119881730482],[112.83094324205999,-7.278332188903725],[112.83125059154646,-7.279428109358342]]]],"type":"MultiPolygon"},"properties":{"Kelas":"Cukup Tinggi"}},{"type":"Feature","geometry":{"coordinates":[[[[112.64421350062509,-7.280327326141618],[112.6433142838418,-7.280327326141618],[112.6433142838418,-7.279428109358342],[112.64421350062509,-7.279428109358342],[112.64421350062509,-7.280327326141618]]]],"type":"MultiPolygon"},"properties":{"Kelas":"Cukup Tinggi"}},{"type":"Feature","geometry":{"coordinates":[[[[112.71255397615404,-7.278528892575068],[112.71345319293732,-7.278528892575068],[112.71302992878738,-7.280629406779751],[112.71184268162821,-7.279960263040634],[112.71255397615404,-7.278528892575068]]]],"type":"MultiPolygon"},"properties":{"Kelas":"Cukup Rendah"}},{"type":"Feature","geometry":{"coordinates":[[[[112.73953047965233,-7.280327326141618],[112.739070333564,-7.278255790602802],[112.7366326130656,-7.277303007194742],[112.73560694392216,-7.279101440761293],[112.73323596216939,-7.279428109358342],[112.73323596216939,-7.278528892575068],[112.73143752860284,-7.278528892575068],[112.73104587754294,-7.277122110068419],[112.72873987825301,-7.274032808658689],[112.73237713989005,-7.27315642355155],[112.73400697030974,-7.277382918061225],[112.73960073096352,-7.276278216192708],[112.7404296964356,-7.273133591875412],[112.74132891321888,-7.273133591875412],[112.74082310377828,-7.277180067400153],[112.7410127823185,-7.278700130146101],[112.74002926396179,-7.279927771809206],[112.73953047965233,-7.280327326141618]]]],"type":"MultiPolygon"},"properties":{"Kelas":"Cukup Tinggi"}},{"type":"Feature","geometry":{"coordinates":[[[[112.74645901521878,-7.271758422458801],[112.750828646775,-7.269145073682404],[112.75185431591842,-7.264286317371988],[112.75440268223197,-7.264663040028264],[112.75740768206828,-7.262850556199474],[112.75960654810862,-7.263988627440806],[112.75982959602166,-7.265490249217567],[112.7596258672192,-7.266866296775568],[112.76021246566766,-7.270435941525584],[112.7590603441641,-7.270885549917223],[112.76021246566766,-7.27133515830886],[112.75982959602166,-7.274548277654569],[112.75641538229766,-7.275473838679543],[112.76149455209695,-7.278464788253602],[112.75896374861121,-7.280711073929012],[112.75070395069764,-7.279044361570948],[112.74981351532826,-7.276803344743879],[112.74454291070597,-7.277710464799664],[112.74530864999798,-7.274416556446083],[112.74582499713526,-7.274032808658689],[112.74645901521878,-7.271758422458801]],[[112.74698590005272,-7.275536186718227],[112.74992064857783,-7.274383187073266],[112.74996455564732,-7.270943507248957],[112.74582499713526,-7.274032808658689],[112.74698590005272,-7.275536186718227]],[[112.75888120332056,-7.272026255582725],[112.75719692813469,-7.272872783882606],[112.7593132488844,-7.274032808658689],[112.75888120332056,-7.272026255582725]],[[112.75805399413125,-7.263896422594865],[112.75724610405253,-7.265439317016952],[112.75841403210111,-7.265939857609204],[112.75805399413125,-7.263896422594865]],[[112.75176474549666,-7.270152301856641],[112.75328919894956,-7.271734712641273],[112.75391794818474,-7.269536724742307],[112.75176474549666,-7.270152301856641]],[[112.75596226134047,-7.269176686772441],[112.75441848877699,-7.268367918552327],[112.75391794818474,-7.269536724742307],[112.75596226134047,-7.269176686772441]],[[112.75422529767121,-7.276927162679858],[112.75501386863935,-7.276139469853101],[112.75391794818474,-7.275831242225239],[112.75422529767121,-7.276927162679858]],[[112.75330851806014,-7.274674730014718],[112.75090943578289,-7.275440469306726],[112.75391794818474,-7.275831242225239],[112.75330851806014,-7.274674730014718]]]],"type":"MultiPolygon"},"properties":{"Kelas":"Cukup Rendah"}},{"type":"Feature","geometry":{"coordinates":[[[[112.79977800413181,-7.280327326141618],[112.79977800413181,-7.279428109358342],[112.80067722091508,-7.279428109358342],[112.80067722091508,-7.280327326141618],[112.79977800413181,-7.280327326141618]]]],"type":"MultiPolygon"},"properties":{"Kelas":"Sedang"}},{"type":"Feature","geometry":{"coordinates":[[[[112.81236703909767,-7.280327326141618],[112.8114678223144,-7.280327326141618],[112.8114678223144,-7.279428109358342],[112.81236703909767,-7.279428109358342],[112.81236703909767,-7.280327326141618]]]],"type":"MultiPolygon"},"properties":{"Kelas":"Cukup Rendah"}},{"type":"Feature","geometry":{"coordinates":[[[[112.81326625588095,-7.280327326141618],[112.81236703909767,-7.280327326141618],[112.81236703909767,-7.279428109358342],[112.81326625588095,-7.279428109358342],[112.81326625588095,-7.280327326141618]]]],"type":"MultiPolygon"},"properties":{"Kelas":"Sedang"}},{"type":"Feature","geometry":{"coordinates":[[[[112.83574667546284,-7.280327326141618],[112.83574667546284,-7.277629675791792],[112.83574667546284,-7.276730459008515],[112.83664589224612,-7.276730459008515],[112.83697431712595,-7.278360289428203],[112.8397913947048,-7.276959653911284],[112.84069412405364,-7.277400480889023],[112.84204119294577,-7.276730459008515],[112.84294040972905,-7.276730459008515],[112.84294040972905,-7.278528892575068],[112.83867264257405,-7.278757209336446],[112.83731679226801,-7.28009900938024],[112.83574667546284,-7.280327326141618]]]],"type":"MultiPolygon"},"properties":{"Kelas":"Sedang"}},{"type":"Feature","geometry":{"coordinates":[[[[112.6433142838418,-7.281226542924895],[112.6433142838418,-7.280327326141618],[112.64421350062509,-7.280327326141618],[112.64421350062509,-7.281226542924895],[112.6433142838418,-7.281226542924895]]]],"type":"MultiPolygon"},"properties":{"Kelas":"Sedang"}},{"type":"Feature","geometry":{"coordinates":[[[[112.69367042370526,-7.281226542924895],[112.69187199013871,-7.281226542924895],[112.69187199013871,-7.279428109358342],[112.69367042370526,-7.279428109358342],[112.69367042370526,-7.281226542924895]]]],"type":"MultiPolygon"},"properties":{"Kelas":"Cukup Tinggi"}},{"type":"Feature","geometry":{"coordinates":[[[[112.69367042370526,-7.281226542924895],[112.69367042370526,-7.279428109358342],[112.69456964048852,-7.279428109358342],[112.69636807405507,-7.279428109358342],[112.69566204837759,-7.280824354168313],[112.69367042370526,-7.281226542924895]]]],"type":"MultiPolygon"},"properties":{"Kelas":"Tinggi"}},{"type":"Feature","geometry":{"coordinates":[[[[112.72784066146974,-7.281226542924895],[112.72694144468646,-7.281226542924895],[112.72694144468646,-7.279428109358342],[112.72784066146974,-7.279428109358342],[112.72784066146974,-7.281226542924895]]]],"type":"MultiPolygon"},"properties":{"Kelas":"Sangat Rendah"}},{"type":"Feature","geometry":{"coordinates":[[[[112.73773204608577,-7.281226542924895],[112.73653074866436,-7.280629406779751],[112.73323596216939,-7.280327326141618],[112.73323596216939,-7.279428109358342],[112.73560694392216,-7.279101440761293],[112.7366326130656,-7.277303007194742],[112.739070333564,-7.278255790602802],[112.73953047965233,-7.280327326141618],[112.73773204608577,-7.280327326141618],[112.73773204608577,-7.281226542924895]]]],"type":"MultiPolygon"},"properties":{"Kelas":"Sedang"}},{"type":"Feature","geometry":{"coordinates":[[[[112.73953047965233,-7.281226542924895],[112.73773204608577,-7.281226542924895],[112.73773204608577,-7.280327326141618],[112.73953047965233,-7.280327326141618],[112.73953047965233,-7.281226542924895]]]],"type":"MultiPolygon"},"properties":{"Kelas":"Cukup Rendah"}},{"type":"Feature","geometry":{"coordinates":[[[[112.76470854958404,-7.278528892575068],[112.76418517731565,-7.278904737089952],[112.76290835973472,-7.280684729687316],[112.76084472746841,-7.281602387439779],[112.76379528253854,-7.277253831276907],[112.76470854958404,-7.278528892575068]]]],"type":"MultiPolygon"},"properties":{"Kelas":"Cukup Tinggi"}},{"type":"Feature","geometry":{"coordinates":[[[[112.76740619993387,-7.281226542924895],[112.76470854958404,-7.281226542924895],[112.76470854958404,-7.278528892575068],[112.76560776636732,-7.278528892575068],[112.7665069831506,-7.27978375662126],[112.76740619993387,-7.278528892575068],[112.77026894086501,-7.279263018777039],[112.77100306706697,-7.280327326141618],[112.76740619993387,-7.280327326141618],[112.76740619993387,-7.281226542924895]]]],"type":"MultiPolygon"},"properties":{"Kelas":"Cukup Rendah"}},{"type":"Feature","geometry":{"coordinates":[[[[112.76740619993387,-7.281226542924895],[112.76740619993387,-7.280327326141618],[112.77100306706697,-7.280327326141618],[112.77100306706697,-7.281226542924895],[112.76740619993387,-7.281226542924895]]]],"type":"MultiPolygon"},"properties":{"Kelas":"Sedang"}},{"type":"Feature","geometry":{"coordinates":[[[[112.7737007174168,-7.281226542924895],[112.7724994199954,-7.280629406779751],[112.77100306706697,-7.280327326141618],[112.77026894086501,-7.279263018777039],[112.76740619993387,-7.278528892575068],[112.76740619993387,-7.277629675791792],[112.76830541671715,-7.277629675791792],[112.76920463350042,-7.277629675791792],[112.77100306706697,-7.277629675791792],[112.77100306706697,-7.274032808658689],[112.77190228385025,-7.274032808658689],[112.77190228385025,-7.276730459008515],[112.77280150063353,-7.276730459008515],[112.77333365431582,-7.278895955676052],[112.7737007174168,-7.281226542924895]]]],"type":"MultiPolygon"},"properties":{"Kelas":"Sedang"}},{"type":"Feature","geometry":{"coordinates":[[[[112.79168505308232,-7.281226542924895],[112.78988661951577,-7.281226542924895],[112.79078583629905,-7.279971678878702],[112.79168505308232,-7.281226542924895]]]],"type":"MultiPolygon"},"properties":{"Kelas":"Sedang"}},{"type":"Feature","geometry":{"coordinates":[[[[112.79378556728702,-7.280924462286762],[112.79318140601075,-7.279730189996474],[112.78969342840999,-7.279025920601761],[112.7889874027325,-7.277629675791792],[112.79200645283103,-7.278329554479555],[112.7925842698656,-7.274932025441963],[112.79117748735895,-7.27454037438206],[112.79036081586634,-7.268799085974777],[112.78512358061685,-7.264755244874205],[112.78409966775621,-7.267640817481475],[112.78640566704614,-7.26942081007884],[112.78718896916595,-7.270435941525584],[112.78451590677503,-7.269779091765926],[112.78310209913727,-7.270096100807686],[112.78142660536531,-7.269004571060018],[112.77909601811646,-7.268637507959033],[112.78052738858203,-7.266472011291494],[112.781261514784,-7.264259094988901],[112.77544997506553,-7.262768010908822],[112.77606291775568,-7.260038747468956],[112.7751549195585,-7.259278277025288],[112.77369017972012,-7.264991464908093],[112.77100306706697,-7.26438905991461],[112.76965424189207,-7.264692018694131],[112.76848807012625,-7.264430332559936],[112.76886567092392,-7.262746935515462],[112.76637701822489,-7.259534694311144],[112.76725867218036,-7.255598864601531],[112.76654737765453,-7.252422627194198],[112.76826502221321,-7.249782934176105],[112.76758358449464,-7.24674456496699],[112.76521962787298,-7.245790025276149],[112.76434148648306,-7.250286109192528],[112.76147874555193,-7.251919452177775],[112.76068666201823,-7.254037529210258],[112.75982257089055,-7.252787055871014],[112.75852116535069,-7.253078598812467],[112.75916572113088,-7.250203563901877],[112.7553493186503,-7.24877570600187],[112.75301873140145,-7.249753955510238],[112.75332081203959,-7.247358385798542],[112.75598860558216,-7.246588255799585],[112.75272718846,-7.245855007739003],[112.75181743398005,-7.247653441305555],[112.75032108105164,-7.247955521943686],[112.74987147266,-7.246803400440115],[112.74942186426836,-7.247955521943686],[112.74747063409995,-7.247671004133354],[112.74919354750698,-7.245928771615755],[112.74942186426836,-7.241661004460756],[112.75032108105164,-7.241661004460756],[112.75032108105164,-7.24076178767748],[112.75340862617858,-7.242801710126258],[112.75481716496802,-7.24076178767748],[112.7561168142251,-7.241802385224531],[112.75531594927749,-7.243059883694894],[112.75365626205054,-7.244389389759229],[112.75900414311513,-7.243723758585672],[112.75841403210111,-7.245257871593859],[112.76040565677346,-7.244855682837276],[112.76111168245095,-7.243459438027307],[112.76557790956006,-7.242700723866418],[112.76505804985723,-7.239182889458407],[112.7665069831506,-7.238064137327651],[112.76683716431322,-7.243619259760273],[112.7701038502837,-7.245257871593859],[112.76920990234876,-7.247056305160411],[112.7701038502837,-7.248854738726962],[112.76880420102663,-7.249895336274015],[112.76960506597423,-7.252052051527654],[112.77140349954078,-7.253492203407118],[112.77058155919983,-7.253860144649494],[112.76867774866648,-7.253623046474216],[112.76892362825565,-7.255598864601531],[112.76855480887188,-7.258553810378606],[112.77025489060277,-7.262587991923889],[112.77315451347228,-7.262948029893755],[112.77410114989061,-7.256448027325582],[112.77549915098336,-7.25604847299317],[112.77585216382211,-7.259020981598042],[112.77668464185975,-7.257233085728169],[112.7781968013332,-7.256947689776446],[112.77879393747833,-7.258148987197853],[112.77909601811646,-7.259645340126273],[112.77762776571252,-7.258915604631252],[112.77699550391178,-7.261855622004697],[112.7795719707498,-7.262645071114232],[112.77999523489973,-7.260544556909549],[112.78089445168301,-7.260544556909549],[112.78089445168301,-7.263242207259378],[112.78269288524956,-7.263242207259378],[112.78269288524956,-7.264141424042652],[112.7848583819171,-7.262710053577086],[112.78682190606496,-7.261975927375115],[112.78718896916595,-7.261443773692825],[112.79039418523914,-7.261052122632922],[112.79348348664888,-7.260544556909549],[112.79371180341025,-7.26481232406455],[112.79505360345405,-7.266168174370582],[112.79551023697681,-7.270207624764206],[112.79618113699871,-7.270435941525584],[112.79562966420583,-7.272680470918214],[112.79593350112674,-7.274032808658689],[112.7952678699532,-7.276999170273831],[112.79618113699871,-7.277629675791792],[112.79474976653313,-7.279795172459329],[112.79438270343215,-7.281226542924895],[112.79378556728702,-7.280924462286762]],[[112.79348348664888,-7.274932025441963],[112.79471112831197,-7.27219134616403],[112.79371355969303,-7.270093466383516],[112.79134257794026,-7.272159733073993],[112.7925842698656,-7.274932025441963],[112.79348348664888,-7.274932025441963]],[[112.79379083613534,-7.276027945896582],[112.7945794071035,-7.275240253069825],[112.79348348664888,-7.274932025441963],[112.79379083613534,-7.276027945896582]],[[112.7563697189454,-7.245617909563725],[112.75791349150886,-7.246426677783839],[112.75841403210111,-7.245257871593859],[112.7563697189454,-7.245617909563725]],[[112.78179366846629,-7.264141424042652],[112.78179366846629,-7.265939857609204],[112.78179366846629,-7.266839074392481],[112.78250496299212,-7.268038615531108],[112.78392755204379,-7.26683819625109],[112.78269288524956,-7.264141424042652],[112.78179366846629,-7.264141424042652]],[[112.76262735448995,-7.244213761481246],[112.7609149787796,-7.245866423577072],[112.7629101160175,-7.246157088377135],[112.76262735448995,-7.244213761481246]],[[112.76440120009758,-7.244161951139242],[112.76361262912943,-7.244949643965997],[112.76470854958404,-7.245257871593859],[112.76440120009758,-7.244161951139242]],[[112.75091294834844,-7.243262734355966],[112.75012437738029,-7.244050427182721],[112.7512202978349,-7.244358654810583],[112.75091294834844,-7.243262734355966]],[[112.76269936208391,-7.249267465180225],[112.76136107460567,-7.247653441305555],[112.75991038502954,-7.250229030002185],[112.76201089923421,-7.250653172293514],[112.76269936208391,-7.249267465180225]],[[112.7599051161812,-7.245960384705793],[112.75911654521305,-7.246748077532549],[112.76021246566766,-7.247056305160411],[112.7599051161812,-7.245960384705793]],[[112.79407535394569,-7.277432972120449],[112.79328678297753,-7.278220664947206],[112.79438270343215,-7.278528892575068],[112.79407535394569,-7.277432972120449]]]],"type":"MultiPolygon"},"properties":{"Kelas":"Sedang"}},{"type":"Feature","geometry":{"coordinates":[[[[112.8114678223144,-7.281226542924895],[112.81056860553112,-7.281226542924895],[112.81056860553112,-7.280327326141618],[112.8114678223144,-7.280327326141618],[112.8114678223144,-7.281226542924895]]]],"type":"MultiPolygon"},"properties":{"Kelas":"Cukup Rendah"}},{"type":"Feature","geometry":{"coordinates":[[[[112.81236703909767,-7.281226542924895],[112.8114678223144,-7.281226542924895],[112.8114678223144,-7.280327326141618],[112.81236703909767,-7.280327326141618],[112.81236703909767,-7.281226542924895]]]],"type":"MultiPolygon"},"properties":{"Kelas":"Sedang"}},{"type":"Feature","geometry":{"coordinates":[[[[112.81236703909767,-7.281226542924895],[112.81236703909767,-7.280327326141618],[112.81326625588095,-7.280327326141618],[112.81326625588095,-7.281226542924895],[112.81236703909767,-7.281226542924895]]]],"type":"MultiPolygon"},"properties":{"Kelas":"Cukup Tinggi"}},{"type":"Feature","geometry":{"coordinates":[[[[112.83574667546284,-7.280327326141618],[112.83543932597638,-7.281423246596237],[112.83465075500823,-7.28063555376948],[112.83574667546284,-7.280327326141618]]]],"type":"MultiPolygon"},"properties":{"Kelas":"Sedang"}},{"type":"Feature","geometry":{"coordinates":[[[[112.70446102510456,-7.282125759708171],[112.70356180832128,-7.282125759708171],[112.70237104859656,-7.281206345672926],[112.70176337475473,-7.277629675791792],[112.70356180832128,-7.277629675791792],[112.70356180832128,-7.278528892575068],[112.70240968681772,-7.278978500966705],[112.70356180832128,-7.279428109358342],[112.70446102510456,-7.279428109358342],[112.70446102510456,-7.282125759708171]]]],"type":"MultiPolygon"},"properties":{"Kelas":"Sedang"}},{"type":"Feature","geometry":{"coordinates":[[[[112.72694144468646,-7.277629675791792],[112.72694144468646,-7.276730459008515],[112.72694144468646,-7.272234375092136],[112.72784066146974,-7.272234375092136],[112.72784066146974,-7.274032808658689],[112.72873987825301,-7.274032808658689],[112.73104587754294,-7.277122110068419],[112.73143752860284,-7.278528892575068],[112.73090537492055,-7.278895955676052],[112.73016246730468,-7.281793822262781],[112.7289225316621,-7.281515451442178],[112.7294125345577,-7.279335026371012],[112.72694144468646,-7.277629675791792]]]],"type":"MultiPolygon"},"properties":{"Kelas":"Sedang"}},{"type":"Feature","geometry":{"coordinates":[[[[112.73323596216939,-7.280327326141618],[112.73653074866436,-7.280629406779751],[112.73773204608577,-7.281226542924895],[112.73703304553939,-7.28245242830522],[112.73370664595438,-7.281153657189531],[112.73323596216939,-7.280327326141618]]]],"type":"MultiPolygon"},"properties":{"Kelas":"Cukup Rendah"}},{"type":"Feature","geometry":{"coordinates":[[[[112.79618113699871,-7.282125759708171],[112.79528192021543,-7.282125759708171],[112.79528192021543,-7.281226542924895],[112.79618113699871,-7.281226542924895],[112.79618113699871,-7.282125759708171]]]],"type":"MultiPolygon"},"properties":{"Kelas":"Sedang"}},{"type":"Feature","geometry":{"coordinates":[[[[112.79618113699871,-7.282125759708171],[112.79618113699871,-7.281226542924895],[112.79528192021543,-7.281226542924895],[112.79438270343215,-7.281226542924895],[112.79474976653313,-7.279795172459329],[112.79618113699871,-7.277629675791792],[112.79977800413181,-7.279428109358342],[112.79977800413181,-7.280327326141618],[112.79887878734853,-7.280327326141618],[112.79708035378198,-7.280327326141618],[112.79708035378198,-7.282125759708171],[112.79618113699871,-7.282125759708171]]]],"type":"MultiPolygon"},"properties":{"Kelas":"Cukup Tinggi"}},{"type":"Feature","geometry":{"coordinates":[[[[112.80157643769836,-7.282125759708171],[112.80048051724374,-7.281817532080309],[112.80126908821188,-7.281029839253554],[112.80157643769836,-7.282125759708171]]]],"type":"MultiPolygon"},"properties":{"Kelas":"Sangat Rendah"}},{"type":"Feature","geometry":{"coordinates":[[[[112.8114678223144,-7.282125759708171],[112.81056860553112,-7.282125759708171],[112.81056860553112,-7.281226542924895],[112.8114678223144,-7.281226542924895],[112.8114678223144,-7.282125759708171]]]],"type":"MultiPolygon"},"properties":{"Kelas":"Sedang"}},{"type":"Feature","geometry":{"coordinates":[[[[112.8114678223144,-7.282125759708171],[112.8114678223144,-7.281226542924895],[112.81236703909767,-7.281226542924895],[112.81236703909767,-7.282125759708171],[112.8114678223144,-7.282125759708171]]]],"type":"MultiPolygon"},"properties":{"Kelas":"Cukup Tinggi"}},{"type":"Feature","geometry":{"coordinates":[[[[112.84383962651233,-7.282125759708171],[112.84294040972905,-7.282125759708171],[112.84294040972905,-7.281226542924895],[112.84383962651233,-7.281226542924895],[112.84383962651233,-7.282125759708171]]]],"type":"MultiPolygon"},"properties":{"Kelas":"Sedang"}},{"type":"Feature","geometry":{"coordinates":[[[[112.6433142838418,-7.281226542924895],[112.6429489770236,-7.283294565898151],[112.6421727000349,-7.281714789537689],[112.6433142838418,-7.281226542924895]]]],"type":"MultiPolygon"},"properties":{"Kelas":"Cukup Rendah"}},{"type":"Feature","geometry":{"coordinates":[[[[112.70446102510456,-7.283024976491447],[112.70356180832128,-7.283024976491447],[112.70356180832128,-7.282125759708171],[112.70446102510456,-7.282125759708171],[112.70446102510456,-7.283024976491447]]]],"type":"MultiPolygon"},"properties":{"Kelas":"Cukup Rendah"}},{"type":"Feature","geometry":{"coordinates":[[[[112.72784066146974,-7.283024976491447],[112.72668853996616,-7.282575368099808],[112.72784066146974,-7.282125759708171],[112.72784066146974,-7.283024976491447]]]],"type":"MultiPolygon"},"properties":{"Kelas":"Sangat Rendah"}},{"type":"Feature","geometry":{"coordinates":[[[[112.78628975238267,-7.283024976491447],[112.78659710186915,-7.281929056036828],[112.78738567283729,-7.282716748863585],[112.78628975238267,-7.283024976491447]]]],"type":"MultiPolygon"},"properties":{"Kelas":"Sedang"}},{"type":"Feature","geometry":{"coordinates":[[[[112.79797957056526,-7.283024976491447],[112.79708035378198,-7.283024976491447],[112.79618113699871,-7.283024976491447],[112.79618113699871,-7.282125759708171],[112.79708035378198,-7.282125759708171],[112.79708035378198,-7.280327326141618],[112.79887878734853,-7.280327326141618],[112.79887878734853,-7.282125759708171],[112.79797957056526,-7.282125759708171],[112.79797957056526,-7.283024976491447]]]],"type":"MultiPolygon"},"properties":{"Kelas":"Sedang"}},{"type":"Feature","geometry":{"coordinates":[[[[112.79887878734853,-7.283024976491447],[112.79797957056526,-7.283024976491447],[112.79797957056526,-7.282125759708171],[112.79887878734853,-7.282125759708171],[112.79887878734853,-7.283024976491447]]]],"type":"MultiPolygon"},"properties":{"Kelas":"Cukup Tinggi"}},{"type":"Feature","geometry":{"coordinates":[[[[112.79977800413181,-7.283024976491447],[112.79887878734853,-7.283024976491447],[112.79887878734853,-7.282125759708171],[112.79977800413181,-7.282125759708171],[112.79977800413181,-7.283024976491447]]]],"type":"MultiPolygon"},"properties":{"Kelas":"Sedang"}},{"type":"Feature","geometry":{"coordinates":[[[[112.80517330483147,-7.277629675791792],[112.80517330483147,-7.278528892575068],[112.80607252161474,-7.278528892575068],[112.80697173839802,-7.278528892575068],[112.8077304525589,-7.279712627168676],[112.80912142852054,-7.278429662598006],[112.80787095518129,-7.277629675791792],[112.80787095518129,-7.274932025441963],[112.80877017196457,-7.274932025441963],[112.80877017196457,-7.274032808658689],[112.80877017196457,-7.273133591875412],[112.80966938874784,-7.273133591875412],[112.8114678223144,-7.273133591875412],[112.81236703909767,-7.274932025441963],[112.81523680515993,-7.275198102283108],[112.81349457264233,-7.276958775769893],[112.81326625588095,-7.278528892575068],[112.81236703909767,-7.278528892575068],[112.81236703909767,-7.279428109358342],[112.8114678223144,-7.279428109358342],[112.8114678223144,-7.280327326141618],[112.81056860553112,-7.280327326141618],[112.81056860553112,-7.281226542924895],[112.80821343032336,-7.281569018066962],[112.80578800380441,-7.283272612363403],[112.80213317933956,-7.282545511292552],[112.80447606056786,-7.279207695869474],[112.8028181296237,-7.278186417433],[112.80247565448164,-7.277629675791792],[112.80517330483147,-7.277629675791792]],[[112.81127111864305,-7.275240253069825],[112.8120596896112,-7.276027945896582],[112.81236703909767,-7.274932025441963],[112.81127111864305,-7.275240253069825]]]],"type":"MultiPolygon"},"properties":{"Kelas":"Sangat Rendah"}},{"type":"Feature","geometry":{"coordinates":[[[[112.81056860553112,-7.283024976491447],[112.80877017196457,-7.283024976491447],[112.80877017196457,-7.282125759708171],[112.81056860553112,-7.282125759708171],[112.81056860553112,-7.283024976491447]]]],"type":"MultiPolygon"},"properties":{"Kelas":"Sedang"}},{"type":"Feature","geometry":{"coordinates":[[[[112.81056860553112,-7.283024976491447],[112.81056860553112,-7.282125759708171],[112.8114678223144,-7.282125759708171],[112.8114678223144,-7.283024976491447],[112.81056860553112,-7.283024976491447]]]],"type":"MultiPolygon"},"properties":{"Kelas":"Cukup Tinggi"}},{"type":"Feature","geometry":{"coordinates":[[[[112.8447388432956,-7.283024976491447],[112.84383962651233,-7.283024976491447],[112.84383962651233,-7.282125759708171],[112.8447388432956,-7.282125759708171],[112.8447388432956,-7.283024976491447]]]],"type":"MultiPolygon"},"properties":{"Kelas":"Sedang"}},{"type":"Feature","geometry":{"coordinates":[[[[112.70446102510456,-7.283024976491447],[112.70555694555918,-7.283333204119307],[112.70476837459103,-7.284120896946064],[112.70446102510456,-7.283024976491447]]]],"type":"MultiPolygon"},"properties":{"Kelas":"Cukup Rendah"}},{"type":"Feature","geometry":{"coordinates":[[[[112.73143752860284,-7.283924193274723],[112.73034160814822,-7.283615965646861],[112.73113017911638,-7.282828272820105],[112.73143752860284,-7.283924193274723]]]],"type":"MultiPolygon"},"properties":{"Kelas":"Sedang"}},{"type":"Feature","geometry":{"coordinates":[[[[112.78988661951577,-7.283924193274723],[112.7889874027325,-7.283924193274723],[112.7889874027325,-7.281226542924895],[112.78988661951577,-7.281226542924895],[112.78988661951577,-7.283924193274723]]]],"type":"MultiPolygon"},"properties":{"Kelas":"Sedang"}},{"type":"Feature","geometry":{"coordinates":[[[[112.79078583629905,-7.283924193274723],[112.78988661951577,-7.283924193274723],[112.78988661951577,-7.281226542924895],[112.79168505308232,-7.281226542924895],[112.79168505308232,-7.282125759708171],[112.79078583629905,-7.282125759708171],[112.79078583629905,-7.283924193274723]]]],"type":"MultiPolygon"},"properties":{"Kelas":"Cukup Tinggi"}},{"type":"Feature","geometry":{"coordinates":[[[[112.79168505308232,-7.283924193274723],[112.79078583629905,-7.283924193274723],[112.79078583629905,-7.282125759708171],[112.79168505308232,-7.282125759708171],[112.79168505308232,-7.283924193274723]]]],"type":"MultiPolygon"},"properties":{"Kelas":"Tinggi"}},{"type":"Feature","geometry":{"coordinates":[[[[112.79977800413181,-7.283924193274723],[112.79887878734853,-7.283924193274723],[112.79887878734853,-7.283024976491447],[112.79977800413181,-7.283024976491447],[112.79977800413181,-7.283924193274723]]]],"type":"MultiPolygon"},"properties":{"Kelas":"Cukup Tinggi"}},{"type":"Feature","geometry":{"coordinates":[[[[112.80067722091508,-7.283924193274723],[112.79977800413181,-7.283924193274723],[112.79977800413181,-7.283024976491447],[112.80067722091508,-7.283024976491447],[112.80067722091508,-7.283924193274723]]]],"type":"MultiPolygon"},"properties":{"Kelas":"Sedang"}},{"type":"Feature","geometry":{"coordinates":[[[[112.76920463350042,-7.283924193274723],[112.7637461066207,-7.284820775633829],[112.7625184649576,-7.28374593057257],[112.76820882116427,-7.282633325431544],[112.76920463350042,-7.283924193274723]]]],"type":"MultiPolygon"},"properties":{"Kelas":"Tinggi"}},{"type":"Feature","geometry":{"coordinates":[[[[112.78089445168301,-7.284823410057998],[112.77909601811646,-7.284823410057998],[112.77997415950638,-7.282865154758481],[112.77749428822125,-7.279804832014618],[112.78055197654095,-7.279085634216274],[112.7814705124348,-7.276387983866448],[112.78240309859089,-7.2771150849373],[112.78164438443,-7.279551049152932],[112.78359210203284,-7.280157844853365],[112.78573301074147,-7.279490457397028],[112.78469680390135,-7.28159624045005],[112.78138972342693,-7.282722895853315],[112.78089445168301,-7.284823410057998]]]],"type":"MultiPolygon"},"properties":{"Kelas":"Sangat Rendah"}},{"type":"Feature","geometry":{"coordinates":[[[[112.78988661951577,-7.284823410057998],[112.7889874027325,-7.284823410057998],[112.7889874027325,-7.283924193274723],[112.78988661951577,-7.283924193274723],[112.78988661951577,-7.284823410057998]]]],"type":"MultiPolygon"},"properties":{"Kelas":"Cukup Tinggi"}},{"type":"Feature","geometry":{"coordinates":[[[[112.79078583629905,-7.284823410057998],[112.78988661951577,-7.284823410057998],[112.78988661951577,-7.283924193274723],[112.79078583629905,-7.283924193274723],[112.79078583629905,-7.284823410057998]]]],"type":"MultiPolygon"},"properties":{"Kelas":"Tinggi"}},{"type":"Feature","geometry":{"coordinates":[[[[112.79708035378198,-7.284823410057998],[112.79618113699871,-7.284823410057998],[112.79618113699871,-7.283024976491447],[112.79708035378198,-7.283024976491447],[112.79708035378198,-7.284823410057998]]]],"type":"MultiPolygon"},"properties":{"Kelas":"Cukup Rendah"}},{"type":"Feature","geometry":{"coordinates":[[[[112.80607252161474,-7.284823410057998],[112.80517330483147,-7.284823410057998],[112.8018785183365,-7.284521329419867],[112.80067722091508,-7.283924193274723],[112.80067722091508,-7.283024976491447],[112.79977800413181,-7.283024976491447],[112.79977800413181,-7.282125759708171],[112.79887878734853,-7.282125759708171],[112.79887878734853,-7.280327326141618],[112.79977800413181,-7.280327326141618],[112.80067722091508,-7.280327326141618],[112.80067722091508,-7.279428109358342],[112.80182934241866,-7.278978500966705],[112.80067722091508,-7.278528892575068],[112.80067722091508,-7.277629675791792],[112.80247565448164,-7.277629675791792],[112.8028181296237,-7.278186417433],[112.80447606056786,-7.279207695869474],[112.80213317933956,-7.282545511292552],[112.80578800380441,-7.283272612363403],[112.80821343032336,-7.281569018066962],[112.81056860553112,-7.281226542924895],[112.81056860553112,-7.282125759708171],[112.80877017196457,-7.282125759708171],[112.80877017196457,-7.283024976491447],[112.80637460225287,-7.284226273912854],[112.80607252161474,-7.284823410057998]],[[112.80157643769836,-7.282125759708171],[112.80126908821188,-7.281029839253554],[112.80048051724374,-7.281817532080309],[112.80157643769836,-7.282125759708171]]]],"type":"MultiPolygon"},"properties":{"Kelas":"Cukup Rendah"}},{"type":"Feature","geometry":{"coordinates":[[[[112.80607252161474,-7.284823410057998],[112.80637460225287,-7.284226273912854],[112.80877017196457,-7.283024976491447],[112.80877017196457,-7.284823410057998],[112.80607252161474,-7.284823410057998]]]],"type":"MultiPolygon"},"properties":{"Kelas":"Sedang"}},{"type":"Feature","geometry":{"coordinates":[[[[112.76021246566766,-7.285722626841274],[112.75481716496802,-7.285722626841274],[112.75481716496802,-7.283024976491447],[112.76021246566766,-7.283024976491447],[112.76021246566766,-7.285722626841274]]]],"type":"MultiPolygon"},"properties":{"Kelas":"Cukup Rendah"}},{"type":"Feature","geometry":{"coordinates":[[[[112.78089445168301,-7.285722626841274],[112.77909601811646,-7.285722626841274],[112.77909601811646,-7.284823410057998],[112.78089445168301,-7.284823410057998],[112.78089445168301,-7.285722626841274]]]],"type":"MultiPolygon"},"properties":{"Kelas":"Sedang"}},{"type":"Feature","geometry":{"coordinates":[[[[112.78808818594922,-7.285722626841274],[112.78808818594922,-7.284823410057998],[112.7889874027325,-7.284823410057998],[112.7889874027325,-7.285722626841274],[112.78808818594922,-7.285722626841274]]]],"type":"MultiPolygon"},"properties":{"Kelas":"Cukup Tinggi"}},{"type":"Feature","geometry":{"coordinates":[[[[112.79528192021543,-7.285722626841274],[112.79311642354789,-7.284227152054244],[112.79386635629488,-7.28245681901217],[112.79618113699871,-7.283024976491447],[112.79618113699871,-7.284823410057998],[112.79528192021543,-7.284823410057998],[112.79528192021543,-7.285722626841274]]]],"type":"MultiPolygon"},"properties":{"Kelas":"Sangat Rendah"}},{"type":"Feature","geometry":{"coordinates":[[[[112.79618113699871,-7.285722626841274],[112.79528192021543,-7.285722626841274],[112.79528192021543,-7.284823410057998],[112.79618113699871,-7.284823410057998],[112.79618113699871,-7.285722626841274]]]],"type":"MultiPolygon"},"properties":{"Kelas":"Cukup Rendah"}},{"type":"Feature","geometry":{"coordinates":[[[[112.79618113699871,-7.285722626841274],[112.79618113699871,-7.284823410057998],[112.79708035378198,-7.284823410057998],[112.79708035378198,-7.285722626841274],[112.79618113699871,-7.285722626841274]]]],"type":"MultiPolygon"},"properties":{"Kelas":"Sedang"}},{"type":"Feature","geometry":{"coordinates":[[[[112.79797957056526,-7.283024976491447],[112.79887878734853,-7.283024976491447],[112.79887878734853,-7.283924193274723],[112.79977800413181,-7.283924193274723],[112.7984291789569,-7.286030854469136],[112.79797957056526,-7.283024976491447]]]],"type":"MultiPolygon"},"properties":{"Kelas":"Tinggi"}},{"type":"Feature","geometry":{"coordinates":[[[[112.83214980832975,-7.285722626841274],[112.83008266349788,-7.285358198164458],[112.83166156171694,-7.284581043034381],[112.83214980832975,-7.285722626841274]]]],"type":"MultiPolygon"},"properties":{"Kelas":"Cukup Tinggi"}},{"type":"Feature","geometry":{"coordinates":[[[[112.76920463350042,-7.283924193274723],[112.77047091338468,-7.284798822099081],[112.76936621151617,-7.286988906725536],[112.76769071774422,-7.286216142302408],[112.76920463350042,-7.283924193274723]]]],"type":"MultiPolygon"},"properties":{"Kelas":"Sedang"}},{"type":"Feature","geometry":{"coordinates":[[[[112.7781968013332,-7.28662184362455],[112.77729758454991,-7.28662184362455],[112.77729758454991,-7.285722626841274],[112.7781968013332,-7.285722626841274],[112.7781968013332,-7.28662184362455]]]],"type":"MultiPolygon"},"properties":{"Kelas":"Sedang"}},{"type":"Feature","geometry":{"coordinates":[[[[112.79528192021543,-7.28662184362455],[112.79528192021543,-7.285722626841274],[112.79618113699871,-7.285722626841274],[112.79618113699871,-7.28662184362455],[112.79528192021543,-7.28662184362455]]]],"type":"MultiPolygon"},"properties":{"Kelas":"Sedang"}},{"type":"Feature","geometry":{"coordinates":[[[[112.8222584237137,-7.28662184362455],[112.82116250325909,-7.28631361599669],[112.82195107422723,-7.285525923169933],[112.8222584237137,-7.28662184362455]]]],"type":"MultiPolygon"},"properties":{"Kelas":"Sedang"}},{"type":"Feature","geometry":{"coordinates":[[[[112.72873987825301,-7.287521060407826],[112.72784066146974,-7.287521060407826],[112.72784066146974,-7.283024976491447],[112.72873987825301,-7.283024976491447],[112.72873987825301,-7.287521060407826]]]],"type":"MultiPolygon"},"properties":{"Kelas":"Sangat Rendah"}},{"type":"Feature","geometry":{"coordinates":[[[[112.79168505308232,-7.287521060407826],[112.79078583629905,-7.287521060407826],[112.79078583629905,-7.285722626841274],[112.79078583629905,-7.284823410057998],[112.79078583629905,-7.283924193274723],[112.79168505308232,-7.283924193274723],[112.79168505308232,-7.287521060407826]]]],"type":"MultiPolygon"},"properties":{"Kelas":"Cukup Tinggi"}},{"type":"Feature","geometry":{"coordinates":[[[[112.7925842698656,-7.287521060407826],[112.79168505308232,-7.287521060407826],[112.79168505308232,-7.283924193274723],[112.79168505308232,-7.282125759708171],[112.79168505308232,-7.281226542924895],[112.7925842698656,-7.281226542924895],[112.7925842698656,-7.287521060407826]]]],"type":"MultiPolygon"},"properties":{"Kelas":"Sedang"}},{"type":"Feature","geometry":{"coordinates":[[[[112.79528192021543,-7.28662184362455],[112.79618113699871,-7.28662184362455],[112.79618113699871,-7.285722626841274],[112.79708035378198,-7.285722626841274],[112.79708035378198,-7.284823410057998],[112.79708035378198,-7.283024976491447],[112.79797957056526,-7.283024976491447],[112.7984291789569,-7.286030854469136],[112.79977800413181,-7.283924193274723],[112.80067722091508,-7.283924193274723],[112.80019599943341,-7.286977490887468],[112.79615303647422,-7.287883732801863],[112.79528192021543,-7.28662184362455]]]],"type":"MultiPolygon"},"properties":{"Kelas":"Cukup Tinggi"}},{"type":"Feature","geometry":{"coordinates":[[[[112.81056860553112,-7.283024976491447],[112.8114678223144,-7.283024976491447],[112.8114678223144,-7.282125759708171],[112.81236703909767,-7.282125759708171],[112.81236703909767,-7.281226542924895],[112.81326625588095,-7.281226542924895],[112.81326625588095,-7.280327326141618],[112.81464318158034,-7.281314357063886],[112.8159445871202,-7.287896904922711],[112.81364210039584,-7.287145215892942],[112.81199119458279,-7.286098471356159],[112.8096729013134,-7.285203645279832],[112.81056860553112,-7.283024976491447]]]],"type":"MultiPolygon"},"properties":{"Kelas":"Tinggi"}},{"type":"Feature","geometry":{"coordinates":[[[[112.83214980832975,-7.287521060407826],[112.83105388787513,-7.287212832779964],[112.83184245884327,-7.286425139953209],[112.83214980832975,-7.287521060407826]]]],"type":"MultiPolygon"},"properties":{"Kelas":"Cukup Tinggi"}},{"type":"Feature","geometry":{"coordinates":[[[[112.76560776636732,-7.288420277191102],[112.76451184591271,-7.288112049563241],[112.76530041688085,-7.287324356736484],[112.76560776636732,-7.288420277191102]]]],"type":"MultiPolygon"},"properties":{"Kelas":"Tinggi"}},{"type":"Feature","geometry":{"coordinates":[[[[112.78628975238267,-7.288420277191102],[112.78510426150628,-7.287867926256844],[112.7861650563053,-7.286086177376701],[112.78808818594922,-7.285722626841274],[112.78628975238267,-7.288420277191102]]]],"type":"MultiPolygon"},"properties":{"Kelas":"Cukup Tinggi"}},{"type":"Feature","geometry":{"coordinates":[[[[112.846514,-7.2858686],[112.84653727686215,-7.285992754135495],[112.84653727686215,-7.288420277191102],[112.84563806007888,-7.288420277191102],[112.84496716005698,-7.287071452016189],[112.84563806007888,-7.285722626841274],[112.84644531205547,-7.285722626841274],[112.846514,-7.2858686]]]],"type":"MultiPolygon"},"properties":{"Kelas":"Sedang"}},{"type":"Feature","geometry":{"coordinates":[[[[112.7781968013332,-7.289319493974379],[112.77729758454991,-7.289319493974379],[112.77729758454991,-7.287521060407826],[112.77729758454991,-7.28662184362455],[112.7781968013332,-7.28662184362455],[112.7781968013332,-7.289319493974379]]]],"type":"MultiPolygon"},"properties":{"Kelas":"Cukup Tinggi"}},{"type":"Feature","geometry":{"coordinates":[[[[112.7781968013332,-7.289319493974379],[112.7781968013332,-7.28662184362455],[112.78036756684907,-7.287308550191465],[112.7781968013332,-7.289319493974379]]]],"type":"MultiPolygon"},"properties":{"Kelas":"Tinggi"}},{"type":"Feature","geometry":{"coordinates":[[[[112.78718896916595,-7.289319493974379],[112.78628975238267,-7.289319493974379],[112.78628975238267,-7.288420277191102],[112.78718896916595,-7.288420277191102],[112.78718896916595,-7.289319493974379]]]],"type":"MultiPolygon"},"properties":{"Kelas":"Cukup Tinggi"}},{"type":"Feature","geometry":{"coordinates":[[[[112.78718896916595,-7.289319493974379],[112.78718896916595,-7.288420277191102],[112.78628975238267,-7.288420277191102],[112.78808818594922,-7.285722626841274],[112.7889874027325,-7.285722626841274],[112.7889874027325,-7.284823410057998],[112.78988661951577,-7.284823410057998],[112.78988661951577,-7.285722626841274],[112.79078583629905,-7.285722626841274],[112.79078583629905,-7.287521060407826],[112.78988661951577,-7.287521060407826],[112.78988661951577,-7.289319493974379],[112.78718896916595,-7.289319493974379]]]],"type":"MultiPolygon"},"properties":{"Kelas":"Tinggi"}},{"type":"Feature","geometry":{"coordinates":[[[[112.76201089923421,-7.290218710757653],[112.75901116824626,-7.2898402318186],[112.75968382455093,-7.288596783610476],[112.76170881859609,-7.289621574612509],[112.76201089923421,-7.290218710757653]]]],"type":"MultiPolygon"},"properties":{"Kelas":"Cukup Rendah"}},{"type":"Feature","geometry":{"coordinates":[[[[112.77100306706697,-7.290218710757653],[112.76990714661235,-7.289910483129793],[112.77069571758051,-7.289122790303036],[112.77100306706697,-7.290218710757653]]]],"type":"MultiPolygon"},"properties":{"Kelas":"Cukup Tinggi"}},{"type":"Feature","geometry":{"coordinates":[[[[112.77909601811646,-7.290218710757653],[112.7781968013332,-7.290218710757653],[112.7781968013332,-7.289319493974379],[112.78036756684907,-7.287308550191465],[112.7781968013332,-7.28662184362455],[112.7781968013332,-7.285722626841274],[112.77909601811646,-7.285722626841274],[112.78089445168301,-7.285722626841274],[112.78055022025816,-7.289483706414293],[112.77909601811646,-7.290218710757653]]]],"type":"MultiPolygon"},"properties":{"Kelas":"Cukup Tinggi"}},{"type":"Feature","geometry":{"coordinates":[[[[112.80517330483147,-7.290218710757653],[112.80572477762433,-7.287974181365025],[112.80535595824057,-7.286332935107268],[112.80811683477047,-7.285713845427376],[112.80866655128055,-7.288166494329415],[112.8075038920803,-7.289851647656668],[112.80517330483147,-7.290218710757653]]]],"type":"MultiPolygon"},"properties":{"Kelas":"Tinggi"}},{"type":"Feature","geometry":{"coordinates":[[[[112.8186615565806,-7.290218710757653],[112.816536454417,-7.289747148831268],[112.81727760575009,-7.287593068001799],[112.82053726658947,-7.286364548197305],[112.8186615565806,-7.290218710757653]]]],"type":"MultiPolygon"},"properties":{"Kelas":"Tinggi"}},{"type":"Feature","geometry":{"coordinates":[[[[112.7323367453861,-7.291117927540929],[112.73053831181957,-7.290223979605994],[112.72873987825301,-7.291117927540929],[112.72873987825301,-7.287521060407826],[112.72873987825301,-7.283024976491447],[112.72784066146974,-7.283024976491447],[112.72784066146974,-7.282125759708171],[112.72784066146974,-7.281226542924895],[112.72784066146974,-7.279428109358342],[112.72694144468646,-7.279428109358342],[112.72694144468646,-7.277629675791792],[112.7294125345577,-7.279335026371012],[112.7289225316621,-7.281515451442178],[112.73016246730468,-7.281793822262781],[112.73090537492055,-7.278895955676052],[112.73143752860284,-7.278528892575068],[112.73143752860284,-7.279428109358342],[112.73323596216939,-7.279428109358342],[112.73323596216939,-7.280327326141618],[112.73180283542105,-7.280737418170711],[112.73327635667333,-7.284572261620482],[112.73182742337997,-7.287038960784761],[112.7323367453861,-7.291117927540929]],[[112.73143752860284,-7.283924193274723],[112.73113017911638,-7.282828272820105],[112.73034160814822,-7.283615965646861],[112.73143752860284,-7.283924193274723]]]],"type":"MultiPolygon"},"properties":{"Kelas":"Cukup Rendah"}},{"type":"Feature","geometry":{"coordinates":[[[[112.74942186426836,-7.291117927540929],[112.74825393621977,-7.290617386948677],[112.74906182629849,-7.289074492526591],[112.74942186426836,-7.291117927540929]]]],"type":"MultiPolygon"},"properties":{"Kelas":"Cukup Tinggi"}},{"type":"Feature","geometry":{"coordinates":[[[[112.75661559853457,-7.291117927540929],[112.75391794818474,-7.291117927540929],[112.75391794818474,-7.287521060407826],[112.75661559853457,-7.287521060407826],[112.75661559853457,-7.291117927540929]]]],"type":"MultiPolygon"},"properties":{"Kelas":"Cukup Rendah"}},{"type":"Feature","geometry":{"coordinates":[[[[112.78808818594922,-7.291117927540929],[112.7851112866374,-7.290310915603595],[112.78413303712904,-7.284629340810827],[112.78628975238267,-7.283024976491447],[112.78666735318033,-7.28449410703678],[112.7889874027325,-7.283924193274723],[112.7889874027325,-7.284823410057998],[112.78808818594922,-7.284823410057998],[112.78808818594922,-7.285722626841274],[112.7861650563053,-7.286086177376701],[112.78510426150628,-7.287867926256844],[112.78628975238267,-7.288420277191102],[112.78628975238267,-7.289319493974379],[112.78718896916595,-7.289319493974379],[112.78808818594922,-7.291117927540929]]]],"type":"MultiPolygon"},"properties":{"Kelas":"Sedang"}},{"type":"Feature","geometry":{"coordinates":[[[[112.80517330483147,-7.291117927540929],[112.8037419343659,-7.290750864439945],[112.80241594086712,-7.287204929507455],[112.80120937459738,-7.288952430873392],[112.79856265644815,-7.28994209621983],[112.79581407389772,-7.288787340292087],[112.7929513329666,-7.288053214090116],[112.7925842698656,-7.287521060407826],[112.79408062279401,-7.287218979769694],[112.79528192021543,-7.28662184362455],[112.79615303647422,-7.287883732801863],[112.80019599943341,-7.286977490887468],[112.80067722091508,-7.283924193274723],[112.8018785183365,-7.284521329419867],[112.80517330483147,-7.284823410057998],[112.8048308296894,-7.285380151699206],[112.80338716524437,-7.286268830785803],[112.80461656319025,-7.289876235615585],[112.80517330483147,-7.290218710757653],[112.80517330483147,-7.291117927540929]]]],"type":"MultiPolygon"},"properties":{"Kelas":"Sedang"}},{"type":"Feature","geometry":{"coordinates":[[[[112.8150646894475,-7.291117927540929],[112.81305725823015,-7.290713104360178],[112.81223004904083,-7.289017413336246],[112.81579705936669,-7.289645284430037],[112.8150646894475,-7.291117927540929]]]],"type":"MultiPolygon"},"properties":{"Kelas":"Sedang"}},{"type":"Feature","geometry":{"coordinates":[[[[112.72694144468646,-7.292017144324205],[112.72694144468646,-7.291117927540929],[112.72873987825301,-7.291117927540929],[112.72873987825301,-7.292017144324205],[112.72694144468646,-7.292017144324205]]]],"type":"MultiPolygon"},"properties":{"Kelas":"Cukup Rendah"}},{"type":"Feature","geometry":{"coordinates":[[[[112.73593361251922,-7.292017144324205],[112.7323367453861,-7.291117927540929],[112.73182742337997,-7.287038960784761],[112.73327635667333,-7.284572261620482],[112.73180283542105,-7.280737418170711],[112.73323596216939,-7.280327326141618],[112.73370664595438,-7.281153657189531],[112.73703304553939,-7.28245242830522],[112.73773204608577,-7.281226542924895],[112.73953047965233,-7.281226542924895],[112.73897373801111,-7.2825499019995],[112.73918097937914,-7.283474584883084],[112.73897373801111,-7.284399267766668],[112.74040862104223,-7.287813481490669],[112.73740186492316,-7.289889407736435],[112.73593361251922,-7.292017144324205]]]],"type":"MultiPolygon"},"properties":{"Kelas":"Sangat Rendah"}},{"type":"Feature","geometry":{"coordinates":[[[[112.73593361251922,-7.292017144324205],[112.73740186492316,-7.289889407736435],[112.74040862104223,-7.287813481490669],[112.73897373801111,-7.284399267766668],[112.73918097937914,-7.283474584883084],[112.73897373801111,-7.2825499019995],[112.73953047965233,-7.281226542924895],[112.74094604357288,-7.280842795137501],[112.74328892480116,-7.279392105561357],[112.74458857405824,-7.282622787734864],[112.7401328846458,-7.284393998918329],[112.74440943321471,-7.287576383315391],[112.74184526035614,-7.289834962970259],[112.73901413251505,-7.290602458545047],[112.73824839322305,-7.291633396536811],[112.73593361251922,-7.292017144324205]]]],"type":"MultiPolygon"},"properties":{"Kelas":"Cukup Rendah"}},{"type":"Feature","geometry":{"coordinates":[[[[112.77459993420008,-7.292017144324205],[112.77459993420008,-7.285722626841274],[112.77549915098336,-7.285722626841274],[112.77549915098336,-7.292017144324205],[112.77459993420008,-7.292017144324205]]]],"type":"MultiPolygon"},"properties":{"Kelas":"Cukup Tinggi"}},{"type":"Feature","geometry":{"coordinates":[[[[112.78179366846629,-7.292017144324205],[112.78064154696271,-7.291567535932568],[112.78179366846629,-7.291117927540929],[112.78179366846629,-7.292017144324205]]]],"type":"MultiPolygon"},"properties":{"Kelas":"Cukup Tinggi"}},{"type":"Feature","geometry":{"coordinates":[[[[112.7889874027325,-7.292017144324205],[112.78808818594922,-7.292017144324205],[112.78808818594922,-7.291117927540929],[112.7889874027325,-7.291117927540929],[112.7889874027325,-7.292017144324205]]]],"type":"MultiPolygon"},"properties":{"Kelas":"Sedang"}},{"type":"Feature","geometry":{"coordinates":[[[[112.80697173839802,-7.292017144324205],[112.80517330483147,-7.292017144324205],[112.80517330483147,-7.291117927540929],[112.80697173839802,-7.291117927540929],[112.80697173839802,-7.292017144324205]]]],"type":"MultiPolygon"},"properties":{"Kelas":"Sedang"}},{"type":"Feature","geometry":{"coordinates":[[[[112.72244536077008,-7.292916361107482],[112.72244536077008,-7.292017144324205],[112.72424379433663,-7.292017144324205],[112.72424379433663,-7.292916361107482],[112.72244536077008,-7.292916361107482]]]],"type":"MultiPolygon"},"properties":{"Kelas":"Sangat Rendah"}},{"type":"Feature","geometry":{"coordinates":[[[[112.73323596216939,-7.292916361107482],[112.7323367453861,-7.292916361107482],[112.7323367453861,-7.292017144324205],[112.73323596216939,-7.292017144324205],[112.73323596216939,-7.292916361107482]]]],"type":"MultiPolygon"},"properties":{"Kelas":"Sedang"}},{"type":"Feature","geometry":{"coordinates":[[[[112.73323596216939,-7.292916361107482],[112.73323596216939,-7.292017144324205],[112.7323367453861,-7.292017144324205],[112.7323367453861,-7.291117927540929],[112.73593361251922,-7.292017144324205],[112.73593361251922,-7.292916361107482],[112.73323596216939,-7.292916361107482]]]],"type":"MultiPolygon"},"properties":{"Kelas":"Cukup Rendah"}},{"type":"Feature","geometry":{"coordinates":[[[[112.77459993420008,-7.285722626841274],[112.77459993420008,-7.292017144324205],[112.77140701210634,-7.291492893914425],[112.77061141600707,-7.292524710047578],[112.76799455466512,-7.293308012167385],[112.76701454887397,-7.289416967668659],[112.76908344998861,-7.287819628480397],[112.77260655324497,-7.28834036632462],[112.7721341131772,-7.285150956796437],[112.77459993420008,-7.285722626841274]],[[112.77100306706697,-7.290218710757653],[112.77069571758051,-7.289122790303036],[112.76990714661235,-7.289910483129793],[112.77100306706697,-7.290218710757653]]]],"type":"MultiPolygon"},"properties":{"Kelas":"Tinggi"}},{"type":"Feature","geometry":{"coordinates":[[[[112.79438270343215,-7.292916361107482],[112.79328678297753,-7.29260813347962],[112.79407535394569,-7.291820440652865],[112.79438270343215,-7.292916361107482]]]],"type":"MultiPolygon"},"properties":{"Kelas":"Cukup Rendah"}},{"type":"Feature","geometry":{"coordinates":[[[[112.84204119294577,-7.292916361107482],[112.83934354259594,-7.292916361107482],[112.83934354259594,-7.291117927540929],[112.84204119294577,-7.291117927540929],[112.84204119294577,-7.292916361107482]]]],"type":"MultiPolygon"},"properties":{"Kelas":"Sedang"}},{"type":"Feature","geometry":{"coordinates":[[[[112.78988661951577,-7.293815577890758],[112.7889874027325,-7.293815577890758],[112.7889874027325,-7.292916361107482],[112.78988661951577,-7.292916361107482],[112.78988661951577,-7.293815577890758]]]],"type":"MultiPolygon"},"properties":{"Kelas":"Sedang"}},{"type":"Feature","geometry":{"coordinates":[[[[112.78988661951577,-7.293815577890758],[112.78988661951577,-7.292916361107482],[112.79033798419019,-7.291764239603909],[112.79096322085981,-7.293393191882206],[112.78988661951577,-7.293815577890758]]]],"type":"MultiPolygon"},"properties":{"Kelas":"Tinggi"}},{"type":"Feature","geometry":{"coordinates":[[[[112.79977800413181,-7.293815577890758],[112.79797957056526,-7.293815577890758],[112.79797957056526,-7.292916361107482],[112.79944957925198,-7.29218574747107],[112.79977800413181,-7.293815577890758]]]],"type":"MultiPolygon"},"properties":{"Kelas":"Sedang"}},{"type":"Feature","geometry":{"coordinates":[[[[112.81056860553112,-7.293815577890758],[112.80877017196457,-7.293815577890758],[112.80950078560097,-7.292346447345425],[112.80787095518129,-7.292017144324205],[112.80930232564685,-7.289851647656668],[112.81064763825621,-7.286254780523565],[112.81208603385289,-7.287993500475602],[112.81093566863211,-7.288787340292087],[112.81056860553112,-7.293815577890758]]]],"type":"MultiPolygon"},"properties":{"Kelas":"Sedang"}},{"type":"Feature","geometry":{"coordinates":[[[[112.81093566863211,-7.288787340292087],[112.81208603385289,-7.287993500475602],[112.81064763825621,-7.286254780523565],[112.80930232564685,-7.289851647656668],[112.80787095518129,-7.292017144324205],[112.80697173839802,-7.292017144324205],[112.80697173839802,-7.291117927540929],[112.80517330483147,-7.291117927540929],[112.80517330483147,-7.290218710757653],[112.80461656319025,-7.289876235615585],[112.80338716524437,-7.286268830785803],[112.8048308296894,-7.285380151699206],[112.80517330483147,-7.284823410057998],[112.80607252161474,-7.284823410057998],[112.80877017196457,-7.284823410057998],[112.80877017196457,-7.283024976491447],[112.81056860553112,-7.283024976491447],[112.8096729013134,-7.285203645279832],[112.81199119458279,-7.286098471356159],[112.81364210039584,-7.287145215892942],[112.8159445871202,-7.287896904922711],[112.81464318158034,-7.281314357063886],[112.81326625588095,-7.280327326141618],[112.81326625588095,-7.279428109358342],[112.81416547266423,-7.279428109358342],[112.81416547266423,-7.278528892575068],[112.8150646894475,-7.278528892575068],[112.8150646894475,-7.277629675791792],[112.8166330499699,-7.278246131047514],[112.81846309662649,-7.277975663499419],[112.82023342966855,-7.271617919836414],[112.82184745354323,-7.271856774294472],[112.82444850834017,-7.269917838105533],[112.81995242442378,-7.266447423332577],[112.81798538771037,-7.263158783827334],[112.81283596659989,-7.264660405604094],[112.81140459613432,-7.264448773529123],[112.81056860553112,-7.261443773692825],[112.81323113022535,-7.26320356903822],[112.8154826847491,-7.262698637739017],[112.81596390623078,-7.259645340126273],[112.81686312301404,-7.259645340126273],[112.8176516939822,-7.260876494354939],[112.82045999014716,-7.259645340126273],[112.82135920693042,-7.259645340126273],[112.82135920693042,-7.260544556909549],[112.8222584237137,-7.260544556909549],[112.82274140147817,-7.262653852528132],[112.8257867958184,-7.26160798613274],[112.82675450763008,-7.263242207259378],[112.82276598943707,-7.264848327861536],[112.82464696829427,-7.266636223731409],[112.82765372441335,-7.265939857609204],[112.82552159711864,-7.270356908800492],[112.82871978806072,-7.271669730178418],[112.82945215797992,-7.270435941525584],[112.83125059154646,-7.269536724742307],[112.83081152085151,-7.276157032680899],[112.8249929560019,-7.271842724032233],[112.82035285689759,-7.273728093596386],[112.82229530565209,-7.280390552321693],[112.82006833908724,-7.281734108648267],[112.81652240415477,-7.283184798224411],[112.81622734864774,-7.285179057320915],[112.81788352330913,-7.285424058768703],[112.81916912230398,-7.284431758998094],[112.81996471840324,-7.283401699147721],[112.82270803210534,-7.283806522328474],[112.82371438213819,-7.279036458298439],[112.82585704712959,-7.279996266837619],[112.82650335919257,-7.28437380166636],[112.82366520622035,-7.285535582725222],[112.82445728975406,-7.287145215892942],[112.82621181625112,-7.286886164182915],[112.82688095999023,-7.291415617472111],[112.8244889028441,-7.29176950845225],[112.82347904024569,-7.288142784511887],[112.81861238066277,-7.292075101655941],[112.81461508105586,-7.292666090811355],[112.81277976555093,-7.29239474512187],[112.81056860553112,-7.293815577890758],[112.81093566863211,-7.288787340292087]],[[112.8075038920803,-7.289851647656668],[112.80866655128055,-7.288166494329415],[112.80811683477047,-7.285713845427376],[112.80535595824057,-7.286332935107268],[112.80572477762433,-7.287974181365025],[112.80517330483147,-7.290218710757653],[112.8075038920803,-7.289851647656668]],[[112.82195107422723,-7.285525923169933],[112.82116250325909,-7.28631361599669],[112.8222584237137,-7.28662184362455],[112.82195107422723,-7.285525923169933]],[[112.82053726658947,-7.286364548197305],[112.81727760575009,-7.287593068001799],[112.816536454417,-7.289747148831268],[112.8186615565806,-7.290218710757653],[112.82053726658947,-7.286364548197305]],[[112.81579705936669,-7.289645284430037],[112.81223004904083,-7.289017413336246],[112.81305725823015,-7.290713104360178],[112.8150646894475,-7.291117927540929],[112.81579705936669,-7.289645284430037]]]],"type":"MultiPolygon"},"properties":{"Kelas":"Cukup Tinggi"}},{"type":"Feature","geometry":{"coordinates":[[[[112.71974771042025,-7.294714794674034],[112.71854641299885,-7.29410712083221],[112.71922433815186,-7.293108674071874],[112.72064692720353,-7.293815577890758],[112.72064692720353,-7.294714794674034],[112.71974771042025,-7.294714794674034]]]],"type":"MultiPolygon"},"properties":{"Kelas":"Sangat Rendah"}},{"type":"Feature","geometry":{"coordinates":[[[[112.72334457755335,-7.294714794674034],[112.72334457755335,-7.293815577890758],[112.72424379433663,-7.293815577890758],[112.72424379433663,-7.294714794674034],[112.72334457755335,-7.294714794674034]]]],"type":"MultiPolygon"},"properties":{"Kelas":"Sedang"}},{"type":"Feature","geometry":{"coordinates":[[[[112.73953047965233,-7.294714794674034],[112.73836255160373,-7.29421425408178],[112.73917044168246,-7.292671359659694],[112.73953047965233,-7.294714794674034]]]],"type":"MultiPolygon"},"properties":{"Kelas":"Cukup Rendah"}},{"type":"Feature","geometry":{"coordinates":[[[[112.7668986342105,-7.293423926830854],[112.76317882728281,-7.292339422214306],[112.76354237781824,-7.289879748181146],[112.76144888874467,-7.28705564547117],[112.76259398511712,-7.286172235232913],[112.7613680997368,-7.28522735509736],[112.76171935629277,-7.282851104496244],[112.76701454887397,-7.281734108648267],[112.76740619993387,-7.281226542924895],[112.77100306706697,-7.281226542924895],[112.77100306706697,-7.280327326141618],[112.7724994199954,-7.280629406779751],[112.7737007174168,-7.281226542924895],[112.77429785356195,-7.282427840346303],[112.77459993420008,-7.285722626841274],[112.7721341131772,-7.285150956796437],[112.77260655324497,-7.28834036632462],[112.76908344998861,-7.287819628480397],[112.76701454887397,-7.289416967668659],[112.76799455466512,-7.293308012167385],[112.77061141600707,-7.292524710047578],[112.77140701210634,-7.291492893914425],[112.77459993420008,-7.292017144324205],[112.77459993420008,-7.294714794674034],[112.7668986342105,-7.293423926830854]],[[112.76769071774422,-7.286216142302408],[112.76936621151617,-7.286988906725536],[112.77047091338468,-7.284798822099081],[112.76920463350042,-7.283924193274723],[112.76769071774422,-7.286216142302408]],[[112.76820882116427,-7.282633325431544],[112.7625184649576,-7.28374593057257],[112.7637461066207,-7.284820775633829],[112.76920463350042,-7.283924193274723],[112.76820882116427,-7.282633325431544]],[[112.76530041688085,-7.287324356736484],[112.76451184591271,-7.288112049563241],[112.76560776636732,-7.288420277191102],[112.76530041688085,-7.287324356736484]]]],"type":"MultiPolygon"},"properties":{"Kelas":"Cukup Tinggi"}},{"type":"Feature","geometry":{"coordinates":[[[[112.77459993420008,-7.294714794674034],[112.77459993420008,-7.292017144324205],[112.77549915098336,-7.292017144324205],[112.77549915098336,-7.285722626841274],[112.77459993420008,-7.285722626841274],[112.77429785356195,-7.282427840346303],[112.7737007174168,-7.281226542924895],[112.77639836776663,-7.281226542924895],[112.77639836776663,-7.287521060407826],[112.77729758454991,-7.287521060407826],[112.77729758454991,-7.289319493974379],[112.7781968013332,-7.289319493974379],[112.7781968013332,-7.290218710757653],[112.77674084290871,-7.290561185899723],[112.77551847009394,-7.294148393477537],[112.77459993420008,-7.294714794674034]]]],"type":"MultiPolygon"},"properties":{"Kelas":"Sedang"}},{"type":"Feature","geometry":{"coordinates":[[[[112.78179366846629,-7.294714794674034],[112.78179366846629,-7.292017144324205],[112.78179366846629,-7.291117927540929],[112.78179366846629,-7.285722626841274],[112.78089445168301,-7.285722626841274],[112.78089445168301,-7.284823410057998],[112.78138972342693,-7.282722895853315],[112.78469680390135,-7.28159624045005],[112.78573301074147,-7.279490457397028],[112.78359210203284,-7.280157844853365],[112.78164438443,-7.279551049152932],[112.78240309859089,-7.2771150849373],[112.7814705124348,-7.276387983866448],[112.78055197654095,-7.279085634216274],[112.77749428822125,-7.279804832014618],[112.77997415950638,-7.282865154758481],[112.77909601811646,-7.284823410057998],[112.77909601811646,-7.285722626841274],[112.7781968013332,-7.285722626841274],[112.77729758454991,-7.285722626841274],[112.77729758454991,-7.28662184362455],[112.77729758454991,-7.287521060407826],[112.77639836776663,-7.287521060407826],[112.77639836776663,-7.281226542924895],[112.7737007174168,-7.281226542924895],[112.77333365431582,-7.278895955676052],[112.77280150063353,-7.276730459008515],[112.77551495752837,-7.277870286532629],[112.78047470009864,-7.27464048250051],[112.78153900746321,-7.273100222502595],[112.78084000691683,-7.269984576851167],[112.77909601811646,-7.269536724742307],[112.77909601811646,-7.268637507959033],[112.78142660536531,-7.269004571060018],[112.78310209913727,-7.270096100807686],[112.78451590677503,-7.269779091765926],[112.78718896916595,-7.270435941525584],[112.78749104980407,-7.271932294454004],[112.7889874027325,-7.274932025441963],[112.78569261623753,-7.274629944803833],[112.78478286175758,-7.27283151123728],[112.7834568682588,-7.273733362444725],[112.78470031646691,-7.276280850616878],[112.78345511197601,-7.278830973213198],[112.78778610531108,-7.278226811936936],[112.7889874027325,-7.277629675791792],[112.78969342840999,-7.279025920601761],[112.79318140601075,-7.279730189996474],[112.79378556728702,-7.280924462286762],[112.79438270343215,-7.281226542924895],[112.79528192021543,-7.281226542924895],[112.79528192021543,-7.282125759708171],[112.79618113699871,-7.282125759708171],[112.79618113699871,-7.283024976491447],[112.79386635629488,-7.28245681901217],[112.79311642354789,-7.284227152054244],[112.79528192021543,-7.285722626841274],[112.79528192021543,-7.28662184362455],[112.79408062279401,-7.287218979769694],[112.7925842698656,-7.287521060407826],[112.7925842698656,-7.281226542924895],[112.79168505308232,-7.281226542924895],[112.79078583629905,-7.279971678878702],[112.78988661951577,-7.281226542924895],[112.7889874027325,-7.281226542924895],[112.7889874027325,-7.283924193274723],[112.78666735318033,-7.28449410703678],[112.78628975238267,-7.283024976491447],[112.78413303712904,-7.284629340810827],[112.7851112866374,-7.290310915603595],[112.78808818594922,-7.291117927540929],[112.78808818594922,-7.292017144324205],[112.7867393607743,-7.292583545520703],[112.78357980805339,-7.291256673880536],[112.78269288524956,-7.294714794674034],[112.78179366846629,-7.294714794674034]],[[112.78738567283729,-7.282716748863585],[112.78659710186915,-7.281929056036828],[112.78628975238267,-7.283024976491447],[112.78738567283729,-7.282716748863585]]]],"type":"MultiPolygon"},"properties":{"Kelas":"Cukup Rendah"}},{"type":"Feature","geometry":{"coordinates":[[[[112.79168505308232,-7.294714794674034],[112.78988661951577,-7.294714794674034],[112.78988661951577,-7.293815577890758],[112.79096322085981,-7.293393191882206],[112.79033798419019,-7.291764239603909],[112.78988661951577,-7.292916361107482],[112.7889874027325,-7.292916361107482],[112.7889874027325,-7.292017144324205],[112.7889874027325,-7.291117927540929],[112.78808818594922,-7.291117927540929],[112.78718896916595,-7.289319493974379],[112.78988661951577,-7.289319493974379],[112.78988661951577,-7.287521060407826],[112.79078583629905,-7.287521060407826],[112.79108791693719,-7.290815846902799],[112.79264749604567,-7.292778492909264],[112.79168505308232,-7.294714794674034]]]],"type":"MultiPolygon"},"properties":{"Kelas":"Cukup Tinggi"}},{"type":"Feature","geometry":{"coordinates":[[[[112.79168505308232,-7.294714794674034],[112.79264749604567,-7.292778492909264],[112.79108791693719,-7.290815846902799],[112.79078583629905,-7.287521060407826],[112.79168505308232,-7.287521060407826],[112.79218032482623,-7.29058665200003],[112.7967045092671,-7.291493772055814],[112.79708035378198,-7.292916361107482],[112.79438270343215,-7.292916361107482],[112.79348348664888,-7.294714794674034],[112.79168505308232,-7.294714794674034]],[[112.79407535394569,-7.291820440652865],[112.79328678297753,-7.29260813347962],[112.79438270343215,-7.292916361107482],[112.79407535394569,-7.291820440652865]]]],"type":"MultiPolygon"},"properties":{"Kelas":"Sedang"}},{"type":"Feature","geometry":{"coordinates":[[[[112.79348348664888,-7.294714794674034],[112.79438270343215,-7.292916361107482],[112.79708035378198,-7.292916361107482],[112.79797957056526,-7.292916361107482],[112.79797957056526,-7.293815577890758],[112.79581407389772,-7.294347731573048],[112.79348348664888,-7.294714794674034]]]],"type":"MultiPolygon"},"properties":{"Kelas":"Cukup Tinggi"}},{"type":"Feature","geometry":{"coordinates":[[[[112.80067722091508,-7.294714794674034],[112.79977800413181,-7.294714794674034],[112.79977800413181,-7.293815577890758],[112.80067722091508,-7.293815577890758],[112.80067722091508,-7.294714794674034]]]],"type":"MultiPolygon"},"properties":{"Kelas":"Sedang"}},{"type":"Feature","geometry":{"coordinates":[[[[112.80787095518129,-7.294714794674034],[112.80787095518129,-7.293815577890758],[112.80877017196457,-7.293815577890758],[112.80877017196457,-7.294714794674034],[112.80787095518129,-7.294714794674034]]]],"type":"MultiPolygon"},"properties":{"Kelas":"Sedang"}},{"type":"Feature","geometry":{"coordinates":[[[[112.8150646894475,-7.294714794674034],[112.81299754461563,-7.294350365997218],[112.8145764428347,-7.293573210867141],[112.8150646894475,-7.294714794674034]]]],"type":"MultiPolygon"},"properties":{"Kelas":"Cukup Tinggi"}},{"type":"Feature","geometry":{"coordinates":[[[[112.82945215797992,-7.294714794674034],[112.82830003647634,-7.294265186282395],[112.82945215797992,-7.293815577890758],[112.82945215797992,-7.294714794674034]]]],"type":"MultiPolygon"},"properties":{"Kelas":"Sedang"}},{"type":"Feature","geometry":{"coordinates":[[[[112.82945215797992,-7.294714794674034],[112.82945215797992,-7.293815577890758],[112.83060427948348,-7.294265186282395],[112.82945215797992,-7.294714794674034]]]],"type":"MultiPolygon"},"properties":{"Kelas":"Cukup Rendah"}},{"type":"Feature","geometry":{"coordinates":[[[[112.66129861950732,-7.295614011457308],[112.65950018594077,-7.295614011457308],[112.66039940272404,-7.294359147411116],[112.66129861950732,-7.295614011457308]]]],"type":"MultiPolygon"},"properties":{"Kelas":"Cukup Tinggi"}},{"type":"Feature","geometry":{"coordinates":[[[[112.66399626985715,-7.295614011457308],[112.6621978362906,-7.295614011457308],[112.66309705307387,-7.294359147411116],[112.66399626985715,-7.295614011457308]]]],"type":"MultiPolygon"},"properties":{"Kelas":"Sedang"}},{"type":"Feature","geometry":{"coordinates":[[[[112.68917433978888,-7.295614011457308],[112.6880222182853,-7.295162646782892],[112.68874053794225,-7.293609214664126],[112.68917433978888,-7.294714794674034],[112.68917433978888,-7.295614011457308]]]],"type":"MultiPolygon"},"properties":{"Kelas":"Sedang"}},{"type":"Feature","geometry":{"coordinates":[[[[112.69007355657214,-7.295614011457308],[112.68917433978888,-7.295614011457308],[112.68917433978888,-7.294714794674034],[112.69007355657214,-7.294714794674034],[112.69007355657214,-7.295614011457308]]]],"type":"MultiPolygon"},"properties":{"Kelas":"Cukup Tinggi"}},{"type":"Feature","geometry":{"coordinates":[[[[112.72064692720353,-7.295614011457308],[112.71974771042025,-7.295614011457308],[112.71974771042025,-7.294714794674034],[112.72064692720353,-7.294714794674034],[112.72064692720353,-7.293815577890758],[112.72244536077008,-7.293815577890758],[112.72244536077008,-7.292916361107482],[112.72424379433663,-7.292916361107482],[112.72424379433663,-7.292017144324205],[112.72514301111991,-7.292017144324205],[112.72514301111991,-7.293815577890758],[112.72424379433663,-7.293815577890758],[112.72334457755335,-7.293815577890758],[112.72334457755335,-7.294714794674034],[112.72184822462494,-7.295016875312164],[112.72064692720353,-7.295614011457308]]]],"type":"MultiPolygon"},"properties":{"Kelas":"Cukup Rendah"}},{"type":"Feature","geometry":{"coordinates":[[[[112.73053831181957,-7.293815577890758],[112.7293774089021,-7.29593277678185],[112.72853263688499,-7.294247623454597],[112.73053831181957,-7.293815577890758]]]],"type":"MultiPolygon"},"properties":{"Kelas":"Cukup Rendah"}},{"type":"Feature","geometry":{"coordinates":[[[[112.78269288524956,-7.295614011457308],[112.78179366846629,-7.295614011457308],[112.78179366846629,-7.294714794674034],[112.78269288524956,-7.294714794674034],[112.78269288524956,-7.295614011457308]]]],"type":"MultiPolygon"},"properties":{"Kelas":"Sedang"}},{"type":"Feature","geometry":{"coordinates":[[[[112.78449131881612,-7.295614011457308],[112.78517802538303,-7.293391435599426],[112.78756130111528,-7.294665618756198],[112.78449131881612,-7.295614011457308]]]],"type":"MultiPolygon"},"properties":{"Kelas":"Cukup Rendah"}},{"type":"Feature","geometry":{"coordinates":[[[[112.63881819992542,-7.296513228240585],[112.63791898314214,-7.296513228240585],[112.63670890430684,-7.295876575732894],[112.6384283051483,-7.293517887959576],[112.63881819992542,-7.296513228240585]]]],"type":"MultiPolygon"},"properties":{"Kelas":"Tinggi"}},{"type":"Feature","geometry":{"coordinates":[[[[112.66129861950732,-7.296513228240585],[112.65950018594077,-7.296513228240585],[112.65950018594077,-7.295614011457308],[112.66129861950732,-7.295614011457308],[112.66129861950732,-7.296513228240585]]]],"type":"MultiPolygon"},"properties":{"Kelas":"Sedang"}},{"type":"Feature","geometry":{"coordinates":[[[[112.73953047965233,-7.296513228240585],[112.73843455919771,-7.296205000612725],[112.73922313016585,-7.295417307785968],[112.73953047965233,-7.296513228240585]]]],"type":"MultiPolygon"},"properties":{"Kelas":"Cukup Rendah"}},{"type":"Feature","geometry":{"coordinates":[[[[112.80067722091508,-7.296513228240585],[112.80067722091508,-7.294714794674034],[112.80193120681989,-7.295614011457308],[112.80067722091508,-7.296513228240585]]]],"type":"MultiPolygon"},"properties":{"Kelas":"Sedang"}},{"type":"Feature","geometry":{"coordinates":[[[[112.82675450763008,-7.296513228240585],[112.82457320441753,-7.294890422952017],[112.8279733678793,-7.293480127879809],[112.82675450763008,-7.296513228240585]]]],"type":"MultiPolygon"},"properties":{"Kelas":"Sedang"}},{"type":"Feature","geometry":{"coordinates":[[[[112.84563806007888,-7.296513228240585],[112.8435375458742,-7.295450677158785],[112.84414170715046,-7.293218441745614],[112.84563806007888,-7.292916361107482],[112.84563806007888,-7.296513228240585]]]],"type":"MultiPolygon"},"properties":{"Kelas":"Sedang"}},{"type":"Feature","geometry":{"coordinates":[[[[112.63971741670869,-7.297412445023861],[112.63791898314214,-7.297412445023861],[112.63791898314214,-7.296513228240585],[112.63881819992542,-7.296513228240585],[112.63971741670869,-7.296513228240585],[112.63971741670869,-7.297412445023861]]]],"type":"MultiPolygon"},"properties":{"Kelas":"Cukup Tinggi"}},{"type":"Feature","geometry":{"coordinates":[[[[112.6657947034237,-7.297412445023861],[112.66399626985715,-7.297412445023861],[112.66399626985715,-7.296513228240585],[112.6657947034237,-7.296513228240585],[112.6657947034237,-7.297412445023861]]]],"type":"MultiPolygon"},"properties":{"Kelas":"Tinggi"}},{"type":"Feature","geometry":{"coordinates":[[[[112.66669392020697,-7.297412445023861],[112.6657947034237,-7.297412445023861],[112.6657947034237,-7.296513228240585],[112.66669392020697,-7.296513228240585],[112.66669392020697,-7.297412445023861]]]],"type":"MultiPolygon"},"properties":{"Kelas":"Cukup Tinggi"}},{"type":"Feature","geometry":{"coordinates":[[[[112.76201089923421,-7.297412445023861],[112.76111168245095,-7.297412445023861],[112.76021246566766,-7.297412445023861],[112.75905507531576,-7.294470671367636],[112.7629101160175,-7.293815577890758],[112.76260803537937,-7.296211147602454],[112.76201089923421,-7.297412445023861]]]],"type":"MultiPolygon"},"properties":{"Kelas":"Sangat Rendah"}},{"type":"Feature","geometry":{"coordinates":[[[[112.77549915098336,-7.297412445023861],[112.7734320061515,-7.297048016347045],[112.77501090437056,-7.296270861216968],[112.77549915098336,-7.297412445023861]]]],"type":"MultiPolygon"},"properties":{"Kelas":"Sangat Rendah"}},{"type":"Feature","geometry":{"coordinates":[[[[112.78359210203284,-7.297412445023861],[112.78269288524956,-7.297412445023861],[112.78269288524956,-7.296513228240585],[112.78359210203284,-7.296513228240585],[112.78359210203284,-7.297412445023861]]]],"type":"MultiPolygon"},"properties":{"Kelas":"Sedang"}},{"type":"Feature","geometry":{"coordinates":[[[[112.79348348664888,-7.297412445023861],[112.79168505308232,-7.297412445023861],[112.79168505308232,-7.294714794674034],[112.79348348664888,-7.294714794674034],[112.79281258662698,-7.296063619848947],[112.79348348664888,-7.297412445023861]]]],"type":"MultiPolygon"},"properties":{"Kelas":"Cukup Tinggi"}},{"type":"Feature","geometry":{"coordinates":[[[[112.80067722091508,-7.297412445023861],[112.79977800413181,-7.297412445023861],[112.79941094103083,-7.295981074558295],[112.79797957056526,-7.293815577890758],[112.79977800413181,-7.293815577890758],[112.79977800413181,-7.294714794674034],[112.80067722091508,-7.294714794674034],[112.80067722091508,-7.296513228240585],[112.80067722091508,-7.297412445023861]]]],"type":"MultiPolygon"},"properties":{"Kelas":"Cukup Tinggi"}},{"type":"Feature","geometry":{"coordinates":[[[[112.80337487126491,-7.297412445023861],[112.80247565448164,-7.297412445023861],[112.80292526287327,-7.296260323520288],[112.80337487126491,-7.297412445023861]]]],"type":"MultiPolygon"},"properties":{"Kelas":"Sangat Rendah"}},{"type":"Feature","geometry":{"coordinates":[[[[112.82945215797992,-7.294714794674034],[112.83060427948348,-7.294265186282395],[112.82945215797992,-7.293815577890758],[112.83005983182173,-7.292614280469349],[112.83245188896787,-7.293422170548075],[112.83174937585594,-7.297714525661993],[112.8298455653226,-7.296665146701041],[112.82945215797992,-7.294714794674034]]]],"type":"MultiPolygon"},"properties":{"Kelas":"Sedang"}},{"type":"Feature","geometry":{"coordinates":[[[[112.63881819992542,-7.298311661807137],[112.63791898314214,-7.298311661807137],[112.63791898314214,-7.297412445023861],[112.63971741670869,-7.297412445023861],[112.63971741670869,-7.298311661807137],[112.63881819992542,-7.298311661807137]]]],"type":"MultiPolygon"},"properties":{"Kelas":"Sedang"}},{"type":"Feature","geometry":{"coordinates":[[[[112.66129861950732,-7.298311661807137],[112.66010434721703,-7.297707500530873],[112.65950018594077,-7.296513228240585],[112.66129861950732,-7.296513228240585],[112.66129861950732,-7.298311661807137]]]],"type":"MultiPolygon"},"properties":{"Kelas":"Cukup Rendah"}},{"type":"Feature","geometry":{"coordinates":[[[[112.6621978362906,-7.298311661807137],[112.66129861950732,-7.298311661807137],[112.66129861950732,-7.296513228240585],[112.6621978362906,-7.296513228240585],[112.6621978362906,-7.298311661807137]]]],"type":"MultiPolygon"},"properties":{"Kelas":"Sedang"}},{"type":"Feature","geometry":{"coordinates":[[[[112.66669392020697,-7.298311661807137],[112.6657947034237,-7.298311661807137],[112.6657947034237,-7.297412445023861],[112.66669392020697,-7.297412445023861],[112.66669392020697,-7.298311661807137]]]],"type":"MultiPolygon"},"properties":{"Kelas":"Sedang"}},{"type":"Feature","geometry":{"coordinates":[[[[112.68917433978888,-7.298311661807137],[112.6880222182853,-7.2978620534155],[112.68917433978888,-7.297412445023861],[112.68917433978888,-7.298311661807137]]]],"type":"MultiPolygon"},"properties":{"Kelas":"Sedang"}},{"type":"Feature","geometry":{"coordinates":[[[[112.69097277335543,-7.298311661807137],[112.69097277335543,-7.295614011457308],[112.69187199013871,-7.295614011457308],[112.69187199013871,-7.298311661807137],[112.69097277335543,-7.298311661807137]]]],"type":"MultiPolygon"},"properties":{"Kelas":"Tinggi"}},{"type":"Feature","geometry":{"coordinates":[[[[112.73503439573594,-7.295614011457308],[112.73735093272255,-7.295044975836642],[112.73809910918675,-7.297045381922876],[112.73989754275331,-7.298287073848218],[112.73561572533606,-7.297878738101907],[112.73503439573594,-7.295614011457308]]]],"type":"MultiPolygon"},"properties":{"Kelas":"Cukup Rendah"}},{"type":"Feature","geometry":{"coordinates":[[[[112.76111168245095,-7.298311661807137],[112.76021246566766,-7.298311661807137],[112.76021246566766,-7.297412445023861],[112.76111168245095,-7.297412445023861],[112.76111168245095,-7.298311661807137]]]],"type":"MultiPolygon"},"properties":{"Kelas":"Cukup Rendah"}},{"type":"Feature","geometry":{"coordinates":[[[[112.76111168245095,-7.298311661807137],[112.76111168245095,-7.297412445023861],[112.76201089923421,-7.297412445023861],[112.76380933280078,-7.297412445023861],[112.76380933280078,-7.298311661807137],[112.76111168245095,-7.298311661807137]]]],"type":"MultiPolygon"},"properties":{"Kelas":"Sedang"}},{"type":"Feature","geometry":{"coordinates":[[[[112.80157643769836,-7.298311661807137],[112.80157643769836,-7.297412445023861],[112.80247565448164,-7.297412445023861],[112.80247565448164,-7.298311661807137],[112.80157643769836,-7.298311661807137]]]],"type":"MultiPolygon"},"properties":{"Kelas":"Sangat Rendah"}},{"type":"Feature","geometry":{"coordinates":[[[[112.84204119294577,-7.298311661807137],[112.83949458291501,-7.297990262058427],[112.84085043322105,-7.295311930819178],[112.84285435187283,-7.29667480625633],[112.84204119294577,-7.298311661807137]]]],"type":"MultiPolygon"},"properties":{"Kelas":"Sedang"}},{"type":"Feature","geometry":{"coordinates":[[[[112.74762343070181,-7.299210878590413],[112.74647130919823,-7.298761270198774],[112.74762343070181,-7.298311661807137],[112.74762343070181,-7.299210878590413]]]],"type":"MultiPolygon"},"properties":{"Kelas":"Sangat Rendah"}},{"type":"Feature","geometry":{"coordinates":[[[[112.78089445168301,-7.299210878590413],[112.77999523489973,-7.299210878590413],[112.77959480242593,-7.296912782572997],[112.77849361312298,-7.295038828846913],[112.77909601811646,-7.290218710757653],[112.78055022025816,-7.289483706414293],[112.78089445168301,-7.285722626841274],[112.78179366846629,-7.285722626841274],[112.78179366846629,-7.291117927540929],[112.78064154696271,-7.291567535932568],[112.78179366846629,-7.292017144324205],[112.78179366846629,-7.294714794674034],[112.78025867731671,-7.294124683660009],[112.78089445168301,-7.299210878590413]]]],"type":"MultiPolygon"},"properties":{"Kelas":"Sedang"}},{"type":"Feature","geometry":{"coordinates":[[[[112.78089445168301,-7.299210878590413],[112.78025867731671,-7.294124683660009],[112.78179366846629,-7.294714794674034],[112.78179366846629,-7.295614011457308],[112.78269288524956,-7.295614011457308],[112.78269288524956,-7.296513228240585],[112.78269288524956,-7.297412445023861],[112.78179366846629,-7.297412445023861],[112.78179366846629,-7.299210878590413],[112.78089445168301,-7.299210878590413]]]],"type":"MultiPolygon"},"properties":{"Kelas":"Cukup Tinggi"}},{"type":"Feature","geometry":{"coordinates":[[[[112.80067722091508,-7.299210878590413],[112.79977800413181,-7.299210878590413],[112.79977800413181,-7.297412445023861],[112.80067722091508,-7.297412445023861],[112.80067722091508,-7.299210878590413]]]],"type":"MultiPolygon"},"properties":{"Kelas":"Sedang"}},{"type":"Feature","geometry":{"coordinates":[[[[112.81277976555093,-7.29239474512187],[112.81461508105586,-7.292666090811355],[112.81861238066277,-7.292075101655941],[112.82347904024569,-7.288142784511887],[112.8244889028441,-7.29176950845225],[112.82688095999023,-7.291415617472111],[112.82621181625112,-7.286886164182915],[112.82445728975406,-7.287145215892942],[112.82366520622035,-7.285535582725222],[112.82650335919257,-7.28437380166636],[112.82585704712959,-7.279996266837619],[112.82371438213819,-7.279036458298439],[112.82270803210534,-7.283806522328474],[112.81996471840324,-7.283401699147721],[112.81916912230398,-7.284431758998094],[112.81788352330913,-7.285424058768703],[112.81622734864774,-7.285179057320915],[112.81652240415477,-7.283184798224411],[112.82006833908724,-7.281734108648267],[112.82229530565209,-7.280390552321693],[112.82035285689759,-7.273728093596386],[112.8249929560019,-7.271842724032233],[112.83081152085151,-7.276157032680899],[112.83125059154646,-7.269536724742307],[112.8339482418963,-7.269536724742307],[112.8339482418963,-7.268637507959033],[112.8339482418963,-7.267738291175757],[112.83484745867958,-7.267738291175757],[112.83539893147244,-7.269885346874105],[112.83754510902939,-7.270435941525584],[112.83717804592841,-7.273665745557702],[112.83664589224612,-7.275831242225239],[112.83574667546284,-7.275831242225239],[112.83574667546284,-7.276730459008515],[112.83574667546284,-7.277629675791792],[112.83516534586272,-7.277948441116331],[112.83371114372102,-7.280602184396663],[112.83125059154646,-7.279428109358342],[112.83192851669948,-7.28341662755135],[112.83712008859668,-7.281396902354539],[112.8406800737914,-7.279249846656191],[112.84243284400569,-7.28353254221482],[112.8451304943555,-7.284636365941946],[112.8431898018838,-7.286475194012434],[112.84040960624331,-7.286064223841953],[112.83715345796949,-7.288028626131199],[112.83393243535127,-7.289346716357466],[112.83085894048656,-7.291625493264302],[112.82459076724533,-7.29337123834746],[112.82353172872908,-7.299602529650317],[112.81725477407394,-7.297920010747234],[112.81488027975561,-7.296486883998888],[112.81247417234724,-7.299602529650317],[112.80837852090467,-7.298633939697236],[112.80916182302447,-7.296005662517212],[112.81056860553112,-7.293815577890758],[112.81277976555093,-7.29239474512187]],[[112.83094324205999,-7.278332188903725],[112.83015467109185,-7.279119881730482],[112.83125059154646,-7.279428109358342],[112.83094324205999,-7.278332188903725]],[[112.83184245884327,-7.286425139953209],[112.83105388787513,-7.287212832779964],[112.83214980832975,-7.287521060407826],[112.83184245884327,-7.286425139953209]],[[112.83166156171694,-7.284581043034381],[112.83008266349788,-7.285358198164458],[112.83214980832975,-7.285722626841274],[112.83166156171694,-7.284581043034381]],[[112.8145764428347,-7.293573210867141],[112.81299754461563,-7.294350365997218],[112.8150646894475,-7.294714794674034],[112.8145764428347,-7.293573210867141]]]],"type":"MultiPolygon"},"properties":{"Kelas":"Tinggi"}},{"type":"Feature","geometry":{"coordinates":[[[[112.6361205495756,-7.300110095373689],[112.6361205495756,-7.299210878590413],[112.63701976635886,-7.299210878590413],[112.63818769440746,-7.299732494576023],[112.6361205495756,-7.300110095373689]]]],"type":"MultiPolygon"},"properties":{"Kelas":"Sedang"}},{"type":"Feature","geometry":{"coordinates":[[[[112.66849235377353,-7.300110095373689],[112.66849235377353,-7.299210878590413],[112.67058233028153,-7.299660486982051],[112.66849235377353,-7.300110095373689]]]],"type":"MultiPolygon"},"properties":{"Kelas":"Sangat Rendah"}},{"type":"Feature","geometry":{"coordinates":[[[[112.73912653461296,-7.299587601246687],[112.73816233536684,-7.299729860151855],[112.73460410645488,-7.298691897028972],[112.73118989273088,-7.299196828328174],[112.73335187683286,-7.29752835968733],[112.73452683001257,-7.296005662517212],[112.73503439573594,-7.295614011457308],[112.73503439573594,-7.293815577890758],[112.73323596216939,-7.293815577890758],[112.73323596216939,-7.292916361107482],[112.73593361251922,-7.292916361107482],[112.73593361251922,-7.292017144324205],[112.73824839322305,-7.291633396536811],[112.73901413251505,-7.290602458545047],[112.74184526035614,-7.289834962970259],[112.74440943321471,-7.287576383315391],[112.7401328846458,-7.284393998918329],[112.74458857405824,-7.282622787734864],[112.74328892480116,-7.279392105561357],[112.74094604357288,-7.280842795137501],[112.73953047965233,-7.281226542924895],[112.73953047965233,-7.280327326141618],[112.74002926396179,-7.279927771809206],[112.7410127823185,-7.278700130146101],[112.74082310377828,-7.277180067400153],[112.74132891321888,-7.273133591875412],[112.74185228548727,-7.272757747360528],[112.74260397451704,-7.271711002823745],[112.7442531240473,-7.270528146371525],[112.74530162486687,-7.265705393858097],[112.74193131821235,-7.264405744601017],[112.74004507050681,-7.259093867333405],[112.73912653461296,-7.259275642601118],[112.73863126286905,-7.262342990476101],[112.73773204608577,-7.262342990476101],[112.73773204608577,-7.258746123342997],[112.73593361251922,-7.258746123342997],[112.73593361251922,-7.257846906559722],[112.73806047096559,-7.257346365967468],[112.73627608766128,-7.254806781067826],[112.73593361251922,-7.253350822643341],[112.73593361251922,-7.252451605860067],[112.73712788480951,-7.251847444583802],[112.73773204608577,-7.250653172293514],[112.73863126286905,-7.250653172293514],[112.73863126286905,-7.249753955510238],[112.74075636503265,-7.248341026013861],[112.73961653750854,-7.243813329007445],[112.73773204608577,-7.24256022124403],[112.73730702565305,-7.241185929968809],[112.73629891933743,-7.239328660929134],[112.7368328293025,-7.231769619844719],[112.73730000052193,-7.23220166540856],[112.73891578067938,-7.233946532350327],[112.73953047965233,-7.228172752711616],[112.74165558181592,-7.228644314638002],[112.74100224462182,-7.232342168030947],[112.73943037153387,-7.235706327695722],[112.74031905062047,-7.238064137327651],[112.73922313016585,-7.240972541611059],[112.7404296964356,-7.241661004460756],[112.7404296964356,-7.24256022124403],[112.74080554095048,-7.243083593512422],[112.74661005553784,-7.244248008995454],[112.74530162486687,-7.247432149675296],[112.74454993583709,-7.251538338814552],[112.74669786967684,-7.253077720671078],[112.74889849199997,-7.259269495611388],[112.75069165671817,-7.260555094606229],[112.75374758875509,-7.259950933329964],[112.75543362022373,-7.262304352254944],[112.7594432138101,-7.261512268721239],[112.76058831018256,-7.257612442808613],[112.75789065983273,-7.256571845261561],[112.75531068042915,-7.254602174123974],[112.75173664497218,-7.255308199801469],[112.7512202978349,-7.253350822643341],[112.75211951461819,-7.253350822643341],[112.75264464316936,-7.25423774544716],[112.75562505504674,-7.253213832586514],[112.75785026532878,-7.254814684340335],[112.76077623244,-7.255483828079452],[112.7614471324619,-7.256613117906888],[112.7631542393239,-7.257625614929463],[112.76230595474124,-7.260094948517912],[112.76322097806953,-7.262760107636312],[112.76111168245095,-7.263242207259378],[112.76111168245095,-7.270435941525584],[112.76021246566766,-7.270435941525584],[112.7596258672192,-7.266866296775568],[112.75982959602166,-7.265490249217567],[112.75960654810862,-7.263988627440806],[112.75740768206828,-7.262850556199474],[112.75440268223197,-7.264663040028264],[112.75185431591842,-7.264286317371988],[112.750828646775,-7.269145073682404],[112.74645901521878,-7.271758422458801],[112.74582499713526,-7.274032808658689],[112.74530864999798,-7.274416556446083],[112.74454291070597,-7.277710464799664],[112.74981351532826,-7.276803344743879],[112.75070395069764,-7.279044361570948],[112.75896374861121,-7.280711073929012],[112.76149455209695,-7.278464788253602],[112.75641538229766,-7.275473838679543],[112.75982959602166,-7.274548277654569],[112.76021246566766,-7.27133515830886],[112.76076920730887,-7.271677633450928],[112.76168247435439,-7.274360355397127],[112.76436607444198,-7.275274500584031],[112.76505102472612,-7.276387983866448],[112.76740619993387,-7.276730459008515],[112.76740619993387,-7.277629675791792],[112.76560776636732,-7.277629675791792],[112.76560776636732,-7.278528892575068],[112.76470854958404,-7.278528892575068],[112.76470854958404,-7.281226542924895],[112.76740619993387,-7.281226542924895],[112.76701454887397,-7.281734108648267],[112.76171935629277,-7.282851104496244],[112.7613680997368,-7.28522735509736],[112.76259398511712,-7.286172235232913],[112.76144888874467,-7.28705564547117],[112.76354237781824,-7.289879748181146],[112.76317882728281,-7.292339422214306],[112.7668986342105,-7.293423926830854],[112.77459993420008,-7.294714794674034],[112.77377272501079,-7.295787005311123],[112.77140701210634,-7.296136505584311],[112.77061141600707,-7.295106445733937],[112.7629101160175,-7.293815577890758],[112.76155075314591,-7.291692232009936],[112.75896199232842,-7.29346432133479],[112.75696685509052,-7.294166834446724],[112.75626434197859,-7.295262754901342],[112.75571638175128,-7.295614011457308],[112.75525272309741,-7.292746879819227],[112.7480080566306,-7.294178250284794],[112.74724758618692,-7.295238166942424],[112.74620084165014,-7.295989855972195],[112.74507330810549,-7.297560850918757],[112.7440265635687,-7.298311661807137],[112.74245644676353,-7.298539978568515],[112.7411005964575,-7.29988177861231],[112.73953047965233,-7.300110095373689],[112.73912653461296,-7.299587601246687]],[[112.73561572533606,-7.297878738101907],[112.73989754275331,-7.298287073848218],[112.73809910918675,-7.297045381922876],[112.73735093272255,-7.295044975836642],[112.73503439573594,-7.295614011457308],[112.73561572533606,-7.297878738101907]],[[112.76080433296447,-7.262146286804759],[112.76001576199633,-7.262933979631516],[112.76111168245095,-7.263242207259378],[112.76080433296447,-7.262146286804759]],[[112.76379528253854,-7.277253831276907],[112.76084472746841,-7.281602387439779],[112.76290835973472,-7.280684729687316],[112.76418517731565,-7.278904737089952],[112.76470854958404,-7.278528892575068],[112.76379528253854,-7.277253831276907]],[[112.74937093206773,-7.265131967530481],[112.74721070424854,-7.263839343404522],[112.74642213328039,-7.266414932101149],[112.74852264748509,-7.266839074392481],[112.74937093206773,-7.265131967530481]],[[112.76021246566766,-7.283024976491447],[112.75481716496802,-7.283024976491447],[112.75481716496802,-7.285722626841274],[112.76021246566766,-7.285722626841274],[112.76021246566766,-7.283024976491447]],[[112.75661559853457,-7.287521060407826],[112.75391794818474,-7.287521060407826],[112.75391794818474,-7.291117927540929],[112.75661559853457,-7.291117927540929],[112.75661559853457,-7.287521060407826]],[[112.76170881859609,-7.289621574612509],[112.75968382455093,-7.288596783610476],[112.75901116824626,-7.2898402318186],[112.76201089923421,-7.290218710757653],[112.76170881859609,-7.289621574612509]],[[112.74906182629849,-7.289074492526591],[112.74825393621977,-7.290617386948677],[112.74942186426836,-7.291117927540929],[112.74906182629849,-7.289074492526591]],[[112.73917044168246,-7.292671359659694],[112.73836255160373,-7.29421425408178],[112.73953047965233,-7.294714794674034],[112.73917044168246,-7.292671359659694]],[[112.73922313016585,-7.295417307785968],[112.73843455919771,-7.296205000612725],[112.73953047965233,-7.296513228240585],[112.73922313016585,-7.295417307785968]]]],"type":"MultiPolygon"},"properties":{"Kelas":"Sedang"}},{"type":"Feature","geometry":{"coordinates":[[[[112.75391794818474,-7.300110095373689],[112.75391794818474,-7.299210878590413],[112.75211951461819,-7.299210878590413],[112.75211951461819,-7.298311661807137],[112.74762343070181,-7.298311661807137],[112.74647130919823,-7.298761270198774],[112.74762343070181,-7.299210878590413],[112.74762343070181,-7.300110095373689],[112.7440265635687,-7.300110095373689],[112.7440265635687,-7.298311661807137],[112.74507330810549,-7.297560850918757],[112.74620084165014,-7.295989855972195],[112.74724758618692,-7.295238166942424],[112.7480080566306,-7.294178250284794],[112.75525272309741,-7.292746879819227],[112.75571638175128,-7.295614011457308],[112.75000495015126,-7.294676156452876],[112.75172786355829,-7.296005662517212],[112.75251116567809,-7.297020793963958],[112.7544255139081,-7.297804096083764],[112.75520881602792,-7.299113404896133],[112.75391794818474,-7.300110095373689]]]],"type":"MultiPolygon"},"properties":{"Kelas":"Cukup Rendah"}},{"type":"Feature","geometry":{"coordinates":[[[[112.77549915098336,-7.300110095373689],[112.7734320061515,-7.299745666696873],[112.77501090437056,-7.298968511566796],[112.77549915098336,-7.300110095373689]]]],"type":"MultiPolygon"},"properties":{"Kelas":"Sedang"}},{"type":"Feature","geometry":{"coordinates":[[[[112.78359210203284,-7.300110095373689],[112.78269288524956,-7.300110095373689],[112.78269288524956,-7.297412445023861],[112.78359210203284,-7.297412445023861],[112.78359210203284,-7.300110095373689]]]],"type":"MultiPolygon"},"properties":{"Kelas":"Cukup Tinggi"}},{"type":"Feature","geometry":{"coordinates":[[[[112.80247565448164,-7.300110095373689],[112.80247565448164,-7.299210878590413],[112.80337487126491,-7.299210878590413],[112.80337487126491,-7.300110095373689],[112.80247565448164,-7.300110095373689]]]],"type":"MultiPolygon"},"properties":{"Kelas":"Sangat Rendah"}},{"type":"Feature","geometry":{"coordinates":[[[[112.63881819992542,-7.301009312156964],[112.63791898314214,-7.301009312156964],[112.6361205495756,-7.301009312156964],[112.6361205495756,-7.300110095373689],[112.63818769440746,-7.299732494576023],[112.63701976635886,-7.299210878590413],[112.63701976635886,-7.298311661807137],[112.63791898314214,-7.298311661807137],[112.63881819992542,-7.298311661807137],[112.63948909994733,-7.299660486982051],[112.63881819992542,-7.301009312156964]]]],"type":"MultiPolygon"},"properties":{"Kelas":"Cukup Rendah"}},{"type":"Feature","geometry":{"coordinates":[[[[112.65950018594077,-7.301009312156964],[112.65741020943275,-7.300559703765327],[112.65950018594077,-7.300110095373689],[112.65950018594077,-7.301009312156964]]]],"type":"MultiPolygon"},"properties":{"Kelas":"Cukup Rendah"}},{"type":"Feature","geometry":{"coordinates":[[[[112.66399626985715,-7.301009312156964],[112.6621978362906,-7.301009312156964],[112.6621978362906,-7.300110095373689],[112.66399626985715,-7.300110095373689],[112.66399626985715,-7.301009312156964]]]],"type":"MultiPolygon"},"properties":{"Kelas":"Cukup Rendah"}},{"type":"Feature","geometry":{"coordinates":[[[[112.66399626985715,-7.301009312156964],[112.66399626985715,-7.300110095373689],[112.66399626985715,-7.298311661807137],[112.66610380919295,-7.299660486982051],[112.66399626985715,-7.301009312156964]]]],"type":"MultiPolygon"},"properties":{"Kelas":"Sedang"}},{"type":"Feature","geometry":{"coordinates":[[[[112.6882751230056,-7.301009312156964],[112.68712300150202,-7.300559703765327],[112.6882751230056,-7.300110095373689],[112.6882751230056,-7.301009312156964]]]],"type":"MultiPolygon"},"properties":{"Kelas":"Cukup Rendah"}},{"type":"Feature","geometry":{"coordinates":[[[[112.70266259153802,-7.301009312156964],[112.6995890966733,-7.300512284130271],[112.70052343911217,-7.297125292789358],[112.70266259153802,-7.300110095373689],[112.70266259153802,-7.301009312156964]]]],"type":"MultiPolygon"},"properties":{"Kelas":"Sangat Rendah"}},{"type":"Feature","geometry":{"coordinates":[[[[112.70356180832128,-7.301009312156964],[112.70266259153802,-7.301009312156964],[112.70266259153802,-7.300110095373689],[112.70356180832128,-7.300110095373689],[112.70356180832128,-7.301009312156964]]]],"type":"MultiPolygon"},"properties":{"Kelas":"Cukup Rendah"}},{"type":"Feature","geometry":{"coordinates":[[[[112.70625945867111,-7.301009312156964],[112.70536024188783,-7.301009312156964],[112.70536024188783,-7.300110095373689],[112.70588185787345,-7.298942167325098],[112.70625945867111,-7.301009312156964]]]],"type":"MultiPolygon"},"properties":{"Kelas":"Cukup Rendah"}},{"type":"Feature","geometry":{"coordinates":[[[[112.72514301111991,-7.292017144324205],[112.72694144468646,-7.292017144324205],[112.72873987825301,-7.292017144324205],[112.72873987825301,-7.291117927540929],[112.73053831181957,-7.290223979605994],[112.7323367453861,-7.291117927540929],[112.7323367453861,-7.292017144324205],[112.72980242933481,-7.292336787790136],[112.73053831181957,-7.293815577890758],[112.73157978750801,-7.294561998072188],[112.72906303428451,-7.297855028284379],[112.73065422648304,-7.300359487528425],[112.72756141250774,-7.300970673935808],[112.72721366851734,-7.299210878590413],[112.7281831366118,-7.294307337069112],[112.72514301111991,-7.293815577890758],[112.72514301111991,-7.292017144324205]],[[112.72853263688499,-7.294247623454597],[112.7293774089021,-7.29593277678185],[112.73053831181957,-7.293815577890758],[112.72853263688499,-7.294247623454597]]]],"type":"MultiPolygon"},"properties":{"Kelas":"Sedang"}},{"type":"Feature","geometry":{"coordinates":[[[[112.75211951461819,-7.301009312156964],[112.75140470752679,-7.299572672843059],[112.75211951461819,-7.299210878590413],[112.75391794818474,-7.299210878590413],[112.75391794818474,-7.300110095373689],[112.75211951461819,-7.301009312156964]]]],"type":"MultiPolygon"},"properties":{"Kelas":"Sangat Rendah"}},{"type":"Feature","geometry":{"coordinates":[[[[112.75661559853457,-7.301009312156964],[112.75624853543357,-7.297779508124847],[112.75571638175128,-7.295614011457308],[112.75626434197859,-7.295262754901342],[112.75696685509052,-7.294166834446724],[112.75896199232842,-7.29346432133479],[112.76155075314591,-7.291692232009936],[112.7629101160175,-7.293815577890758],[112.75905507531576,-7.294470671367636],[112.76021246566766,-7.297412445023861],[112.7593132488844,-7.297412445023861],[112.7593132488844,-7.300110095373689],[112.75781689595597,-7.30041217601182],[112.75661559853457,-7.301009312156964]]]],"type":"MultiPolygon"},"properties":{"Kelas":"Cukup Rendah"}},{"type":"Feature","geometry":{"coordinates":[[[[112.7629101160175,-7.301009312156964],[112.7632754228357,-7.298941289183707],[112.76405169982439,-7.300521065544171],[112.7629101160175,-7.301009312156964]]]],"type":"MultiPolygon"},"properties":{"Kelas":"Sedang"}},{"type":"Feature","geometry":{"coordinates":[[[[112.78269288524956,-7.301009312156964],[112.78149861295928,-7.300405150880701],[112.78089445168301,-7.299210878590413],[112.78179366846629,-7.299210878590413],[112.78179366846629,-7.297412445023861],[112.78269288524956,-7.297412445023861],[112.78269288524956,-7.300110095373689],[112.78269288524956,-7.301009312156964]]]],"type":"MultiPolygon"},"properties":{"Kelas":"Tinggi"}},{"type":"Feature","geometry":{"coordinates":[[[[112.80247565448164,-7.301009312156964],[112.80157643769836,-7.301009312156964],[112.80157643769836,-7.300110095373689],[112.80247565448164,-7.300110095373689],[112.80247565448164,-7.301009312156964]]]],"type":"MultiPolygon"},"properties":{"Kelas":"Sedang"}},{"type":"Feature","geometry":{"coordinates":[[[[112.80247565448164,-7.300110095373689],[112.80157643769836,-7.300110095373689],[112.80067722091508,-7.300110095373689],[112.80067722091508,-7.299210878590413],[112.80067722091508,-7.297412445023861],[112.80067722091508,-7.296513228240585],[112.80193120681989,-7.295614011457308],[112.80067722091508,-7.294714794674034],[112.80067722091508,-7.293815577890758],[112.79977800413181,-7.293815577890758],[112.79944957925198,-7.29218574747107],[112.79797957056526,-7.292916361107482],[112.79708035378198,-7.292916361107482],[112.7967045092671,-7.291493772055814],[112.79218032482623,-7.29058665200003],[112.79168505308232,-7.287521060407826],[112.7925842698656,-7.287521060407826],[112.7929513329666,-7.288053214090116],[112.79581407389772,-7.288787340292087],[112.79856265644815,-7.28994209621983],[112.80120937459738,-7.288952430873392],[112.80241594086712,-7.287204929507455],[112.8037419343659,-7.290750864439945],[112.80517330483147,-7.291117927540929],[112.80517330483147,-7.292017144324205],[112.80697173839802,-7.292017144324205],[112.80787095518129,-7.292017144324205],[112.80950078560097,-7.292346447345425],[112.80877017196457,-7.293815577890758],[112.80787095518129,-7.293815577890758],[112.80787095518129,-7.294714794674034],[112.80697173839802,-7.294714794674034],[112.80697173839802,-7.297412445023861],[112.80517330483147,-7.297412445023861],[112.80517330483147,-7.301009312156964],[112.80247565448164,-7.301009312156964],[112.80247565448164,-7.300110095373689]],[[112.80337487126491,-7.300110095373689],[112.80337487126491,-7.299210878590413],[112.80337487126491,-7.297412445023861],[112.80292526287327,-7.296260323520288],[112.80247565448164,-7.297412445023861],[112.80157643769836,-7.297412445023861],[112.80157643769836,-7.298311661807137],[112.80157643769836,-7.299210878590413],[112.80247565448164,-7.299210878590413],[112.80247565448164,-7.300110095373689],[112.80337487126491,-7.300110095373689]]]],"type":"MultiPolygon"},"properties":{"Kelas":"Cukup Rendah"}},{"type":"Feature","geometry":{"coordinates":[[[[112.66399626985715,-7.30190852894024],[112.6621978362906,-7.30190852894024],[112.6621978362906,-7.301009312156964],[112.66399626985715,-7.301009312156964],[112.66399626985715,-7.30190852894024]]]],"type":"MultiPolygon"},"properties":{"Kelas":"Sedang"}},{"type":"Feature","geometry":{"coordinates":[[[[112.69277120692198,-7.30190852894024],[112.69187199013871,-7.30190852894024],[112.69187199013871,-7.301009312156964],[112.69277120692198,-7.301009312156964],[112.69277120692198,-7.30190852894024]]]],"type":"MultiPolygon"},"properties":{"Kelas":"Sedang"}},{"type":"Feature","geometry":{"coordinates":[[[[112.77999523489973,-7.30190852894024],[112.77782446938386,-7.301221822373325],[112.77999523489973,-7.299210878590413],[112.77999523489973,-7.30190852894024]]]],"type":"MultiPolygon"},"properties":{"Kelas":"Sedang"}},{"type":"Feature","geometry":{"coordinates":[[[[112.78269288524956,-7.30190852894024],[112.78269288524956,-7.301009312156964],[112.78269288524956,-7.300110095373689],[112.78359210203284,-7.300110095373689],[112.78359210203284,-7.30190852894024],[112.78269288524956,-7.30190852894024]]]],"type":"MultiPolygon"},"properties":{"Kelas":"Sedang"}},{"type":"Feature","geometry":{"coordinates":[[[[112.7925842698656,-7.30190852894024],[112.78925611399781,-7.301638939533536],[112.78871869146718,-7.299614823629774],[112.79194673921651,-7.29880868983383],[112.79015533078109,-7.298042072400433],[112.78988661951577,-7.294714794674034],[112.79168505308232,-7.294714794674034],[112.79168505308232,-7.297412445023861],[112.79348348664888,-7.297412445023861],[112.79528192021543,-7.297412445023861],[112.79601253385184,-7.298881575569194],[112.79288635050374,-7.299512959228544],[112.7925842698656,-7.30190852894024]]]],"type":"MultiPolygon"},"properties":{"Kelas":"Sedang"}},{"type":"Feature","geometry":{"coordinates":[[[[112.79438270343215,-7.30190852894024],[112.7925842698656,-7.30190852894024],[112.79288635050374,-7.299512959228544],[112.79601253385184,-7.298881575569194],[112.79528192021543,-7.297412445023861],[112.79738243442011,-7.297836587315192],[112.79677827314384,-7.299808014735557],[112.79365208979574,-7.300439398394907],[112.79438270343215,-7.30190852894024]]]],"type":"MultiPolygon"},"properties":{"Kelas":"Cukup Tinggi"}},{"type":"Feature","geometry":{"coordinates":[[[[112.80247565448164,-7.30190852894024],[112.80157643769836,-7.30190852894024],[112.80157643769836,-7.301009312156964],[112.80247565448164,-7.301009312156964],[112.80247565448164,-7.30190852894024]]]],"type":"MultiPolygon"},"properties":{"Kelas":"Cukup Tinggi"}},{"type":"Feature","geometry":{"coordinates":[[[[112.81056860553112,-7.30190852894024],[112.8094726850765,-7.30160030131238],[112.81026125604464,-7.300812608485623],[112.81056860553112,-7.30190852894024]]]],"type":"MultiPolygon"},"properties":{"Kelas":"Tinggi"}},{"type":"Feature","geometry":{"coordinates":[[[[112.81686312301404,-7.30190852894024],[112.81474680226435,-7.30074850416416],[112.8164310774502,-7.299901975864278],[112.81686312301404,-7.30190852894024]]]],"type":"MultiPolygon"},"properties":{"Kelas":"Tinggi"}},{"type":"Feature","geometry":{"coordinates":[[[[112.6361205495756,-7.302807745723516],[112.63522133279233,-7.302807745723516],[112.63522133279233,-7.30190852894024],[112.6361205495756,-7.30190852894024],[112.6361205495756,-7.302807745723516]]]],"type":"MultiPolygon"},"properties":{"Kelas":"Cukup Rendah"}},{"type":"Feature","geometry":{"coordinates":[[[[112.6361205495756,-7.302807745723516],[112.6361205495756,-7.30190852894024],[112.6361205495756,-7.301009312156964],[112.63791898314214,-7.301009312156964],[112.63731482186589,-7.302203584447254],[112.6361205495756,-7.302807745723516]]]],"type":"MultiPolygon"},"properties":{"Kelas":"Sedang"}},{"type":"Feature","geometry":{"coordinates":[[[[112.66399626985715,-7.30190852894024],[112.66509219031177,-7.302216756568102],[112.66430361934361,-7.303004449394859],[112.66399626985715,-7.30190852894024]]]],"type":"MultiPolygon"},"properties":{"Kelas":"Tinggi"}},{"type":"Feature","geometry":{"coordinates":[[[[112.6882751230056,-7.302807745723516],[112.68737590622231,-7.302807745723516],[112.68737590622231,-7.30190852894024],[112.6882751230056,-7.30190852894024],[112.6882751230056,-7.302807745723516]]]],"type":"MultiPolygon"},"properties":{"Kelas":"Sangat Rendah"}},{"type":"Feature","geometry":{"coordinates":[[[[112.68917433978888,-7.302807745723516],[112.6882751230056,-7.302807745723516],[112.6882751230056,-7.30190852894024],[112.6882751230056,-7.301009312156964],[112.6882751230056,-7.300110095373689],[112.6882751230056,-7.299210878590413],[112.68917433978888,-7.299210878590413],[112.68917433978888,-7.302807745723516]]]],"type":"MultiPolygon"},"properties":{"Kelas":"Sedang"}},{"type":"Feature","geometry":{"coordinates":[[[[112.69097277335543,-7.302807745723516],[112.69007355657214,-7.302807745723516],[112.69052316496379,-7.300717769215511],[112.69097277335543,-7.302807745723516]]]],"type":"MultiPolygon"},"properties":{"Kelas":"Tinggi"}},{"type":"Feature","geometry":{"coordinates":[[[[112.6954688572718,-7.302807745723516],[112.69456964048852,-7.302807745723516],[112.69501924888016,-7.301655624219944],[112.6954688572718,-7.302807745723516]]]],"type":"MultiPolygon"},"properties":{"Kelas":"Sangat Rendah"}},{"type":"Feature","geometry":{"coordinates":[[[[112.71974771042025,-7.302807745723516],[112.71922258186908,-7.302402922542765],[112.71974771042025,-7.299210878590413],[112.72037294708987,-7.299527009490783],[112.72153385000735,-7.30190413823329],[112.71974771042025,-7.302807745723516]]]],"type":"MultiPolygon"},"properties":{"Kelas":"Cukup Rendah"}},{"type":"Feature","geometry":{"coordinates":[[[[112.73323596216939,-7.302807745723516],[112.7323367453861,-7.302807745723516],[112.7323367453861,-7.30190852894024],[112.73323596216939,-7.30190852894024],[112.73323596216939,-7.302807745723516]]]],"type":"MultiPolygon"},"properties":{"Kelas":"Sedang"}},{"type":"Feature","geometry":{"coordinates":[[[[112.75301873140145,-7.302807745723516],[112.75211951461819,-7.301009312156964],[112.75391794818474,-7.300110095373689],[112.75391794818474,-7.302807745723516],[112.75301873140145,-7.302807745723516]]]],"type":"MultiPolygon"},"properties":{"Kelas":"Cukup Rendah"}},{"type":"Feature","geometry":{"coordinates":[[[[112.78269288524956,-7.302807745723516],[112.78119653232115,-7.302505665085384],[112.77999523489973,-7.30190852894024],[112.77999523489973,-7.299210878590413],[112.78089445168301,-7.299210878590413],[112.78149861295928,-7.300405150880701],[112.78269288524956,-7.301009312156964],[112.78269288524956,-7.30190852894024],[112.78269288524956,-7.302807745723516]]]],"type":"MultiPolygon"},"properties":{"Kelas":"Cukup Tinggi"}},{"type":"Feature","geometry":{"coordinates":[[[[112.78269288524956,-7.295614011457308],[112.78269288524956,-7.294714794674034],[112.78357980805339,-7.291256673880536],[112.7867393607743,-7.292583545520703],[112.78808818594922,-7.292017144324205],[112.78873801057776,-7.295975805709956],[112.78672706679485,-7.30319939678342],[112.7848935075727,-7.301679334037471],[112.78449131881612,-7.295614011457308],[112.78269288524956,-7.295614011457308]],[[112.78756130111528,-7.294665618756198],[112.78517802538303,-7.293391435599426],[112.78449131881612,-7.295614011457308],[112.78756130111528,-7.294665618756198]]]],"type":"MultiPolygon"},"properties":{"Kelas":"Sangat Rendah"}},{"type":"Feature","geometry":{"coordinates":[[[[112.80157643769836,-7.301009312156964],[112.80157643769836,-7.30190852894024],[112.80247565448164,-7.30190852894024],[112.80167478953403,-7.303159002279484],[112.80039270310475,-7.301767148176463],[112.80157643769836,-7.301009312156964]]]],"type":"MultiPolygon"},"properties":{"Kelas":"Tinggi"}},{"type":"Feature","geometry":{"coordinates":[[[[112.63522133279233,-7.303706962506793],[112.63406921128875,-7.303257354115154],[112.63522133279233,-7.302807745723516],[112.63522133279233,-7.303706962506793]]]],"type":"MultiPolygon"},"properties":{"Kelas":"Cukup Rendah"}},{"type":"Feature","geometry":{"coordinates":[[[[112.63971741670869,-7.303706962506793],[112.63881819992542,-7.303706962506793],[112.63881819992542,-7.302807745723516],[112.63971741670869,-7.302807745723516],[112.63971741670869,-7.303706962506793]]]],"type":"MultiPolygon"},"properties":{"Kelas":"Sedang"}},{"type":"Feature","geometry":{"coordinates":[[[[112.68737590622231,-7.302807745723516],[112.68706855673585,-7.303903666178133],[112.6862799857677,-7.303115973351378],[112.68737590622231,-7.302807745723516]]]],"type":"MultiPolygon"},"properties":{"Kelas":"Sangat Rendah"}},{"type":"Feature","geometry":{"coordinates":[[[[112.68917433978888,-7.303706962506793],[112.6882751230056,-7.303706962506793],[112.6882751230056,-7.302807745723516],[112.68917433978888,-7.302807745723516],[112.68917433978888,-7.303706962506793]]]],"type":"MultiPolygon"},"properties":{"Kelas":"Cukup Rendah"}},{"type":"Feature","geometry":{"coordinates":[[[[112.69097277335543,-7.302807745723516],[112.69206869381004,-7.303115973351378],[112.6912801228419,-7.303903666178133],[112.69097277335543,-7.302807745723516]]]],"type":"MultiPolygon"},"properties":{"Kelas":"Tinggi"}},{"type":"Feature","geometry":{"coordinates":[[[[112.71435240972059,-7.303706962506793],[112.71345319293732,-7.303706962506793],[112.71384835656278,-7.30138427853046],[112.71480201811224,-7.301525659294237],[112.71830228969245,-7.301008434015575],[112.71435240972059,-7.303706962506793]]]],"type":"MultiPolygon"},"properties":{"Kelas":"Cukup Rendah"}},{"type":"Feature","geometry":{"coordinates":[[[[112.7323367453861,-7.303706962506793],[112.72963909503629,-7.303706962506793],[112.72963909503629,-7.302807745723516],[112.7323367453861,-7.302807745723516],[112.7323367453861,-7.303706962506793]]]],"type":"MultiPolygon"},"properties":{"Kelas":"Sedang"}},{"type":"Feature","geometry":{"coordinates":[[[[112.73323596216939,-7.303706962506793],[112.7323367453861,-7.303706962506793],[112.7323367453861,-7.302807745723516],[112.73323596216939,-7.302807745723516],[112.73323596216939,-7.303706962506793]]]],"type":"MultiPolygon"},"properties":{"Kelas":"Cukup Rendah"}},{"type":"Feature","geometry":{"coordinates":[[[[112.75661559853457,-7.303706962506793],[112.75571638175128,-7.303706962506793],[112.75571638175128,-7.302807745723516],[112.75571638175128,-7.301009312156964],[112.75661559853457,-7.301009312156964],[112.75661559853457,-7.303706962506793]]]],"type":"MultiPolygon"},"properties":{"Kelas":"Cukup Rendah"}},{"type":"Feature","geometry":{"coordinates":[[[[112.79438270343215,-7.303706962506793],[112.7925842698656,-7.303706962506793],[112.7925842698656,-7.30190852894024],[112.79438270343215,-7.30190852894024],[112.79438270343215,-7.303706962506793]]]],"type":"MultiPolygon"},"properties":{"Kelas":"Sedang"}},{"type":"Feature","geometry":{"coordinates":[[[[112.80247565448164,-7.30190852894024],[112.80247565448164,-7.301009312156964],[112.80517330483147,-7.301009312156964],[112.80517330483147,-7.297412445023861],[112.80697173839802,-7.297412445023861],[112.80697173839802,-7.294714794674034],[112.80787095518129,-7.294714794674034],[112.80751969862533,-7.298042950541822],[112.80570018966542,-7.303452301503716],[112.80247565448164,-7.30190852894024]]]],"type":"MultiPolygon"},"properties":{"Kelas":"Sedang"}},{"type":"Feature","geometry":{"coordinates":[[[[112.63701976635886,-7.304606179290069],[112.6361205495756,-7.304606179290069],[112.6361205495756,-7.302807745723516],[112.63731482186589,-7.302203584447254],[112.63791898314214,-7.301009312156964],[112.63881819992542,-7.301009312156964],[112.63971741670869,-7.301009312156964],[112.63971741670869,-7.302807745723516],[112.63881819992542,-7.302807745723516],[112.63881819992542,-7.303706962506793],[112.63701976635886,-7.303706962506793],[112.63701976635886,-7.304606179290069]]]],"type":"MultiPolygon"},"properties":{"Kelas":"Cukup Tinggi"}},{"type":"Feature","geometry":{"coordinates":[[[[112.63881819992542,-7.304606179290069],[112.63701976635886,-7.304606179290069],[112.63701976635886,-7.303706962506793],[112.63881819992542,-7.303706962506793],[112.63881819992542,-7.304606179290069]]]],"type":"MultiPolygon"},"properties":{"Kelas":"Sedang"}},{"type":"Feature","geometry":{"coordinates":[[[[112.63971741670869,-7.304606179290069],[112.63881819992542,-7.304606179290069],[112.63881819992542,-7.303706962506793],[112.63971741670869,-7.303706962506793],[112.63971741670869,-7.304606179290069]]]],"type":"MultiPolygon"},"properties":{"Kelas":"Cukup Rendah"}},{"type":"Feature","geometry":{"coordinates":[[[[112.68018217195612,-7.304606179290069],[112.67928295517284,-7.304606179290069],[112.67973256356447,-7.303454057786496],[112.68018217195612,-7.304606179290069]]]],"type":"MultiPolygon"},"properties":{"Kelas":"Sangat Rendah"}},{"type":"Feature","geometry":{"coordinates":[[[[112.69007355657214,-7.304606179290069],[112.68917433978888,-7.304606179290069],[112.68917433978888,-7.303706962506793],[112.68917433978888,-7.302807745723516],[112.69007355657214,-7.302807745723516],[112.69007355657214,-7.304606179290069]]]],"type":"MultiPolygon"},"properties":{"Kelas":"Sedang"}},{"type":"Feature","geometry":{"coordinates":[[[[112.69996494118818,-7.303706962506793],[112.69965759170171,-7.304802882961409],[112.69886902073357,-7.304015190134654],[112.69996494118818,-7.303706962506793]]]],"type":"MultiPolygon"},"properties":{"Kelas":"Sedang"}},{"type":"Feature","geometry":{"coordinates":[[[[112.71345319293732,-7.304606179290069],[112.71075554258749,-7.304606179290069],[112.71075554258749,-7.303706962506793],[112.71129823396646,-7.302635630011093],[112.71345319293732,-7.303706962506793],[112.71345319293732,-7.304606179290069]]]],"type":"MultiPolygon"},"properties":{"Kelas":"Cukup Rendah"}},{"type":"Feature","geometry":{"coordinates":[[[[112.71435240972059,-7.304606179290069],[112.71345319293732,-7.304606179290069],[112.71345319293732,-7.303706962506793],[112.71435240972059,-7.303706962506793],[112.71435240972059,-7.304606179290069]]]],"type":"MultiPolygon"},"properties":{"Kelas":"Sedang"}},{"type":"Feature","geometry":{"coordinates":[[[[112.75211951461819,-7.304606179290069],[112.75096739311462,-7.30415657089843],[112.75211951461819,-7.303706962506793],[112.75211951461819,-7.304606179290069]]]],"type":"MultiPolygon"},"properties":{"Kelas":"Cukup Tinggi"}},{"type":"Feature","geometry":{"coordinates":[[[[112.75211951461819,-7.304606179290069],[112.75211951461819,-7.303706962506793],[112.75301873140145,-7.303706962506793],[112.75301873140145,-7.304606179290069],[112.75211951461819,-7.304606179290069]]]],"type":"MultiPolygon"},"properties":{"Kelas":"Sedang"}},{"type":"Feature","geometry":{"coordinates":[[[[112.75841403210111,-7.304606179290069],[112.75661559853457,-7.303706962506793],[112.75661559853457,-7.301009312156964],[112.75781689595597,-7.30041217601182],[112.7593132488844,-7.300110095373689],[112.7593132488844,-7.301009312156964],[112.75841403210111,-7.304606179290069]]]],"type":"MultiPolygon"},"properties":{"Kelas":"Sangat Rendah"}},{"type":"Feature","geometry":{"coordinates":[[[[112.75841403210111,-7.304606179290069],[112.7593132488844,-7.301009312156964],[112.76021246566766,-7.301009312156964],[112.76021246566766,-7.304606179290069],[112.75841403210111,-7.304606179290069]]]],"type":"MultiPolygon"},"properties":{"Kelas":"Cukup Rendah"}},{"type":"Feature","geometry":{"coordinates":[[[[112.79618113699871,-7.304606179290069],[112.79438270343215,-7.303706962506793],[112.79438270343215,-7.30190852894024],[112.79586676238111,-7.30117089017271],[112.79618113699871,-7.304606179290069]]]],"type":"MultiPolygon"},"properties":{"Kelas":"Cukup Tinggi"}},{"type":"Feature","geometry":{"coordinates":[[[[112.79887878734853,-7.304606179290069],[112.79618113699871,-7.304606179290069],[112.79586676238111,-7.30117089017271],[112.79438270343215,-7.30190852894024],[112.79365208979574,-7.300439398394907],[112.79677827314384,-7.299808014735557],[112.79738243442011,-7.297836587315192],[112.79528192021543,-7.297412445023861],[112.79348348664888,-7.297412445023861],[112.79281258662698,-7.296063619848947],[112.79348348664888,-7.294714794674034],[112.79581407389772,-7.294347731573048],[112.79797957056526,-7.293815577890758],[112.79941094103083,-7.295981074558295],[112.79977800413181,-7.297412445023861],[112.79899118944644,-7.298019240724294],[112.79977800413181,-7.302807745723516],[112.79887878734853,-7.302807745723516],[112.79887878734853,-7.304606179290069]]]],"type":"MultiPolygon"},"properties":{"Kelas":"Tinggi"}},{"type":"Feature","geometry":{"coordinates":[[[[112.83844432581267,-7.303706962506793],[112.8381369763262,-7.304802882961409],[112.83734840535806,-7.304015190134654],[112.83844432581267,-7.303706962506793]]]],"type":"MultiPolygon"},"properties":{"Kelas":"Cukup Rendah"}},{"type":"Feature","geometry":{"coordinates":[[[[112.62892681530938,-7.304962180378687],[112.62892681530938,-7.304606179290069],[112.62982603209267,-7.304606179290069],[112.62982603209267,-7.305505396073345],[112.62897804312082,-7.305505396073345],[112.62892681530938,-7.304962180378687]]]],"type":"MultiPolygon"},"properties":{"Kelas":"Sangat Rendah"}},{"type":"Feature","geometry":{"coordinates":[[[[112.63881819992542,-7.304606179290069],[112.63971741670869,-7.304606179290069],[112.63926780831706,-7.30575830079364],[112.63881819992542,-7.304606179290069]]]],"type":"MultiPolygon"},"properties":{"Kelas":"Sangat Rendah"}},{"type":"Feature","geometry":{"coordinates":[[[[112.66669392020697,-7.304606179290069],[112.66759313699025,-7.304606179290069],[112.66714352859861,-7.30575830079364],[112.66669392020697,-7.304606179290069]]]],"type":"MultiPolygon"},"properties":{"Kelas":"Cukup Tinggi"}},{"type":"Feature","geometry":{"coordinates":[[[[112.67748452160629,-7.305505396073345],[112.67633240010271,-7.305055787681706],[112.67748452160629,-7.304606179290069],[112.67748452160629,-7.305505396073345]]]],"type":"MultiPolygon"},"properties":{"Kelas":"Sangat Rendah"}},{"type":"Feature","geometry":{"coordinates":[[[[112.69007355657214,-7.305505396073345],[112.68917433978888,-7.305505396073345],[112.68917433978888,-7.304606179290069],[112.69007355657214,-7.304606179290069],[112.69007355657214,-7.305505396073345]]]],"type":"MultiPolygon"},"properties":{"Kelas":"Cukup Rendah"}},{"type":"Feature","geometry":{"coordinates":[[[[112.69097277335543,-7.305505396073345],[112.69007355657214,-7.305505396073345],[112.69007355657214,-7.304606179290069],[112.69097277335543,-7.304606179290069],[112.69097277335543,-7.305505396073345]]]],"type":"MultiPolygon"},"properties":{"Kelas":"Sedang"}},{"type":"Feature","geometry":{"coordinates":[[[[112.69097277335543,-7.305505396073345],[112.69097277335543,-7.304606179290069],[112.69007355657214,-7.304606179290069],[112.69007355657214,-7.302807745723516],[112.68917433978888,-7.302807745723516],[112.68917433978888,-7.299210878590413],[112.68917433978888,-7.298311661807137],[112.68917433978888,-7.297412445023861],[112.69007355657214,-7.295614011457308],[112.69097277335543,-7.295614011457308],[112.69097277335543,-7.298311661807137],[112.69156990950057,-7.299512959228544],[112.69187199013871,-7.301009312156964],[112.69187199013871,-7.30190852894024],[112.69277120692198,-7.30190852894024],[112.69277120692198,-7.305505396073345],[112.69097277335543,-7.305505396073345]],[[112.69097277335543,-7.302807745723516],[112.69052316496379,-7.300717769215511],[112.69007355657214,-7.302807745723516],[112.69097277335543,-7.302807745723516]],[[112.6912801228419,-7.303903666178133],[112.69206869381004,-7.303115973351378],[112.69097277335543,-7.302807745723516],[112.6912801228419,-7.303903666178133]]]],"type":"MultiPolygon"},"properties":{"Kelas":"Cukup Tinggi"}},{"type":"Feature","geometry":{"coordinates":[[[[112.69367042370526,-7.305505396073345],[112.69277120692198,-7.305505396073345],[112.69277120692198,-7.30190852894024],[112.69367042370526,-7.30190852894024],[112.69367042370526,-7.302807745723516],[112.69367042370526,-7.305505396073345]]]],"type":"MultiPolygon"},"properties":{"Kelas":"Sedang"}},{"type":"Feature","geometry":{"coordinates":[[[[112.69367042370526,-7.305505396073345],[112.69367042370526,-7.302807745723516],[112.69456964048852,-7.302807745723516],[112.6954688572718,-7.302807745723516],[112.69506666851522,-7.30479937039585],[112.69367042370526,-7.305505396073345]]]],"type":"MultiPolygon"},"properties":{"Kelas":"Cukup Rendah"}},{"type":"Feature","geometry":{"coordinates":[[[[112.72963909503629,-7.305505396073345],[112.72963909503629,-7.303706962506793],[112.7323367453861,-7.303706962506793],[112.73203466474799,-7.304304098651937],[112.72963909503629,-7.305505396073345]]]],"type":"MultiPolygon"},"properties":{"Kelas":"Cukup Rendah"}},{"type":"Feature","geometry":{"coordinates":[[[[112.75661559853457,-7.305505396073345],[112.75481716496802,-7.305505396073345],[112.75391794818474,-7.305505396073345],[112.75391794818474,-7.303706962506793],[112.75301873140145,-7.303706962506793],[112.75301873140145,-7.302807745723516],[112.75391794818474,-7.302807745723516],[112.75391794818474,-7.300110095373689],[112.75520881602792,-7.299113404896133],[112.7544255139081,-7.297804096083764],[112.75251116567809,-7.297020793963958],[112.75172786355829,-7.296005662517212],[112.75000495015126,-7.294676156452876],[112.75571638175128,-7.295614011457308],[112.75624853543357,-7.297779508124847],[112.75661559853457,-7.301009312156964],[112.75571638175128,-7.301009312156964],[112.75571638175128,-7.302807745723516],[112.75463978040725,-7.303230131732066],[112.75526501707687,-7.304859084010365],[112.75571638175128,-7.303706962506793],[112.75661559853457,-7.303706962506793],[112.75661559853457,-7.305505396073345]]]],"type":"MultiPolygon"},"properties":{"Kelas":"Sedang"}},{"type":"Feature","geometry":{"coordinates":[[[[112.76228312306509,-7.304830105344497],[112.7629101160175,-7.301009312156964],[112.76076393846054,-7.300458717505487],[112.76021246566766,-7.298311661807137],[112.76111168245095,-7.298311661807137],[112.76380933280078,-7.298311661807137],[112.76380933280078,-7.297412445023861],[112.76525826609414,-7.298531197154617],[112.76502468048442,-7.300110095373689],[112.76529514803252,-7.301935751323327],[112.76470854958404,-7.305505396073345],[112.76228312306509,-7.304830105344497]],[[112.76405169982439,-7.300521065544171],[112.7632754228357,-7.298941289183707],[112.7629101160175,-7.301009312156964],[112.76405169982439,-7.300521065544171]]]],"type":"MultiPolygon"},"properties":{"Kelas":"Cukup Tinggi"}},{"type":"Feature","geometry":{"coordinates":[[[[112.76560776636732,-7.305505396073345],[112.76470854958404,-7.305505396073345],[112.76529514803252,-7.301935751323327],[112.76502468048442,-7.300110095373689],[112.76525826609414,-7.298531197154617],[112.76380933280078,-7.297412445023861],[112.76468396162514,-7.2961461651396],[112.76687404625159,-7.297250867008117],[112.76613992004961,-7.303339899405806],[112.76560776636732,-7.305505396073345]]]],"type":"MultiPolygon"},"properties":{"Kelas":"Sedang"}},{"type":"Feature","geometry":{"coordinates":[[[[112.79618113699871,-7.304606179290069],[112.79887878734853,-7.304606179290069],[112.79887878734853,-7.305505396073345],[112.79618113699871,-7.305505396073345],[112.79618113699871,-7.304606179290069]]]],"type":"MultiPolygon"},"properties":{"Kelas":"Cukup Tinggi"}},{"type":"Feature","geometry":{"coordinates":[[[[112.80517330483147,-7.305505396073345],[112.80407738437685,-7.305197168445483],[112.804865955345,-7.304409475618726],[112.80517330483147,-7.305505396073345]]]],"type":"MultiPolygon"},"properties":{"Kelas":"Tinggi"}},{"type":"Feature","geometry":{"coordinates":[[[[112.84294040972905,-7.305505396073345],[112.84294040972905,-7.304606179290069],[112.84383962651233,-7.304606179290069],[112.84383962651233,-7.305505396073345],[112.84294040972905,-7.305505396073345]]]],"type":"MultiPolygon"},"properties":{"Kelas":"Cukup Tinggi"}},{"type":"Feature","geometry":{"coordinates":[[[[112.64151585027525,-7.306404612856619],[112.63971741670869,-7.306404612856619],[112.63881819992542,-7.306404612856619],[112.63791898314214,-7.306404612856619],[112.63701976635886,-7.306404612856619],[112.63701976635886,-7.304606179290069],[112.63881819992542,-7.304606179290069],[112.63926780831706,-7.30575830079364],[112.63971741670869,-7.304606179290069],[112.64241506705852,-7.304606179290069],[112.64151585027525,-7.306404612856619]]]],"type":"MultiPolygon"},"properties":{"Kelas":"Cukup Rendah"}},{"type":"Feature","geometry":{"coordinates":[[[[112.64511271740835,-7.306404612856619],[112.64151585027525,-7.306404612856619],[112.64241506705852,-7.304606179290069],[112.6433142838418,-7.304606179290069],[112.6433142838418,-7.305505396073345],[112.64511271740835,-7.305505396073345],[112.64511271740835,-7.306404612856619]]]],"type":"MultiPolygon"},"properties":{"Kelas":"Sedang"}},{"type":"Feature","geometry":{"coordinates":[[[[112.64870958454145,-7.306404612856619],[112.64601193419163,-7.306404612856619],[112.64511271740835,-7.306404612856619],[112.64511271740835,-7.305505396073345],[112.6433142838418,-7.305505396073345],[112.6433142838418,-7.304606179290069],[112.64771025963972,-7.305155895800157],[112.64870958454145,-7.306404612856619]]]],"type":"MultiPolygon"},"properties":{"Kelas":"Cukup Rendah"}},{"type":"Feature","geometry":{"coordinates":[[[[112.65860096915749,-7.306404612856619],[112.65770175237421,-7.306404612856619],[112.65770175237421,-7.305505396073345],[112.65860096915749,-7.305505396073345],[112.65860096915749,-7.306404612856619]]]],"type":"MultiPolygon"},"properties":{"Kelas":"Sedang"}},{"type":"Feature","geometry":{"coordinates":[[[[112.65860096915749,-7.306404612856619],[112.65860096915749,-7.305505396073345],[112.65950018594077,-7.305505396073345],[112.65950018594077,-7.303706962506793],[112.66039940272404,-7.303706962506793],[112.66039940272404,-7.306404612856619],[112.65860096915749,-7.306404612856619]]]],"type":"MultiPolygon"},"properties":{"Kelas":"Cukup Rendah"}},{"type":"Feature","geometry":{"coordinates":[[[[112.68108138873939,-7.306404612856619],[112.67838373838956,-7.306404612856619],[112.67748452160629,-7.306404612856619],[112.67748452160629,-7.305505396073345],[112.67748452160629,-7.304606179290069],[112.67928295517284,-7.304606179290069],[112.68018217195612,-7.304606179290069],[112.68108138873939,-7.304606179290069],[112.68108138873939,-7.306404612856619]]]],"type":"MultiPolygon"},"properties":{"Kelas":"Cukup Rendah"}},{"type":"Feature","geometry":{"coordinates":[[[[112.69007355657214,-7.306404612856619],[112.68917433978888,-7.306404612856619],[112.6880222182853,-7.305955004464982],[112.68917433978888,-7.305505396073345],[112.69007355657214,-7.305505396073345],[112.69007355657214,-7.306404612856619]]]],"type":"MultiPolygon"},"properties":{"Kelas":"Sangat Rendah"}},{"type":"Feature","geometry":{"coordinates":[[[[112.69007355657214,-7.306404612856619],[112.69007355657214,-7.305505396073345],[112.69097277335543,-7.305505396073345],[112.69097277335543,-7.306404612856619],[112.69007355657214,-7.306404612856619]]]],"type":"MultiPolygon"},"properties":{"Kelas":"Cukup Rendah"}},{"type":"Feature","geometry":{"coordinates":[[[[112.71525162650387,-7.306404612856619],[112.71345319293732,-7.306404612856619],[112.71345319293732,-7.304606179290069],[112.71435240972059,-7.304606179290069],[112.71525162650387,-7.304606179290069],[112.71525162650387,-7.306404612856619]]]],"type":"MultiPolygon"},"properties":{"Kelas":"Cukup Rendah"}},{"type":"Feature","geometry":{"coordinates":[[[[112.76560776636732,-7.306404612856619],[112.76470854958404,-7.306404612856619],[112.76470854958404,-7.305505396073345],[112.76560776636732,-7.305505396073345],[112.76560776636732,-7.306404612856619]]]],"type":"MultiPolygon"},"properties":{"Kelas":"Cukup Rendah"}},{"type":"Feature","geometry":{"coordinates":[[[[112.76830541671715,-7.306404612856619],[112.76560776636732,-7.306404612856619],[112.76560776636732,-7.305505396073345],[112.76739917480276,-7.304614960703967],[112.76830541671715,-7.306404612856619]]]],"type":"MultiPolygon"},"properties":{"Kelas":"Sangat Rendah"}},{"type":"Feature","geometry":{"coordinates":[[[[112.78269288524956,-7.302807745723516],[112.78269288524956,-7.30190852894024],[112.78359210203284,-7.30190852894024],[112.78359210203284,-7.300110095373689],[112.78359210203284,-7.297412445023861],[112.78359210203284,-7.296513228240585],[112.78269288524956,-7.296513228240585],[112.78269288524956,-7.295614011457308],[112.78449131881612,-7.295614011457308],[112.7848935075727,-7.301679334037471],[112.78672706679485,-7.30319939678342],[112.78873801057776,-7.295975805709956],[112.78808818594922,-7.292017144324205],[112.7889874027325,-7.292017144324205],[112.7889874027325,-7.292916361107482],[112.7889874027325,-7.293815577890758],[112.78988661951577,-7.293815577890758],[112.78988661951577,-7.294714794674034],[112.79015533078109,-7.298042072400433],[112.79194673921651,-7.29880868983383],[112.78871869146718,-7.299614823629774],[112.78925611399781,-7.301638939533536],[112.7925842698656,-7.30190852894024],[112.7925842698656,-7.303706962506793],[112.79438270343215,-7.303706962506793],[112.79388567540546,-7.306779579230115],[112.78858697025869,-7.304601788583119],[112.78315654390344,-7.305674877361598],[112.78269288524956,-7.302807745723516]]]],"type":"MultiPolygon"},"properties":{"Kelas":"Cukup Rendah"}},{"type":"Feature","geometry":{"coordinates":[[[[112.82135920693042,-7.306404612856619],[112.82185974752268,-7.305235806666639],[112.82340352008616,-7.306044574886753],[112.82135920693042,-7.306404612856619]]]],"type":"MultiPolygon"},"properties":{"Kelas":"Cukup Rendah"}},{"type":"Feature","geometry":{"coordinates":[[[[112.84294040972905,-7.306404612856619],[112.84204119294577,-7.306404612856619],[112.84204119294577,-7.305505396073345],[112.84294040972905,-7.305505396073345],[112.84294040972905,-7.306404612856619]]]],"type":"MultiPolygon"},"properties":{"Kelas":"Cukup Tinggi"}},{"type":"Feature","geometry":{"coordinates":[[[[112.62897804312082,-7.305505396073345],[112.62982603209267,-7.305505396073345],[112.62982603209267,-7.304606179290069],[112.63162446565921,-7.304606179290069],[112.63072524887593,-7.306404612856619],[112.62913727958085,-7.307193927006244],[112.62897804312082,-7.305505396073345]]]],"type":"MultiPolygon"},"properties":{"Kelas":"Cukup Rendah"}},{"type":"Feature","geometry":{"coordinates":[[[[112.63791898314214,-7.307303829639896],[112.6365122006355,-7.306912178579992],[112.63389709557632,-7.305883875012398],[112.63072524887593,-7.306404612856619],[112.63162446565921,-7.304606179290069],[112.63522133279233,-7.304606179290069],[112.63522133279233,-7.303706962506793],[112.63522133279233,-7.302807745723516],[112.6361205495756,-7.302807745723516],[112.6361205495756,-7.304606179290069],[112.63701976635886,-7.304606179290069],[112.63701976635886,-7.306404612856619],[112.63791898314214,-7.306404612856619],[112.63791898314214,-7.307303829639896]]]],"type":"MultiPolygon"},"properties":{"Kelas":"Sedang"}},{"type":"Feature","geometry":{"coordinates":[[[[112.63881819992542,-7.307303829639896],[112.63791898314214,-7.307303829639896],[112.63791898314214,-7.306404612856619],[112.63881819992542,-7.306404612856619],[112.63881819992542,-7.307303829639896]]]],"type":"MultiPolygon"},"properties":{"Kelas":"Cukup Tinggi"}},{"type":"Feature","geometry":{"coordinates":[[[[112.63881819992542,-7.307303829639896],[112.63881819992542,-7.306404612856619],[112.63971741670869,-7.306404612856619],[112.63971741670869,-7.307303829639896],[112.63881819992542,-7.307303829639896]]]],"type":"MultiPolygon"},"properties":{"Kelas":"Sedang"}},{"type":"Feature","geometry":{"coordinates":[[[[112.64960880132473,-7.307303829639896],[112.64601193419163,-7.307303829639896],[112.64601193419163,-7.306404612856619],[112.64870958454145,-7.306404612856619],[112.64960880132473,-7.306404612856619],[112.64960880132473,-7.307303829639896]]]],"type":"MultiPolygon"},"properties":{"Kelas":"Sedang"}},{"type":"Feature","geometry":{"coordinates":[[[[112.65320566845784,-7.307303829639896],[112.65320566845784,-7.306404612856619],[112.65410488524111,-7.306404612856619],[112.65410488524111,-7.307303829639896],[112.65320566845784,-7.307303829639896]]]],"type":"MultiPolygon"},"properties":{"Kelas":"Sedang"}},{"type":"Feature","geometry":{"coordinates":[[[[112.66249991692872,-7.307001749001763],[112.66129686322454,-7.304621985835087],[112.6621978362906,-7.302807745723516],[112.6621978362906,-7.30190852894024],[112.66399626985715,-7.30190852894024],[112.66399626985715,-7.301009312156964],[112.66610380919295,-7.299660486982051],[112.66399626985715,-7.298311661807137],[112.6621978362906,-7.298311661807137],[112.6621978362906,-7.296513228240585],[112.66129861950732,-7.296513228240585],[112.66129861950732,-7.295614011457308],[112.6621978362906,-7.295614011457308],[112.66399626985715,-7.295614011457308],[112.66399626985715,-7.296513228240585],[112.66399626985715,-7.297412445023861],[112.6657947034237,-7.297412445023861],[112.6657947034237,-7.298311661807137],[112.66669392020697,-7.298311661807137],[112.66788643621449,-7.303169539976162],[112.66389440545592,-7.304194330978197],[112.66309705307387,-7.307303829639896],[112.66249991692872,-7.307001749001763]],[[112.66430361934361,-7.303004449394859],[112.66509219031177,-7.302216756568102],[112.66399626985715,-7.30190852894024],[112.66430361934361,-7.303004449394859]]]],"type":"MultiPolygon"},"properties":{"Kelas":"Cukup Tinggi"}},{"type":"Feature","geometry":{"coordinates":[[[[112.66489548664042,-7.307303829639896],[112.66309705307387,-7.307303829639896],[112.66389440545592,-7.304194330978197],[112.66788643621449,-7.303169539976162],[112.66669392020697,-7.298311661807137],[112.66849235377353,-7.299210878590413],[112.66849235377353,-7.300110095373689],[112.66904733913195,-7.303483914593754],[112.66759313699025,-7.304606179290069],[112.66669392020697,-7.304606179290069],[112.66549964791669,-7.305210340566331],[112.66489548664042,-7.306404612856619],[112.66489548664042,-7.307303829639896]]]],"type":"MultiPolygon"},"properties":{"Kelas":"Sedang"}},{"type":"Feature","geometry":{"coordinates":[[[[112.6657947034237,-7.307303829639896],[112.66489548664042,-7.307303829639896],[112.66489548664042,-7.306404612856619],[112.6657947034237,-7.306404612856619],[112.6657947034237,-7.307303829639896]]]],"type":"MultiPolygon"},"properties":{"Kelas":"Cukup Rendah"}},{"type":"Feature","geometry":{"coordinates":[[[[112.69007355657214,-7.307303829639896],[112.68917433978888,-7.307303829639896],[112.68917433978888,-7.306404612856619],[112.69007355657214,-7.306404612856619],[112.69007355657214,-7.307303829639896]]]],"type":"MultiPolygon"},"properties":{"Kelas":"Cukup Rendah"}},{"type":"Feature","geometry":{"coordinates":[[[[112.71615084328715,-7.307303829639896],[112.71525162650387,-7.307303829639896],[112.71525162650387,-7.306404612856619],[112.71615084328715,-7.306404612856619],[112.71615084328715,-7.307303829639896]]]],"type":"MultiPolygon"},"properties":{"Kelas":"Cukup Rendah"}},{"type":"Feature","geometry":{"coordinates":[[[[112.7179492768537,-7.307303829639896],[112.71944562978211,-7.304304098651937],[112.71974771042025,-7.302807745723516],[112.72153385000735,-7.30190413823329],[112.72037294708987,-7.299527009490783],[112.71974771042025,-7.299210878590413],[112.72004979105839,-7.296815308878717],[112.72064692720353,-7.295614011457308],[112.72184822462494,-7.295016875312164],[112.72334457755335,-7.294714794674034],[112.72110531700906,-7.298407379218638],[112.72388200008399,-7.302383603432187],[112.72648305488093,-7.302330914948792],[112.72476716660502,-7.305903194122976],[112.72290375057563,-7.306863002662157],[112.7179492768537,-7.307303829639896]]]],"type":"MultiPolygon"},"properties":{"Kelas":"Sedang"}},{"type":"Feature","geometry":{"coordinates":[[[[112.7404296964356,-7.307303829639896],[112.7404296964356,-7.306404612856619],[112.74132891321888,-7.306404612856619],[112.74132891321888,-7.307303829639896],[112.7404296964356,-7.307303829639896]]]],"type":"MultiPolygon"},"properties":{"Kelas":"Sedang"}},{"type":"Feature","geometry":{"coordinates":[[[[112.75841403210111,-7.304606179290069],[112.76021246566766,-7.304606179290069],[112.76021246566766,-7.301009312156964],[112.7593132488844,-7.301009312156964],[112.7593132488844,-7.300110095373689],[112.7593132488844,-7.297412445023861],[112.76021246566766,-7.297412445023861],[112.76021246566766,-7.298311661807137],[112.76076393846054,-7.300458717505487],[112.7629101160175,-7.301009312156964],[112.76228312306509,-7.304830105344497],[112.76470854958404,-7.305505396073345],[112.76470854958404,-7.306404612856619],[112.76560776636732,-7.306404612856619],[112.7645996600517,-7.307662111326982],[112.76161046676042,-7.305904950405758],[112.75881446457493,-7.305105841740932],[112.75841403210111,-7.304606179290069]]]],"type":"MultiPolygon"},"properties":{"Kelas":"Sedang"}},{"type":"Feature","geometry":{"coordinates":[[[[112.76830541671715,-7.306404612856619],[112.76940133717177,-7.306712840484481],[112.76861276620363,-7.307500533311238],[112.76830541671715,-7.306404612856619]]]],"type":"MultiPolygon"},"properties":{"Kelas":"Sangat Rendah"}},{"type":"Feature","geometry":{"coordinates":[[[[112.80067722091508,-7.307303829639896],[112.79850294283365,-7.30673040331228],[112.80155887487057,-7.305156773941547],[112.80067722091508,-7.307303829639896]]]],"type":"MultiPolygon"},"properties":{"Kelas":"Cukup Rendah"}},{"type":"Feature","geometry":{"coordinates":[[[[112.81971708253128,-7.30607355355262],[112.82100970665724,-7.303519918390739],[112.82435893791839,-7.305213853131891],[112.82355104783966,-7.307605910278028],[112.82166128756856,-7.307001749001763],[112.82135920693042,-7.306404612856619],[112.81971708253128,-7.30607355355262]],[[112.82340352008616,-7.306044574886753],[112.82185974752268,-7.305235806666639],[112.82135920693042,-7.306404612856619],[112.82340352008616,-7.306044574886753]]]],"type":"MultiPolygon"},"properties":{"Kelas":"Sedang"}},{"type":"Feature","geometry":{"coordinates":[[[[112.84204119294577,-7.307303829639896],[112.8411419761625,-7.307303829639896],[112.8411419761625,-7.306404612856619],[112.84204119294577,-7.306404612856619],[112.84204119294577,-7.307303829639896]]]],"type":"MultiPolygon"},"properties":{"Kelas":"Cukup Tinggi"}},{"type":"Feature","geometry":{"coordinates":[[[[112.84204119294577,-7.307303829639896],[112.84204119294577,-7.306404612856619],[112.84294040972905,-7.306404612856619],[112.84383962651233,-7.306404612856619],[112.84383962651233,-7.307303829639896],[112.84204119294577,-7.307303829639896]]]],"type":"MultiPolygon"},"properties":{"Kelas":"Sedang"}},{"type":"Feature","geometry":{"coordinates":[[[[112.63881819992542,-7.307303829639896],[112.63971741670869,-7.307303829639896],[112.63971741670869,-7.306404612856619],[112.64151585027525,-7.306404612856619],[112.64511271740835,-7.306404612856619],[112.64601193419163,-7.306404612856619],[112.64601193419163,-7.307303829639896],[112.63929942140709,-7.307861449422493],[112.63881819992542,-7.307303829639896]]]],"type":"MultiPolygon"},"properties":{"Kelas":"Cukup Tinggi"}},{"type":"Feature","geometry":{"coordinates":[[[[112.74312734678543,-7.306404612856619],[112.74390889262246,-7.305271810463626],[112.74852264748509,-7.306404612856619],[112.74774988306196,-7.307523364987375],[112.74556331100106,-7.308014246024339],[112.74312734678543,-7.306404612856619]]]],"type":"MultiPolygon"},"properties":{"Kelas":"Sedang"}},{"type":"Feature","geometry":{"coordinates":[[[[112.75211951461819,-7.308203046423172],[112.75032108105164,-7.308203046423172],[112.7512202978349,-7.30694818237698],[112.75211951461819,-7.308203046423172]]]],"type":"MultiPolygon"},"properties":{"Kelas":"Sedang"}},{"type":"Feature","geometry":{"coordinates":[[[[112.78718896916595,-7.308203046423172],[112.78586473194994,-7.307020189970952],[112.78926313912893,-7.306253572537555],[112.78761398959867,-7.307727971931227],[112.78718896916595,-7.308203046423172]]]],"type":"MultiPolygon"},"properties":{"Kelas":"Cukup Rendah"}},{"type":"Feature","geometry":{"coordinates":[[[[112.80517330483147,-7.305505396073345],[112.80736338945792,-7.307195818248935],[112.8056843831204,-7.308514786616593],[112.80517330483147,-7.305505396073345]]]],"type":"MultiPolygon"},"properties":{"Kelas":"Tinggi"}},{"type":"Feature","geometry":{"coordinates":[[[[112.8150646894475,-7.308203046423172],[112.8138546106122,-7.307566393915481],[112.81468006351872,-7.305240197373589],[112.8150646894475,-7.308203046423172]]]],"type":"MultiPolygon"},"properties":{"Kelas":"Cukup Rendah"}},{"type":"Feature","geometry":{"coordinates":[[[[112.63522133279233,-7.309102263206448],[112.6341254123377,-7.308794035578586],[112.63491398330585,-7.308006342751829],[112.63522133279233,-7.309102263206448]]]],"type":"MultiPolygon"},"properties":{"Kelas":"Tinggi"}},{"type":"Feature","geometry":{"coordinates":[[[[112.69277120692198,-7.309102263206448],[112.69187199013871,-7.309102263206448],[112.69187199013871,-7.307303829639896],[112.69007355657214,-7.307303829639896],[112.69007355657214,-7.306404612856619],[112.69097277335543,-7.306404612856619],[112.69097277335543,-7.305505396073345],[112.69277120692198,-7.305505396073345],[112.69277120692198,-7.309102263206448]]]],"type":"MultiPolygon"},"properties":{"Kelas":"Sedang"}},{"type":"Feature","geometry":{"coordinates":[[[[112.75661559853457,-7.309102263206448],[112.75571638175128,-7.309102263206448],[112.75571638175128,-7.306404612856619],[112.75481716496802,-7.306404612856619],[112.75481716496802,-7.305505396073345],[112.75661559853457,-7.305505396073345],[112.75661559853457,-7.309102263206448]]]],"type":"MultiPolygon"},"properties":{"Kelas":"Cukup Tinggi"}},{"type":"Feature","geometry":{"coordinates":[[[[112.75751481531785,-7.309102263206448],[112.75661559853457,-7.309102263206448],[112.75661559853457,-7.305505396073345],[112.75751481531785,-7.305505396073345],[112.75751481531785,-7.308203046423172],[112.75751481531785,-7.309102263206448]]]],"type":"MultiPolygon"},"properties":{"Kelas":"Sedang"}},{"type":"Feature","geometry":{"coordinates":[[[[112.7665069831506,-7.309102263206448],[112.76443983831874,-7.308737834529632],[112.7660187365378,-7.307960679399555],[112.7665069831506,-7.309102263206448]]]],"type":"MultiPolygon"},"properties":{"Kelas":"Sedang"}},{"type":"Feature","geometry":{"coordinates":[[[[112.78179366846629,-7.309102263206448],[112.77882730685116,-7.30834091462139],[112.78140728625473,-7.303818486463312],[112.78179366846629,-7.309102263206448]]]],"type":"MultiPolygon"},"properties":{"Kelas":"Cukup Tinggi"}},{"type":"Feature","geometry":{"coordinates":[[[[112.84024275937922,-7.309102263206448],[112.8387551878647,-7.308688658611796],[112.84063441043912,-7.304098613566696],[112.84254875866915,-7.303315311446889],[112.84333206078895,-7.302300180000143],[112.8447388432956,-7.30190852894024],[112.8447388432956,-7.304606179290069],[112.84383962651233,-7.304606179290069],[112.84294040972905,-7.304606179290069],[112.84294040972905,-7.305505396073345],[112.84204119294577,-7.305505396073345],[112.84204119294577,-7.306404612856619],[112.8411419761625,-7.306404612856619],[112.8411419761625,-7.307303829639896],[112.84024275937922,-7.307303829639896],[112.84024275937922,-7.309102263206448]]]],"type":"MultiPolygon"},"properties":{"Kelas":"Tinggi"}},{"type":"Feature","geometry":{"coordinates":[[[[112.8411419761625,-7.309102263206448],[112.84024275937922,-7.309102263206448],[112.84024275937922,-7.307303829639896],[112.8411419761625,-7.307303829639896],[112.8411419761625,-7.309102263206448]]]],"type":"MultiPolygon"},"properties":{"Kelas":"Cukup Tinggi"}},{"type":"Feature","geometry":{"coordinates":[[[[112.8411419761625,-7.309102263206448],[112.8411419761625,-7.307303829639896],[112.84204119294577,-7.307303829639896],[112.84204119294577,-7.309102263206448],[112.8411419761625,-7.309102263206448]]]],"type":"MultiPolygon"},"properties":{"Kelas":"Sedang"}},{"type":"Feature","geometry":{"coordinates":[[[[112.84383962651233,-7.309102263206448],[112.84383962651233,-7.308203046423172],[112.8447388432956,-7.308203046423172],[112.8447388432956,-7.309102263206448],[112.84383962651233,-7.309102263206448]]]],"type":"MultiPolygon"},"properties":{"Kelas":"Sedang"}},{"type":"Feature","geometry":{"coordinates":[[[[112.629144,-7.3085911],[112.6292639,-7.3085366],[112.62913727958085,-7.307193927006244],[112.63072524887593,-7.306404612856619],[112.63040209284445,-7.309937375668259],[112.62920466532296,-7.308894242221672],[112.629144,-7.3085911]]]],"type":"MultiPolygon"},"properties":{"Kelas":"Sedang"}},{"type":"Feature","geometry":{"coordinates":[[[[112.65140723489128,-7.307303829639896],[112.65320566845784,-7.307303829639896],[112.65320566845784,-7.309102263206448],[112.65172687835721,-7.30983726754981],[112.65140723489128,-7.307303829639896]]]],"type":"MultiPolygon"},"properties":{"Kelas":"Sedang"}},{"type":"Feature","geometry":{"coordinates":[[[[112.67928295517284,-7.310001479989724],[112.67838373838956,-7.308203046423172],[112.68059665469215,-7.30886955573812],[112.67928295517284,-7.310001479989724]]]],"type":"MultiPolygon"},"properties":{"Kelas":"Cukup Tinggi"}},{"type":"Feature","geometry":{"coordinates":[[[[112.69277120692198,-7.310001479989724],[112.69187199013871,-7.310001479989724],[112.69187199013871,-7.309102263206448],[112.69277120692198,-7.309102263206448],[112.69277120692198,-7.310001479989724]]]],"type":"MultiPolygon"},"properties":{"Kelas":"Cukup Tinggi"}},{"type":"Feature","geometry":{"coordinates":[[[[112.6954688572718,-7.310001479989724],[112.69367042370526,-7.310001479989724],[112.69367042370526,-7.305505396073345],[112.69506666851522,-7.30479937039585],[112.6954688572718,-7.302807745723516],[112.69696521020022,-7.302505665085384],[112.69816650762164,-7.30190852894024],[112.69690022773737,-7.306936766538911],[112.69583592037279,-7.308570109524158],[112.6954688572718,-7.310001479989724]]]],"type":"MultiPolygon"},"properties":{"Kelas":"Sangat Rendah"}},{"type":"Feature","geometry":{"coordinates":[[[[112.69583592037279,-7.308570109524158],[112.69690022773737,-7.306936766538911],[112.69816650762164,-7.30190852894024],[112.69996494118818,-7.30190852894024],[112.69996494118818,-7.303706962506793],[112.70130147238363,-7.303082603978561],[112.70377256225487,-7.304015190134654],[112.70446102510456,-7.302807745723516],[112.70593103379129,-7.303184468379792],[112.70536024188783,-7.305505396073345],[112.7031157124952,-7.306056868866213],[112.70213746298684,-7.305837333518733],[112.70127688442471,-7.31024911586168],[112.69816299505607,-7.308221487392361],[112.6954688572718,-7.310001479989724],[112.69583592037279,-7.308570109524158]],[[112.69886902073357,-7.304015190134654],[112.69965759170171,-7.304802882961409],[112.69996494118818,-7.303706962506793],[112.69886902073357,-7.304015190134654]]]],"type":"MultiPolygon"},"properties":{"Kelas":"Cukup Rendah"}},{"type":"Feature","geometry":{"coordinates":[[[[112.72064692720353,-7.310001479989724],[112.72064692720353,-7.309102263206448],[112.71705006007042,-7.309102263206448],[112.71705006007042,-7.307303829639896],[112.7179492768537,-7.307303829639896],[112.72290375057563,-7.306863002662157],[112.72476716660502,-7.305903194122976],[112.72648305488093,-7.302330914948792],[112.72388200008399,-7.302383603432187],[112.72110531700906,-7.298407379218638],[112.72334457755335,-7.294714794674034],[112.72424379433663,-7.294714794674034],[112.72424379433663,-7.293815577890758],[112.72514301111991,-7.293815577890758],[112.7281831366118,-7.294307337069112],[112.72721366851734,-7.299210878590413],[112.72756141250774,-7.300970673935808],[112.73065422648304,-7.300359487528425],[112.72906303428451,-7.297855028284379],[112.73157978750801,-7.294561998072188],[112.73053831181957,-7.293815577890758],[112.72980242933481,-7.292336787790136],[112.7323367453861,-7.292017144324205],[112.7323367453861,-7.292916361107482],[112.73323596216939,-7.292916361107482],[112.73323596216939,-7.293815577890758],[112.73503439573594,-7.293815577890758],[112.73503439573594,-7.295614011457308],[112.73452683001257,-7.296005662517212],[112.73335187683286,-7.29752835968733],[112.73118989273088,-7.299196828328174],[112.73460410645488,-7.298691897028972],[112.73816233536684,-7.299729860151855],[112.73912653461296,-7.299587601246687],[112.73953047965233,-7.300110095373689],[112.7392283990142,-7.300707231518833],[112.7344372595908,-7.301311392795096],[112.73323596216939,-7.30190852894024],[112.7323367453861,-7.30190852894024],[112.7323367453861,-7.302807745723516],[112.72963909503629,-7.302807745723516],[112.72963909503629,-7.303706962506793],[112.7276088321428,-7.305273566746406],[112.72445981711856,-7.309353411643965],[112.72064692720353,-7.310001479989724]]]],"type":"MultiPolygon"},"properties":{"Kelas":"Cukup Tinggi"}},{"type":"Feature","geometry":{"coordinates":[[[[112.75661559853457,-7.310001479989724],[112.75661559853457,-7.309102263206448],[112.75751481531785,-7.309102263206448],[112.75751481531785,-7.310001479989724],[112.75661559853457,-7.310001479989724]]]],"type":"MultiPolygon"},"properties":{"Kelas":"Cukup Rendah"}},{"type":"Feature","geometry":{"coordinates":[[[[112.77909601811646,-7.310001479989724],[112.77800009766185,-7.309693252361862],[112.77878866863,-7.308905559535106],[112.77909601811646,-7.310001479989724]]]],"type":"MultiPolygon"},"properties":{"Kelas":"Cukup Rendah"}},{"type":"Feature","geometry":{"coordinates":[[[[112.81056860553112,-7.310001479989724],[112.80940067748253,-7.30950093939747],[112.81020856756125,-7.307958044975384],[112.81056860553112,-7.310001479989724]]]],"type":"MultiPolygon"},"properties":{"Kelas":"Cukup Rendah"}},{"type":"Feature","geometry":{"coordinates":[[[[112.81326625588095,-7.310001479989724],[112.81119911104908,-7.309637051312908],[112.81277800926816,-7.308859896182831],[112.81326625588095,-7.310001479989724]]]],"type":"MultiPolygon"},"properties":{"Kelas":"Cukup Rendah"}},{"type":"Feature","geometry":{"coordinates":[[[[112.83445580761966,-7.309493914266351],[112.83164224260636,-7.308710612146545],[112.83066223681521,-7.307441697838113],[112.82560765497485,-7.308188996160933],[112.827337593513,-7.306854221248258],[112.82553915994643,-7.305466757852187],[112.83524086602225,-7.307059706333499],[112.83673019381955,-7.305130429699849],[112.83344067617293,-7.304214528230165],[112.83265737405311,-7.302439804481141],[112.83783489568808,-7.301516877880337],[112.83844432581267,-7.303706962506793],[112.83952619600505,-7.304254044592712],[112.83684259591746,-7.309599291233141],[112.83484745867958,-7.310001479989724],[112.83445580761966,-7.309493914266351]],[[112.83734840535806,-7.304015190134654],[112.8381369763262,-7.304802882961409],[112.83844432581267,-7.303706962506793],[112.83734840535806,-7.304015190134654]]]],"type":"MultiPolygon"},"properties":{"Kelas":"Sedang"}},{"type":"Feature","geometry":{"coordinates":[[[[112.64601193419163,-7.307303829639896],[112.64960880132473,-7.307303829639896],[112.65140723489128,-7.307303829639896],[112.65172687835721,-7.30983726754981],[112.65320566845784,-7.309102263206448],[112.6527824043079,-7.311202777411131],[112.65081009874615,-7.310598616134868],[112.64980199243051,-7.308605235179755],[112.64631401482976,-7.30790096578504],[112.64601193419163,-7.307303829639896]]]],"type":"MultiPolygon"},"properties":{"Kelas":"Cukup Tinggi"}},{"type":"Feature","geometry":{"coordinates":[[[[112.67928295517284,-7.310900696773],[112.67838373838956,-7.310900696773],[112.67838373838956,-7.310001479989724],[112.67928295517284,-7.310001479989724],[112.67928295517284,-7.310900696773]]]],"type":"MultiPolygon"},"properties":{"Kelas":"Cukup Rendah"}},{"type":"Feature","geometry":{"coordinates":[[[[112.68198060552267,-7.310900696773],[112.68108138873939,-7.310900696773],[112.68108138873939,-7.309102263206448],[112.68198060552267,-7.309102263206448],[112.68198060552267,-7.310900696773]]]],"type":"MultiPolygon"},"properties":{"Kelas":"Cukup Rendah"}},{"type":"Feature","geometry":{"coordinates":[[[[112.68198060552267,-7.310900696773],[112.68198060552267,-7.309102263206448],[112.68108138873939,-7.309102263206448],[112.68108138873939,-7.306404612856619],[112.68108138873939,-7.304606179290069],[112.68467825587248,-7.305505396073345],[112.68523148494813,-7.303411906999781],[112.68737590622231,-7.306404612856619],[112.68566353051199,-7.307587469308839],[112.68647668943905,-7.310900696773],[112.68198060552267,-7.310900696773]],[[112.68498560535896,-7.306601316527962],[112.68577417632712,-7.305813623701205],[112.68467825587248,-7.305505396073345],[112.68498560535896,-7.306601316527962]]]],"type":"MultiPolygon"},"properties":{"Kelas":"Sangat Rendah"}},{"type":"Feature","geometry":{"coordinates":[[[[112.68647668943905,-7.310900696773],[112.68566353051199,-7.307587469308839],[112.68737590622231,-7.306404612856619],[112.68737590622231,-7.307303829639896],[112.68737590622231,-7.310900696773],[112.68647668943905,-7.310900696773]]]],"type":"MultiPolygon"},"properties":{"Kelas":"Cukup Rendah"}},{"type":"Feature","geometry":{"coordinates":[[[[112.69816650762164,-7.310900696773],[112.69726729083835,-7.310900696773],[112.69771689922999,-7.309748575269428],[112.69816650762164,-7.310900696773]]]],"type":"MultiPolygon"},"properties":{"Kelas":"Cukup Tinggi"}},{"type":"Feature","geometry":{"coordinates":[[[[112.70266259153802,-7.310900696773],[112.70266259153802,-7.309102263206448],[112.70356180832128,-7.309102263206448],[112.70356180832128,-7.310900696773],[112.70266259153802,-7.310900696773]]]],"type":"MultiPolygon"},"properties":{"Kelas":"Cukup Tinggi"}},{"type":"Feature","geometry":{"coordinates":[[[[112.73503439573594,-7.310900696773],[112.73536984574689,-7.307540927815174],[112.73794280001935,-7.308511274051034],[112.73863126286905,-7.307303829639896],[112.7404296964356,-7.307303829639896],[112.73982377887656,-7.308502492637134],[112.73503439573594,-7.310900696773]]]],"type":"MultiPolygon"},"properties":{"Kelas":"Sedang"}},{"type":"Feature","geometry":{"coordinates":[[[[112.75571638175128,-7.310900696773],[112.75481716496802,-7.310900696773],[112.75481716496802,-7.309102263206448],[112.75571638175128,-7.309102263206448],[112.75571638175128,-7.310900696773]]]],"type":"MultiPolygon"},"properties":{"Kelas":"Cukup Tinggi"}},{"type":"Feature","geometry":{"coordinates":[[[[112.75661559853457,-7.310900696773],[112.75571638175128,-7.310900696773],[112.75571638175128,-7.309102263206448],[112.75661559853457,-7.309102263206448],[112.75661559853457,-7.310001479989724],[112.75661559853457,-7.310900696773]]]],"type":"MultiPolygon"},"properties":{"Kelas":"Sedang"}},{"type":"Feature","geometry":{"coordinates":[[[[112.79078583629905,-7.310900696773],[112.78871869146718,-7.310536268096184],[112.79029758968625,-7.309759112966105],[112.79078583629905,-7.310900696773]]]],"type":"MultiPolygon"},"properties":{"Kelas":"Cukup Rendah"}},{"type":"Feature","geometry":{"coordinates":[[[[112.80247565448164,-7.310900696773],[112.80157643769836,-7.310900696773],[112.80202604608999,-7.309748575269428],[112.80247565448164,-7.310900696773]]]],"type":"MultiPolygon"},"properties":{"Kelas":"Sedang"}},{"type":"Feature","geometry":{"coordinates":[[[[112.6657947034237,-7.311799913556275],[112.66469878296908,-7.311491685928415],[112.66548735393722,-7.310703993101658],[112.6657947034237,-7.311799913556275]]]],"type":"MultiPolygon"},"properties":{"Kelas":"Cukup Rendah"}},{"type":"Feature","geometry":{"coordinates":[[[[112.67208922090663,-7.311799913556275],[112.66999924439862,-7.310653939042433],[112.67119000412336,-7.310001479989724],[112.67208922090663,-7.310001479989724],[112.67208922090663,-7.311799913556275]]]],"type":"MultiPolygon"},"properties":{"Kelas":"Sedang"}},{"type":"Feature","geometry":{"coordinates":[[[[112.68647668943905,-7.311799913556275],[112.68377903908922,-7.311799913556275],[112.68198060552267,-7.311799913556275],[112.68198060552267,-7.310900696773],[112.68647668943905,-7.310900696773],[112.68647668943905,-7.311799913556275]]]],"type":"MultiPolygon"},"properties":{"Kelas":"Cukup Rendah"}},{"type":"Feature","geometry":{"coordinates":[[[[112.69187199013871,-7.309102263206448],[112.69187199013871,-7.310001479989724],[112.69139779378814,-7.310425622281054],[112.68980660158961,-7.312206493019808],[112.68874931935615,-7.307981754792912],[112.69187199013871,-7.309102263206448]]]],"type":"MultiPolygon"},"properties":{"Kelas":"Tinggi"}},{"type":"Feature","geometry":{"coordinates":[[[[112.69367042370526,-7.311799913556275],[112.69277120692198,-7.311799913556275],[112.69277120692198,-7.310001479989724],[112.69277120692198,-7.309102263206448],[112.69277120692198,-7.305505396073345],[112.69367042370526,-7.305505396073345],[112.69367042370526,-7.310001479989724],[112.6954688572718,-7.310001479989724],[112.6954688572718,-7.310900696773],[112.69367042370526,-7.310900696773],[112.69367042370526,-7.311799913556275]]]],"type":"MultiPolygon"},"properties":{"Kelas":"Cukup Rendah"}},{"type":"Feature","geometry":{"coordinates":[[[[112.6954688572718,-7.311799913556275],[112.69367042370526,-7.311799913556275],[112.69367042370526,-7.310900696773],[112.6954688572718,-7.310900696773],[112.6954688572718,-7.311799913556275]]]],"type":"MultiPolygon"},"properties":{"Kelas":"Sedang"}},{"type":"Feature","geometry":{"coordinates":[[[[112.6954688572718,-7.311799913556275],[112.6954688572718,-7.310900696773],[112.69726729083835,-7.310900696773],[112.69726729083835,-7.311799913556275],[112.6954688572718,-7.311799913556275]]]],"type":"MultiPolygon"},"properties":{"Kelas":"Cukup Tinggi"}},{"type":"Feature","geometry":{"coordinates":[[[[112.69816650762164,-7.310900696773],[112.69771689922999,-7.309748575269428],[112.69726729083835,-7.310900696773],[112.6954688572718,-7.310900696773],[112.6954688572718,-7.310001479989724],[112.69816299505607,-7.308221487392361],[112.70127688442471,-7.31024911586168],[112.70213746298684,-7.305837333518733],[112.7031157124952,-7.306056868866213],[112.70536024188783,-7.305505396073345],[112.70392887142228,-7.307670892740882],[112.70356180832128,-7.309102263206448],[112.70266259153802,-7.309102263206448],[112.70266259153802,-7.310900696773],[112.70041454957982,-7.311453047707257],[112.69816650762164,-7.310900696773]]]],"type":"MultiPolygon"},"properties":{"Kelas":"Sedang"}},{"type":"Feature","geometry":{"coordinates":[[[[112.70266259153802,-7.310900696773],[112.70356180832128,-7.310900696773],[112.70356180832128,-7.309102263206448],[112.70566232252597,-7.308058153093835],[112.70495278428291,-7.312101994194407],[112.70296467217614,-7.311497832918144],[112.70266259153802,-7.310900696773]]]],"type":"MultiPolygon"},"properties":{"Kelas":"Tinggi"}},{"type":"Feature","geometry":{"coordinates":[[[[112.72963909503629,-7.305505396073345],[112.73203466474799,-7.304304098651937],[112.7323367453861,-7.303706962506793],[112.73323596216939,-7.303706962506793],[112.73502561432204,-7.304612326279798],[112.73413517895267,-7.306404612856619],[112.73343090955795,-7.306910422297213],[112.73395252554357,-7.309551871598085],[112.73181337311772,-7.310377324504609],[112.73053831181957,-7.312155560819193],[112.72866611437627,-7.309543090184187],[112.72963909503629,-7.305505396073345]]]],"type":"MultiPolygon"},"properties":{"Kelas":"Sangat Rendah"}},{"type":"Feature","geometry":{"coordinates":[[[[112.73323596216939,-7.311799913556275],[112.73323596216939,-7.310900696773],[112.73503439573594,-7.310900696773],[112.73503439573594,-7.311799913556275],[112.73323596216939,-7.311799913556275]]]],"type":"MultiPolygon"},"properties":{"Kelas":"Sedang"}},{"type":"Feature","geometry":{"coordinates":[[[[112.75571638175128,-7.311799913556275],[112.75571638175128,-7.310900696773],[112.75661559853457,-7.310900696773],[112.75661559853457,-7.311799913556275],[112.75571638175128,-7.311799913556275]]]],"type":"MultiPolygon"},"properties":{"Kelas":"Cukup Rendah"}},{"type":"Feature","geometry":{"coordinates":[[[[112.7781968013332,-7.311799913556275],[112.77518828893133,-7.311409140637762],[112.77758737120858,-7.310643401345754],[112.7781968013332,-7.311799913556275]]]],"type":"MultiPolygon"},"properties":{"Kelas":"Cukup Tinggi"}},{"type":"Feature","geometry":{"coordinates":[[[[112.80157643769836,-7.311799913556275],[112.79977800413181,-7.311799913556275],[112.79977800413181,-7.310900696773],[112.80157643769836,-7.310900696773],[112.80157643769836,-7.311799913556275]]]],"type":"MultiPolygon"},"properties":{"Kelas":"Sedang"}},{"type":"Feature","geometry":{"coordinates":[[[[112.81056860553112,-7.30190852894024],[112.8131134592791,-7.300839830868711],[112.81705104527148,-7.303558556611897],[112.81631340650397,-7.306854221248258],[112.816640075101,-7.308312814096912],[112.81262696894909,-7.311659410933888],[112.80782177926346,-7.310426500422444],[112.80842769682249,-7.307727971931227],[112.80660467529702,-7.303389075323642],[112.80735987689236,-7.302243978951189],[112.80993810001316,-7.302821795985755],[112.81056860553112,-7.30190852894024]],[[112.8150646894475,-7.308203046423172],[112.81468006351872,-7.305240197373589],[112.8138546106122,-7.307566393915481],[112.8150646894475,-7.308203046423172]],[[112.81056860553112,-7.310001479989724],[112.81020856756125,-7.307958044975384],[112.80940067748253,-7.30950093939747],[112.81056860553112,-7.310001479989724]],[[112.81326625588095,-7.310001479989724],[112.81277800926816,-7.308859896182831],[112.81119911104908,-7.309637051312908],[112.81326625588095,-7.310001479989724]]]],"type":"MultiPolygon"},"properties":{"Kelas":"Sedang"}},{"type":"Feature","geometry":{"coordinates":[[[[112.83035137476318,-7.311799913556275],[112.82823505401349,-7.311344158174908],[112.82922735378409,-7.309747697128037],[112.83035137476318,-7.311799913556275]]]],"type":"MultiPolygon"},"properties":{"Kelas":"Sedang"}},{"type":"Feature","geometry":{"coordinates":[[[[112.8411419761625,-7.311799913556275],[112.83994067874109,-7.311202777411131],[112.83844432581267,-7.310900696773],[112.83844432581267,-7.310001479989724],[112.84024275937922,-7.310001479989724],[112.84024275937922,-7.309102263206448],[112.8411419761625,-7.309102263206448],[112.8411419761625,-7.310900696773],[112.8411419761625,-7.311799913556275]]]],"type":"MultiPolygon"},"properties":{"Kelas":"Sedang"}},{"type":"Feature","geometry":{"coordinates":[[[[112.84294040972905,-7.311799913556275],[112.84204119294577,-7.311799913556275],[112.84204119294577,-7.310900696773],[112.8411419761625,-7.310900696773],[112.8411419761625,-7.309102263206448],[112.84204119294577,-7.309102263206448],[112.84204119294577,-7.307303829639896],[112.84383962651233,-7.307303829639896],[112.84383962651233,-7.306404612856619],[112.8447388432956,-7.306404612856619],[112.8447388432956,-7.308203046423172],[112.84383962651233,-7.308203046423172],[112.84383962651233,-7.309102263206448],[112.84383962651233,-7.310900696773],[112.84294040972905,-7.310900696773],[112.84294040972905,-7.311799913556275]]]],"type":"MultiPolygon"},"properties":{"Kelas":"Cukup Rendah"}},{"type":"Feature","geometry":{"coordinates":[[[[112.84294040972905,-7.311799913556275],[112.84294040972905,-7.310900696773],[112.84383962651233,-7.310900696773],[112.84383962651233,-7.311799913556275],[112.84294040972905,-7.311799913556275]]]],"type":"MultiPolygon"},"properties":{"Kelas":"Sangat Rendah"}},{"type":"Feature","geometry":{"coordinates":[[[[112.65860096915749,-7.306404612856619],[112.66039940272404,-7.306404612856619],[112.66039940272404,-7.303706962506793],[112.65950018594077,-7.303706962506793],[112.65950018594077,-7.301009312156964],[112.65950018594077,-7.300110095373689],[112.6600973220859,-7.30041217601182],[112.66100356400031,-7.302203584447254],[112.6621978362906,-7.302807745723516],[112.66129686322454,-7.304621985835087],[112.66249991692872,-7.307001749001763],[112.66309705307387,-7.307303829639896],[112.66249991692872,-7.308505127061304],[112.66179213496845,-7.312008033065686],[112.66071904618997,-7.312533161616857],[112.6600973220859,-7.307605910278028],[112.65890304979563,-7.307001749001763],[112.65860096915749,-7.306404612856619]]]],"type":"MultiPolygon"},"properties":{"Kelas":"Sedang"}},{"type":"Feature","geometry":{"coordinates":[[[[112.67748452160629,-7.312699130339551],[112.676585304823,-7.312699130339551],[112.676585304823,-7.310001479989724],[112.67748452160629,-7.310001479989724],[112.67748452160629,-7.312699130339551]]]],"type":"MultiPolygon"},"properties":{"Kelas":"Cukup Rendah"}},{"type":"Feature","geometry":{"coordinates":[[[[112.67928295517284,-7.312699130339551],[112.67748452160629,-7.312699130339551],[112.67748452160629,-7.310001479989724],[112.67838373838956,-7.310001479989724],[112.67838373838956,-7.310900696773],[112.67928295517284,-7.310900696773],[112.67928295517284,-7.312699130339551]]]],"type":"MultiPolygon"},"properties":{"Kelas":"Sangat Rendah"}},{"type":"Feature","geometry":{"coordinates":[[[[112.67928295517284,-7.312699130339551],[112.67928295517284,-7.310900696773],[112.68053694107763,-7.311799913556275],[112.67928295517284,-7.312699130339551]]]],"type":"MultiPolygon"},"properties":{"Kelas":"Cukup Rendah"}},{"type":"Feature","geometry":{"coordinates":[[[[112.68647668943905,-7.311799913556275],[112.68647668943905,-7.310900696773],[112.68737590622231,-7.310900696773],[112.68737590622231,-7.307303829639896],[112.6882751230056,-7.307303829639896],[112.68796426095356,-7.312539308606587],[112.68647668943905,-7.311799913556275]]]],"type":"MultiPolygon"},"properties":{"Kelas":"Sedang"}},{"type":"Feature","geometry":{"coordinates":[[[[112.69187199013871,-7.310001479989724],[112.69277120692198,-7.310001479989724],[112.69277120692198,-7.311799913556275],[112.69367042370526,-7.311799913556275],[112.69246385743551,-7.313102197237523],[112.69187199013871,-7.310001479989724]]]],"type":"MultiPolygon"},"properties":{"Kelas":"Sedang"}},{"type":"Feature","geometry":{"coordinates":[[[[112.73863126286905,-7.312699130339551],[112.73753534241443,-7.312390902711691],[112.73832391338257,-7.311603209884934],[112.73863126286905,-7.312699130339551]]]],"type":"MultiPolygon"},"properties":{"Kelas":"Tinggi"}},{"type":"Feature","geometry":{"coordinates":[[[[112.7440265635687,-7.311799913556275],[112.74171353914765,-7.312368071035552],[112.74096185011788,-7.310757559726444],[112.74478000888125,-7.308735200105462],[112.7440265635687,-7.311799913556275]]]],"type":"MultiPolygon"},"properties":{"Kelas":"Tinggi"}},{"type":"Feature","geometry":{"coordinates":[[[[112.7665069831506,-7.312699130339551],[112.7665069831506,-7.311799913556275],[112.76740619993387,-7.311799913556275],[112.76740619993387,-7.312699130339551],[112.7665069831506,-7.312699130339551]]]],"type":"MultiPolygon"},"properties":{"Kelas":"Sedang"}},{"type":"Feature","geometry":{"coordinates":[[[[112.77909601811646,-7.310001479989724],[112.78030609695176,-7.310638132497415],[112.77948064404525,-7.312964329039307],[112.77909601811646,-7.310001479989724]]]],"type":"MultiPolygon"},"properties":{"Kelas":"Cukup Tinggi"}},{"type":"Feature","geometry":{"coordinates":[[[[112.83754510902939,-7.312699130339551],[112.83754510902939,-7.310900696773],[112.83844432581267,-7.310900696773],[112.83844432581267,-7.312699130339551],[112.83754510902939,-7.312699130339551]]]],"type":"MultiPolygon"},"properties":{"Kelas":"Sedang"}},{"type":"Feature","geometry":{"coordinates":[[[[112.84204119294577,-7.312699130339551],[112.84204119294577,-7.311799913556275],[112.84294040972905,-7.311799913556275],[112.84294040972905,-7.312699130339551],[112.84204119294577,-7.312699130339551]]]],"type":"MultiPolygon"},"properties":{"Kelas":"Sangat Rendah"}},{"type":"Feature","geometry":{"coordinates":[[[[112.7323367453861,-7.313598347122827],[112.7323367453861,-7.311799913556275],[112.73323596216939,-7.311799913556275],[112.73323596216939,-7.313598347122827],[112.7323367453861,-7.313598347122827]]]],"type":"MultiPolygon"},"properties":{"Kelas":"Sedang"}},{"type":"Feature","geometry":{"coordinates":[[[[112.76560776636732,-7.313598347122827],[112.76560776636732,-7.312699130339551],[112.7665069831506,-7.312699130339551],[112.7665069831506,-7.313598347122827],[112.76560776636732,-7.313598347122827]]]],"type":"MultiPolygon"},"properties":{"Kelas":"Sedang"}},{"type":"Feature","geometry":{"coordinates":[[[[112.78449131881612,-7.313598347122827],[112.78386608214649,-7.313282216222456],[112.78255589519274,-7.310598616134868],[112.78418923817799,-7.311202777411131],[112.78449131881612,-7.313598347122827]]]],"type":"MultiPolygon"},"properties":{"Kelas":"Cukup Tinggi"}},{"type":"Feature","geometry":{"coordinates":[[[[112.83664589224612,-7.313598347122827],[112.83664589224612,-7.312699130339551],[112.83754510902939,-7.312699130339551],[112.83754510902939,-7.313598347122827],[112.83664589224612,-7.313598347122827]]]],"type":"MultiPolygon"},"properties":{"Kelas":"Sedang"}},{"type":"Feature","geometry":{"coordinates":[[[[112.84204119294577,-7.313598347122827],[112.8411419761625,-7.313598347122827],[112.8411419761625,-7.312699130339551],[112.84204119294577,-7.312699130339551],[112.84204119294577,-7.313598347122827]]]],"type":"MultiPolygon"},"properties":{"Kelas":"Sangat Rendah"}},{"type":"Feature","geometry":{"coordinates":[[[[112.6380691,-7.3128155],[112.637535,-7.3129791],[112.6372527,-7.3130597],[112.637001,-7.3130987],[112.6364822,-7.312898],[112.6364803,-7.3128973],[112.63652,-7.31255],[112.63659,-7.31193],[112.6365944,-7.3115031],[112.6339715,-7.3114439],[112.6337128,-7.3114381],[112.6309128,-7.3115444],[112.62943839936725,-7.311639146944739],[112.62941721689253,-7.311614560451522],[112.6292571,-7.3091564],[112.6292427,-7.3090843],[112.62920466532296,-7.308894242221672],[112.63040209284445,-7.309937375668259],[112.63072524887593,-7.306404612856619],[112.63389709557632,-7.305883875012398],[112.6365122006355,-7.306912178579992],[112.63791898314214,-7.307303829639896],[112.63750274412332,-7.307786807404351],[112.63571484825346,-7.309326189260878],[112.6382095209071,-7.312844864372026],[112.6380691,-7.3128155]],[[112.63491398330585,-7.308006342751829],[112.6341254123377,-7.308794035578586],[112.63522133279233,-7.309102263206448],[112.63491398330585,-7.308006342751829]]]],"type":"MultiPolygon"},"properties":{"Kelas":"Cukup Tinggi"}},{"type":"Feature","geometry":{"coordinates":[[[[112.67298843768991,-7.314497563906103],[112.67208922090663,-7.314497563906103],[112.67208922090663,-7.311799913556275],[112.67298843768991,-7.311799913556275],[112.67298843768991,-7.314497563906103]]]],"type":"MultiPolygon"},"properties":{"Kelas":"Sedang"}},{"type":"Feature","geometry":{"coordinates":[[[[112.67298843768991,-7.314497563906103],[112.67298843768991,-7.311799913556275],[112.67208922090663,-7.311799913556275],[112.67208922090663,-7.310001479989724],[112.67388765447318,-7.310001479989724],[112.67607773909964,-7.313543902356653],[112.67298843768991,-7.314497563906103]]]],"type":"MultiPolygon"},"properties":{"Kelas":"Cukup Tinggi"}},{"type":"Feature","geometry":{"coordinates":[[[[112.67748452160629,-7.312699130339551],[112.67928295517284,-7.312699130339551],[112.67798154963297,-7.314811060382304],[112.67748452160629,-7.312699130339551]]]],"type":"MultiPolygon"},"properties":{"Kelas":"Cukup Rendah"}},{"type":"Feature","geometry":{"coordinates":[[[[112.68108138873939,-7.314497563906103],[112.68018217195612,-7.314497563906103],[112.68063178034775,-7.313345442402531],[112.68108138873939,-7.314497563906103]]]],"type":"MultiPolygon"},"properties":{"Kelas":"Cukup Tinggi"}},{"type":"Feature","geometry":{"coordinates":[[[[112.68377903908922,-7.312699130339551],[112.68597790512958,-7.313327879574732],[112.68439373806216,-7.31485145488624],[112.68377903908922,-7.312699130339551]]]],"type":"MultiPolygon"},"properties":{"Kelas":"Tinggi"}},{"type":"Feature","geometry":{"coordinates":[[[[112.6954688572718,-7.311799913556275],[112.69726729083835,-7.311799913556275],[112.69726729083835,-7.310900696773],[112.69816650762164,-7.310900696773],[112.70035659224808,-7.31431051979005],[112.69491914076171,-7.313197914649026],[112.6954688572718,-7.311799913556275]]]],"type":"MultiPolygon"},"properties":{"Kelas":"Tinggi"}},{"type":"Feature","geometry":{"coordinates":[[[[112.75301873140145,-7.308203046423172],[112.75301873140145,-7.307303829639896],[112.75481716496802,-7.307303829639896],[112.75481716496802,-7.306404612856619],[112.75571638175128,-7.306404612856619],[112.75571638175128,-7.309102263206448],[112.75481716496802,-7.309102263206448],[112.75481716496802,-7.310900696773],[112.75422002882287,-7.311202777411131],[112.75358952330491,-7.314326326335069],[112.75139768239568,-7.313256750122148],[112.75188944157402,-7.312249521947914],[112.75143280805128,-7.311315179509041],[112.75271665076333,-7.309699399351592],[112.75301873140145,-7.308203046423172]]]],"type":"MultiPolygon"},"properties":{"Kelas":"Tinggi"}},{"type":"Feature","geometry":{"coordinates":[[[[112.75571638175128,-7.314497563906103],[112.75481716496802,-7.314497563906103],[112.75481716496802,-7.310900696773],[112.75571638175128,-7.310900696773],[112.75571638175128,-7.311799913556275],[112.75571638175128,-7.313598347122827],[112.75571638175128,-7.314497563906103]]]],"type":"MultiPolygon"},"properties":{"Kelas":"Sedang"}},{"type":"Feature","geometry":{"coordinates":[[[[112.75661559853457,-7.314497563906103],[112.75571638175128,-7.314497563906103],[112.75571638175128,-7.313598347122827],[112.75661559853457,-7.313598347122827],[112.75661559853457,-7.314497563906103]]]],"type":"MultiPolygon"},"properties":{"Kelas":"Cukup Rendah"}},{"type":"Feature","geometry":{"coordinates":[[[[112.75661559853457,-7.314497563906103],[112.75661559853457,-7.313598347122827],[112.75571638175128,-7.313598347122827],[112.75571638175128,-7.311799913556275],[112.75661559853457,-7.311799913556275],[112.75661559853457,-7.310900696773],[112.75661559853457,-7.310001479989724],[112.75751481531785,-7.310001479989724],[112.75751481531785,-7.309102263206448],[112.75751481531785,-7.308203046423172],[112.75926231668377,-7.307419744303365],[112.76263262333828,-7.308568353241379],[112.76352305870766,-7.31142582532417],[112.76055494080974,-7.313041605481619],[112.7598699905256,-7.314155088764036],[112.75661559853457,-7.314497563906103]]]],"type":"MultiPolygon"},"properties":{"Kelas":"Sangat Rendah"}},{"type":"Feature","geometry":{"coordinates":[[[[112.78179366846629,-7.314497563906103],[112.78062574041769,-7.313997023313849],[112.78143363049642,-7.312454128891764],[112.78179366846629,-7.314497563906103]]]],"type":"MultiPolygon"},"properties":{"Kelas":"Cukup Rendah"}},{"type":"Feature","geometry":{"coordinates":[[[[112.82405685728025,-7.314497563906103],[112.82285555985885,-7.312080918801049],[112.82525815470166,-7.312109019325527],[112.8246539934254,-7.314195483267971],[112.82405685728025,-7.314497563906103]]]],"type":"MultiPolygon"},"properties":{"Kelas":"Sedang"}},{"type":"Feature","geometry":{"coordinates":[[[[112.79977800413181,-7.31539678068938],[112.79887878734853,-7.31539678068938],[112.79887878734853,-7.312699130339551],[112.79977800413181,-7.312699130339551],[112.79977800413181,-7.31539678068938]]]],"type":"MultiPolygon"},"properties":{"Kelas":"Sedang"}},{"type":"Feature","geometry":{"coordinates":[[[[112.80067722091508,-7.31539678068938],[112.79977800413181,-7.31539678068938],[112.79977800413181,-7.312699130339551],[112.79977800413181,-7.311799913556275],[112.80157643769836,-7.311799913556275],[112.80097930155321,-7.313001210977683],[112.80067722091508,-7.31539678068938]]]],"type":"MultiPolygon"},"properties":{"Kelas":"Cukup Tinggi"}},{"type":"Feature","geometry":{"coordinates":[[[[112.83484745867958,-7.310001479989724],[112.83484745867958,-7.310900696773],[112.83664589224612,-7.310900696773],[112.83664589224612,-7.312699130339551],[112.8352549162845,-7.313107466085864],[112.82823681029626,-7.315744524679786],[112.82634705002516,-7.312832607830819],[112.83035137476318,-7.313240065435741],[112.83183192114659,-7.313089903258065],[112.83155969731571,-7.310422109715494],[112.83484745867958,-7.310001479989724]]]],"type":"MultiPolygon"},"properties":{"Kelas":"Tinggi"}},{"type":"Feature","geometry":{"coordinates":[[[[112.66759313699025,-7.316295997472656],[112.66596506285335,-7.315967572592825],[112.66685901078827,-7.314136647794847],[112.6644792476216,-7.31293271594927],[112.66369418921902,-7.310609153831546],[112.66596681913612,-7.309459666752144],[112.66489548664042,-7.307303829639896],[112.6657947034237,-7.307303829639896],[112.66759313699025,-7.308203046423172],[112.66809894643085,-7.312249521947914],[112.66759313699025,-7.316295997472656]],[[112.6657947034237,-7.311799913556275],[112.66548735393722,-7.310703993101658],[112.66469878296908,-7.311491685928415],[112.6657947034237,-7.311799913556275]]]],"type":"MultiPolygon"},"properties":{"Kelas":"Sedang"}},{"type":"Feature","geometry":{"coordinates":[[[[112.67119000412336,-7.316295997472656],[112.6693915705568,-7.316295997472656],[112.6693915705568,-7.312699130339551],[112.67119000412336,-7.312699130339551],[112.67119000412336,-7.316295997472656]]]],"type":"MultiPolygon"},"properties":{"Kelas":"Sangat Rendah"}},{"type":"Feature","geometry":{"coordinates":[[[[112.67298843768991,-7.316295997472656],[112.67119000412336,-7.316295997472656],[112.67119000412336,-7.312699130339551],[112.6693915705568,-7.312699130339551],[112.6693915705568,-7.316295997472656],[112.66759313699025,-7.316295997472656],[112.66809894643085,-7.312249521947914],[112.66759313699025,-7.308203046423172],[112.67192939917366,-7.308515664757982],[112.67119000412336,-7.310001479989724],[112.66999924439862,-7.310653939042433],[112.67208922090663,-7.311799913556275],[112.67208922090663,-7.314497563906103],[112.67298843768991,-7.314497563906103],[112.67326593036913,-7.315119288010164],[112.67505558252176,-7.31591839667499],[112.67298843768991,-7.316295997472656]]]],"type":"MultiPolygon"},"properties":{"Kelas":"Cukup Rendah"}},{"type":"Feature","geometry":{"coordinates":[[[[112.70176337475473,-7.316295997472656],[112.70066745430012,-7.315987769844794],[112.70145602526827,-7.315200077018037],[112.70176337475473,-7.316295997472656]]]],"type":"MultiPolygon"},"properties":{"Kelas":"Tinggi"}},{"type":"Feature","geometry":{"coordinates":[[[[112.71615084328715,-7.316295997472656],[112.71505492283254,-7.315987769844794],[112.71584349380068,-7.315200077018037],[112.71615084328715,-7.316295997472656]]]],"type":"MultiPolygon"},"properties":{"Kelas":"Sedang"}},{"type":"Feature","geometry":{"coordinates":[[[[112.7404296964356,-7.316295997472656],[112.73753358613165,-7.316027286207341],[112.74016449773585,-7.313427109551792],[112.7404296964356,-7.316295997472656]]]],"type":"MultiPolygon"},"properties":{"Kelas":"Tinggi"}},{"type":"Feature","geometry":{"coordinates":[[[[112.75751481531785,-7.316295997472656],[112.75571638175128,-7.316295997472656],[112.75571638175128,-7.314497563906103],[112.75661559853457,-7.314497563906103],[112.75751481531785,-7.316295997472656]]]],"type":"MultiPolygon"},"properties":{"Kelas":"Sedang"}},{"type":"Feature","geometry":{"coordinates":[[[[112.66759313699025,-7.31719521425593],[112.66429835049527,-7.3168931336178],[112.66255963054324,-7.313432378400133],[112.65986198019341,-7.314749590485009],[112.65919810530264,-7.308505127061304],[112.65562231356289,-7.30790096578504],[112.65320566845784,-7.309102263206448],[112.65320566845784,-7.307303829639896],[112.65410488524111,-7.307303829639896],[112.65410488524111,-7.306404612856619],[112.65770175237421,-7.306404612856619],[112.65860096915749,-7.306404612856619],[112.65890304979563,-7.307001749001763],[112.6600973220859,-7.307605910278028],[112.66071904618997,-7.312533161616857],[112.66179213496845,-7.312008033065686],[112.66249991692872,-7.308505127061304],[112.66309705307387,-7.307303829639896],[112.66489548664042,-7.307303829639896],[112.66596681913612,-7.309459666752144],[112.66369418921902,-7.310609153831546],[112.6644792476216,-7.31293271594927],[112.66685901078827,-7.314136647794847],[112.66596506285335,-7.315967572592825],[112.66759313699025,-7.316295997472656],[112.66759313699025,-7.31719521425593]]]],"type":"MultiPolygon"},"properties":{"Kelas":"Cukup Tinggi"}},{"type":"Feature","geometry":{"coordinates":[[[[112.67119000412336,-7.31719521425593],[112.66759313699025,-7.31719521425593],[112.66759313699025,-7.316295997472656],[112.6693915705568,-7.316295997472656],[112.67119000412336,-7.316295997472656],[112.67119000412336,-7.31719521425593]]]],"type":"MultiPolygon"},"properties":{"Kelas":"Sedang"}},{"type":"Feature","geometry":{"coordinates":[[[[112.67298843768991,-7.31719521425593],[112.67119000412336,-7.31719521425593],[112.67119000412336,-7.316295997472656],[112.67298843768991,-7.316295997472656],[112.67298843768991,-7.31719521425593]]]],"type":"MultiPolygon"},"properties":{"Kelas":"Cukup Tinggi"}},{"type":"Feature","geometry":{"coordinates":[[[[112.67838373838956,-7.31719521425593],[112.67721581034097,-7.316694673663678],[112.67802370041969,-7.315151779241592],[112.67838373838956,-7.31719521425593]]]],"type":"MultiPolygon"},"properties":{"Kelas":"Cukup Rendah"}},{"type":"Feature","geometry":{"coordinates":[[[[112.67928295517284,-7.31719521425593],[112.67928295517284,-7.314497563906103],[112.68018217195612,-7.314497563906103],[112.68018217195612,-7.31719521425593],[112.67928295517284,-7.31719521425593]]]],"type":"MultiPolygon"},"properties":{"Kelas":"Cukup Tinggi"}},{"type":"Feature","geometry":{"coordinates":[[[[112.68557747265577,-7.31719521425593],[112.68448155220115,-7.31688698662807],[112.68527012316929,-7.316099293801313],[112.68557747265577,-7.31719521425593]]]],"type":"MultiPolygon"},"properties":{"Kelas":"Sedang"}},{"type":"Feature","geometry":{"coordinates":[[[[112.73413517895267,-7.31719521425593],[112.73303925849805,-7.31688698662807],[112.7338278294662,-7.316099293801313],[112.73413517895267,-7.31719521425593]]]],"type":"MultiPolygon"},"properties":{"Kelas":"Tinggi"}},{"type":"Feature","geometry":{"coordinates":[[[[112.7368328293025,-7.31719521425593],[112.73573690884788,-7.31688698662807],[112.73652547981602,-7.316099293801313],[112.7368328293025,-7.31719521425593]]]],"type":"MultiPolygon"},"properties":{"Kelas":"Sedang"}},{"type":"Feature","geometry":{"coordinates":[[[[112.75751481531785,-7.316295997472656],[112.7593132488844,-7.316295997472656],[112.75841403210111,-7.317550861518848],[112.75751481531785,-7.316295997472656]]]],"type":"MultiPolygon"},"properties":{"Kelas":"Sedang"}},{"type":"Feature","geometry":{"coordinates":[[[[112.78628975238267,-7.31719521425593],[112.78539053559939,-7.31719521425593],[112.78539053559939,-7.31539678068938],[112.78628975238267,-7.31539678068938],[112.78628975238267,-7.31719521425593]]]],"type":"MultiPolygon"},"properties":{"Kelas":"Sedang"}},{"type":"Feature","geometry":{"coordinates":[[[[112.80157643769836,-7.31719521425593],[112.80067722091508,-7.31719521425593],[112.80067722091508,-7.31539678068938],[112.80157643769836,-7.31539678068938],[112.80157643769836,-7.31719521425593]]]],"type":"MultiPolygon"},"properties":{"Kelas":"Cukup Tinggi"}},{"type":"Feature","geometry":{"coordinates":[[[[112.66759313699025,-7.31719521425593],[112.67119000412336,-7.31719521425593],[112.67119000412336,-7.318094431039206],[112.66759313699025,-7.318094431039206],[112.66759313699025,-7.31719521425593]]]],"type":"MultiPolygon"},"properties":{"Kelas":"Cukup Tinggi"}},{"type":"Feature","geometry":{"coordinates":[[[[112.67298843768991,-7.316295997472656],[112.67505558252176,-7.31591839667499],[112.67326593036913,-7.315119288010164],[112.67298843768991,-7.314497563906103],[112.67607773909964,-7.313543902356653],[112.67388765447318,-7.310001479989724],[112.676585304823,-7.310001479989724],[112.676585304823,-7.312699130339551],[112.67748452160629,-7.312699130339551],[112.67798154963297,-7.314811060382304],[112.67928295517284,-7.312699130339551],[112.68053694107763,-7.311799913556275],[112.67928295517284,-7.310900696773],[112.67928295517284,-7.310001479989724],[112.68059665469215,-7.30886955573812],[112.67838373838956,-7.308203046423172],[112.67838373838956,-7.306404612856619],[112.68108138873939,-7.306404612856619],[112.68108138873939,-7.309102263206448],[112.68108138873939,-7.310900696773],[112.68198060552267,-7.310900696773],[112.68198060552267,-7.311799913556275],[112.68377903908922,-7.311799913556275],[112.68377903908922,-7.312699130339551],[112.68287982230595,-7.312699130339551],[112.68287982230595,-7.314497563906103],[112.68108138873939,-7.314497563906103],[112.68063178034775,-7.313345442402531],[112.68018217195612,-7.314497563906103],[112.67928295517284,-7.314497563906103],[112.67928295517284,-7.31719521425593],[112.67838373838956,-7.31719521425593],[112.677893735494,-7.317808156946093],[112.67298843768991,-7.31719521425593],[112.67298843768991,-7.316295997472656]],[[112.67802370041969,-7.315151779241592],[112.67721581034097,-7.316694673663678],[112.67838373838956,-7.31719521425593],[112.67802370041969,-7.315151779241592]]]],"type":"MultiPolygon"},"properties":{"Kelas":"Sedang"}},{"type":"Feature","geometry":{"coordinates":[[[[112.71255397615404,-7.318094431039206],[112.70985632580422,-7.318094431039206],[112.70985632580422,-7.311799913556275],[112.71255397615404,-7.311799913556275],[112.71255397615404,-7.314497563906103],[112.71255397615404,-7.31719521425593],[112.71255397615404,-7.318094431039206]]]],"type":"MultiPolygon"},"properties":{"Kelas":"Cukup Tinggi"}},{"type":"Feature","geometry":{"coordinates":[[[[112.71255397615404,-7.318094431039206],[112.71255397615404,-7.31719521425593],[112.71370609765762,-7.317644822647569],[112.71255397615404,-7.318094431039206]]]],"type":"MultiPolygon"},"properties":{"Kelas":"Sedang"}},{"type":"Feature","geometry":{"coordinates":[[[[112.72963909503629,-7.305505396073345],[112.72866611437627,-7.309543090184187],[112.73053831181957,-7.312155560819193],[112.73181337311772,-7.310377324504609],[112.73395252554357,-7.309551871598085],[112.73343090955795,-7.306910422297213],[112.73413517895267,-7.306404612856619],[112.736788922233,-7.305753031945301],[112.73826419976805,-7.306771675957606],[112.73863126286905,-7.307303829639896],[112.73794280001935,-7.308511274051034],[112.73536984574689,-7.307540927815174],[112.73503439573594,-7.310900696773],[112.73323596216939,-7.310900696773],[112.73323596216939,-7.311799913556275],[112.7323367453861,-7.311799913556275],[112.7323367453861,-7.313598347122827],[112.72958289398733,-7.314032148969448],[112.72725055045571,-7.318117262715345],[112.72434917130343,-7.317466559945416],[112.72297751445237,-7.314154210622645],[112.72683606771967,-7.313163667134818],[112.72302844665299,-7.311739321800371],[112.72517638049273,-7.310257019134189],[112.72656560017157,-7.310568759327611],[112.72748237978266,-7.306994723870645],[112.72963909503629,-7.305505396073345]]]],"type":"MultiPolygon"},"properties":{"Kelas":"Cukup Rendah"}},{"type":"Feature","geometry":{"coordinates":[[[[112.75301873140145,-7.318094431039206],[112.7500102189996,-7.317703658120694],[112.75240930127686,-7.316937918828685],[112.75301873140145,-7.318094431039206]]]],"type":"MultiPolygon"},"properties":{"Kelas":"Cukup Rendah"}},{"type":"Feature","geometry":{"coordinates":[[[[112.76560776636732,-7.313598347122827],[112.7665069831506,-7.313598347122827],[112.7665069831506,-7.312699130339551],[112.76740619993387,-7.312699130339551],[112.76740619993387,-7.311799913556275],[112.76740619993387,-7.310900696773],[112.76962087251925,-7.312808898013291],[112.76759412219133,-7.318510670058028],[112.7649913111116,-7.31527823160174],[112.76560776636732,-7.313598347122827]]]],"type":"MultiPolygon"},"properties":{"Kelas":"Cukup Tinggi"}},{"type":"Feature","geometry":{"coordinates":[[[[112.80247565448164,-7.318094431039206],[112.80157643769836,-7.318094431039206],[112.80157643769836,-7.31719521425593],[112.80247565448164,-7.31719521425593],[112.80247565448164,-7.318094431039206]]]],"type":"MultiPolygon"},"properties":{"Kelas":"Cukup Tinggi"}},{"type":"Feature","geometry":{"coordinates":[[[[112.67298843768991,-7.31719521425593],[112.677893735494,-7.317808156946093],[112.67838373838956,-7.31719521425593],[112.67928295517284,-7.31719521425593],[112.67874377635943,-7.31935280765096],[112.67349424713049,-7.3179556846996],[112.67298843768991,-7.31719521425593]]]],"type":"MultiPolygon"},"properties":{"Kelas":"Cukup Tinggi"}},{"type":"Feature","geometry":{"coordinates":[[[[112.69726729083835,-7.318094431039206],[112.69499466092125,-7.318580043227831],[112.69488225882334,-7.314972638398048],[112.69949074483763,-7.316012357803711],[112.69769231127108,-7.317619356547262],[112.69726729083835,-7.318094431039206]]]],"type":"MultiPolygon"},"properties":{"Kelas":"Sedang"}},{"type":"Feature","geometry":{"coordinates":[[[[112.74762343070181,-7.318993647822483],[112.74364720648826,-7.318508035633858],[112.74183647894225,-7.31550479208034],[112.7435910054393,-7.314862870724308],[112.74541051439921,-7.315960547461707],[112.74626933667855,-7.313862667681192],[112.74908465797463,-7.317660629192588],[112.74801508176171,-7.31848608209911],[112.74762343070181,-7.318993647822483]]]],"type":"MultiPolygon"},"properties":{"Kelas":"Cukup Rendah"}},{"type":"Feature","geometry":{"coordinates":[[[[112.80517330483147,-7.318993647822483],[112.80247565448164,-7.318993647822483],[112.80247565448164,-7.318094431039206],[112.80517330483147,-7.318094431039206],[112.80517330483147,-7.318993647822483]]]],"type":"MultiPolygon"},"properties":{"Kelas":"Cukup Tinggi"}},{"type":"Feature","geometry":{"coordinates":[[[[112.82405685728025,-7.314497563906103],[112.82368979417927,-7.316380299046086],[112.82040027653264,-7.319287825188106],[112.81932894403694,-7.318133947401753],[112.82124680483253,-7.315778772193994],[112.81929381838134,-7.314830379492882],[112.82405685728025,-7.314497563906103]]]],"type":"MultiPolygon"},"properties":{"Kelas":"Tinggi"}},{"type":"Feature","geometry":{"coordinates":[[[[112.83214980832975,-7.318993647822483],[112.83098188028114,-7.31849310723023],[112.83178977035988,-7.316950212808143],[112.83214980832975,-7.318993647822483]]]],"type":"MultiPolygon"},"properties":{"Kelas":"Sedang"}},{"type":"Feature","geometry":{"coordinates":[[[[112.83664589224612,-7.318993647822483],[112.83304902511301,-7.318094431039206],[112.83335110575115,-7.317497294894062],[112.83454537804144,-7.3168931336178],[112.83604875610098,-7.313900427760959],[112.83664589224612,-7.313598347122827],[112.83716399566617,-7.316755265419582],[112.83664589224612,-7.318993647822483]]]],"type":"MultiPolygon"},"properties":{"Kelas":"Sedang"}},{"type":"Feature","geometry":{"coordinates":[[[[112.83664589224612,-7.318993647822483],[112.83716399566617,-7.316755265419582],[112.83664589224612,-7.313598347122827],[112.83754510902939,-7.313598347122827],[112.83754510902939,-7.312699130339551],[112.83844432581267,-7.312699130339551],[112.83844432581267,-7.310900696773],[112.83994067874109,-7.311202777411131],[112.8411419761625,-7.311799913556275],[112.8411419761625,-7.312699130339551],[112.8411419761625,-7.313598347122827],[112.84204119294577,-7.313598347122827],[112.84064143557025,-7.318493985371619],[112.83664589224612,-7.318993647822483]]]],"type":"MultiPolygon"},"properties":{"Kelas":"Cukup Rendah"}},{"type":"Feature","geometry":{"coordinates":[[[[112.69996494118818,-7.318094431039206],[112.69726729083835,-7.318094431039206],[112.69671230547993,-7.320259927706743],[112.69350884568951,-7.319380030034047],[112.69301884279393,-7.31719521425593],[112.69389522790107,-7.313285728788017],[112.68774296932331,-7.314864627007088],[112.68686482793339,-7.319360710923469],[112.68231254296805,-7.318620437731768],[112.68254437229498,-7.317584230891665],[112.68144845184037,-7.316828151154946],[112.68108138873939,-7.314497563906103],[112.68287982230595,-7.314497563906103],[112.68287982230595,-7.312699130339551],[112.68377903908922,-7.312699130339551],[112.68377903908922,-7.311799913556275],[112.68647668943905,-7.311799913556275],[112.68796426095356,-7.312539308606587],[112.6882751230056,-7.307303829639896],[112.68917433978888,-7.307303829639896],[112.69007355657214,-7.307303829639896],[112.69187199013871,-7.307303829639896],[112.69187199013871,-7.309102263206448],[112.68874931935615,-7.307981754792912],[112.68980660158961,-7.312206493019808],[112.69139779378814,-7.310425622281054],[112.69187199013871,-7.310001479989724],[112.69246385743551,-7.313102197237523],[112.69367042370526,-7.311799913556275],[112.6954688572718,-7.311799913556275],[112.69491914076171,-7.313197914649026],[112.70035659224808,-7.31431051979005],[112.69816650762164,-7.310900696773],[112.70041454957982,-7.311453047707257],[112.70266259153802,-7.310900696773],[112.70296467217614,-7.311497832918144],[112.70495278428291,-7.312101994194407],[112.70566232252597,-7.308058153093835],[112.70356180832128,-7.309102263206448],[112.70392887142228,-7.307670892740882],[112.70536024188783,-7.305505396073345],[112.70825283962623,-7.304442844991543],[112.71476864873942,-7.308199533857612],[112.71273311699758,-7.30982848613591],[112.7072886403801,-7.307828958191067],[112.7080034474715,-7.316712236491476],[112.70577648090666,-7.315879758453834],[112.70345291878894,-7.313182108104007],[112.70217434492521,-7.314018098707209],[112.70243954362498,-7.317310250778011],[112.7009308967171,-7.319060386568117],[112.69996494118818,-7.319892864605759],[112.69996494118818,-7.318094431039206]],[[112.69769231127108,-7.317619356547262],[112.69949074483763,-7.316012357803711],[112.69488225882334,-7.314972638398048],[112.69499466092125,-7.318580043227831],[112.69726729083835,-7.318094431039206],[112.69769231127108,-7.317619356547262]],[[112.68439373806216,-7.31485145488624],[112.68597790512958,-7.313327879574732],[112.68377903908922,-7.312699130339551],[112.68439373806216,-7.31485145488624]],[[112.70145602526827,-7.315200077018037],[112.70066745430012,-7.315987769844794],[112.70176337475473,-7.316295997472656],[112.70145602526827,-7.315200077018037]],[[112.68527012316929,-7.316099293801313],[112.68448155220115,-7.31688698662807],[112.68557747265577,-7.31719521425593],[112.68527012316929,-7.316099293801313]]]],"type":"MultiPolygon"},"properties":{"Kelas":"Cukup Tinggi"}},{"type":"Feature","geometry":{"coordinates":[[[[112.72604222790318,-7.319892864605759],[112.72494630744856,-7.319584636977897],[112.72573487841672,-7.31879694415114],[112.72604222790318,-7.319892864605759]]]],"type":"MultiPolygon"},"properties":{"Kelas":"Cukup Tinggi"}},{"type":"Feature","geometry":{"coordinates":[[[[112.73773204608577,-7.319892864605759],[112.73561572533606,-7.319437109224392],[112.73660802510668,-7.317840648177521],[112.73773204608577,-7.319892864605759]]]],"type":"MultiPolygon"},"properties":{"Kelas":"Tinggi"}},{"type":"Feature","geometry":{"coordinates":[[[[112.7629101160175,-7.319892864605759],[112.75715653363076,-7.319482772576666],[112.7613154112534,-7.316836054427455],[112.76364248593669,-7.318188392167928],[112.7629101160175,-7.319892864605759]]]],"type":"MultiPolygon"},"properties":{"Kelas":"Tinggi"}},{"type":"Feature","geometry":{"coordinates":[[[[112.78628975238267,-7.319892864605759],[112.78628975238267,-7.31719521425593],[112.78718896916595,-7.31719521425593],[112.78718896916595,-7.319892864605759],[112.78628975238267,-7.319892864605759]]]],"type":"MultiPolygon"},"properties":{"Kelas":"Sedang"}},{"type":"Feature","geometry":{"coordinates":[[[[112.81236703909767,-7.319892864605759],[112.80927773768794,-7.319367736054588],[112.81071437700184,-7.31775107775575],[112.81236703909767,-7.319892864605759]]]],"type":"MultiPolygon"},"properties":{"Kelas":"Cukup Tinggi"}},{"type":"Feature","geometry":{"coordinates":[[[[112.71705006007042,-7.320792081389035],[112.71705006007042,-7.318993647822483],[112.7179492768537,-7.318993647822483],[112.7179492768537,-7.320792081389035],[112.71705006007042,-7.320792081389035]]]],"type":"MultiPolygon"},"properties":{"Kelas":"Sedang"}},{"type":"Feature","geometry":{"coordinates":[[[[112.72064692720353,-7.320792081389035],[112.71939294129872,-7.319892864605759],[112.72064692720353,-7.318993647822483],[112.72064692720353,-7.320792081389035]]]],"type":"MultiPolygon"},"properties":{"Kelas":"Tinggi"}},{"type":"Feature","geometry":{"coordinates":[[[[112.72064692720353,-7.320792081389035],[112.72064692720353,-7.318993647822483],[112.72190091310833,-7.319892864605759],[112.72064692720353,-7.320792081389035]]]],"type":"MultiPolygon"},"properties":{"Kelas":"Cukup Tinggi"}},{"type":"Feature","geometry":{"coordinates":[[[[112.8186615565806,-7.320792081389035],[112.81646269054025,-7.320163332153854],[112.81804685760765,-7.318639756842346],[112.8186615565806,-7.320792081389035]]]],"type":"MultiPolygon"},"properties":{"Kelas":"Sedang"}},{"type":"Feature","geometry":{"coordinates":[[[[112.83484745867958,-7.320792081389035],[112.83484745867958,-7.319892864605759],[112.83599958018314,-7.320342472997396],[112.83484745867958,-7.320792081389035]]]],"type":"MultiPolygon"},"properties":{"Kelas":"Sedang"}},{"type":"Feature","geometry":{"coordinates":[[[[112.72694144468646,-7.321691298172311],[112.72694144468646,-7.320792081389035],[112.72809356619004,-7.321241689780672],[112.72694144468646,-7.321691298172311]]]],"type":"MultiPolygon"},"properties":{"Kelas":"Sedang"}},{"type":"Feature","geometry":{"coordinates":[[[[112.77459993420008,-7.321691298172311],[112.7724994199954,-7.32126715588098],[112.77319666425899,-7.31795217213404],[112.77566248528188,-7.315993916834524],[112.77519707034523,-7.320490000750903],[112.77459993420008,-7.321691298172311]]]],"type":"MultiPolygon"},"properties":{"Kelas":"Cukup Tinggi"}},{"type":"Feature","geometry":{"coordinates":[[[[112.78179366846629,-7.316295997472656],[112.7848583819171,-7.31677897523711],[112.78344633056211,-7.322058361273296],[112.78061169015547,-7.321105577865236],[112.78179366846629,-7.316295997472656]]]],"type":"MultiPolygon"},"properties":{"Kelas":"Tinggi"}},{"type":"Feature","geometry":{"coordinates":[[[[112.65410488524111,-7.322590514955586],[112.65230645167456,-7.322590514955586],[112.65320566845784,-7.321335650909393],[112.65410488524111,-7.322590514955586]]]],"type":"MultiPolygon"},"properties":{"Kelas":"Sedang"}},{"type":"Feature","geometry":{"coordinates":[[[[112.6508788,-7.3215154],[112.650884,-7.3214735],[112.6508794,-7.3214714],[112.6508431,-7.3214327],[112.6507996,-7.3213529],[112.6507862,-7.3213261],[112.6507584,-7.3212706],[112.6507633,-7.3211859],[112.6507609,-7.3210892],[112.6507318,-7.3210456],[112.6506713,-7.3209561],[112.6505988,-7.3208883],[112.6505322,-7.3208291],[112.6504887,-7.3207928],[112.6503338,-7.3206573],[112.65026409970854,-7.320540369705685],[112.65725214398257,-7.321409414786146],[112.660072734127,-7.321059036371569],[112.66129861950732,-7.322590514955586],[112.65410488524111,-7.322590514955586],[112.65320566845784,-7.321335650909393],[112.65230645167456,-7.322590514955586],[112.6507523429766,-7.322590514955586],[112.6508788,-7.3215154]]],[[[112.6496479,-7.3197633],[112.649584,-7.3196933],[112.6495221,-7.3196254],[112.6494374,-7.3195286],[112.6493878,-7.3194694],[112.6493128,-7.3194306],[112.6492956,-7.3194199],[112.6492233,-7.319375],[112.6491217,-7.319329],[112.6490975,-7.3193242],[112.6490975,-7.3193213],[112.6489855,-7.319314],[112.6488182,-7.3192773],[112.6486509,-7.3192691],[112.6485081,-7.3192528],[112.6483979,-7.3191222],[112.6483367,-7.3189875],[112.6483979,-7.3187468],[112.6484346,-7.318502],[112.6484958,-7.3182408],[112.6485652,-7.3179715],[112.6486264,-7.3177593],[112.648657,-7.3175532],[112.6486815,-7.3173696],[112.64871134244054,-7.317190467235194],[112.64945347476045,-7.314595515561585],[112.6494568,-7.3145949],[112.6494926,-7.3145818],[112.6494587319364,-7.314577133236536],[112.64985292463113,-7.313198792790415],[112.65105773461809,-7.314033027110836],[112.6501075856342,-7.319493310273346],[112.64970690737339,-7.319814423468128],[112.6496479,-7.3197633]]]],"type":"MultiPolygon"},"properties":{"Kelas":"Cukup Tinggi"}},{"type":"Feature","geometry":{"coordinates":[[[[112.6990657244049,-7.322590514955586],[112.6990657244049,-7.319892864605759],[112.69996494118818,-7.319892864605759],[112.69996494118818,-7.322590514955586],[112.6990657244049,-7.322590514955586]]]],"type":"MultiPolygon"},"properties":{"Kelas":"Cukup Tinggi"}},{"type":"Feature","geometry":{"coordinates":[[[[112.72694144468646,-7.320792081389035],[112.72694144468646,-7.321691298172311],[112.72514827996825,-7.322582611683076],[112.72218367463589,-7.321134556531103],[112.72694144468646,-7.320792081389035]]]],"type":"MultiPolygon"},"properties":{"Kelas":"Cukup Rendah"}},{"type":"Feature","geometry":{"coordinates":[[[[112.73053831181957,-7.322590514955586],[112.72911396648512,-7.322193595047343],[112.72963909503629,-7.318993647822483],[112.7323367453861,-7.318993647822483],[112.7323367453861,-7.321691298172311],[112.73143752860284,-7.321691298172311],[112.7309615759695,-7.319606590512645],[112.73053831181957,-7.322590514955586]]]],"type":"MultiPolygon"},"properties":{"Kelas":"Sedang"}},{"type":"Feature","geometry":{"coordinates":[[[[112.73143752860284,-7.322590514955586],[112.73053831181957,-7.322590514955586],[112.7309615759695,-7.319606590512645],[112.73143752860284,-7.321691298172311],[112.73143752860284,-7.322590514955586]]]],"type":"MultiPolygon"},"properties":{"Kelas":"Cukup Rendah"}},{"type":"Feature","geometry":{"coordinates":[[[[112.80697173839802,-7.322590514955586],[112.80697173839802,-7.319892864605759],[112.80517330483147,-7.319892864605759],[112.80517330483147,-7.318993647822483],[112.80808697796321,-7.319372126761538],[112.80904239579544,-7.321499863349308],[112.80697173839802,-7.322590514955586]]]],"type":"MultiPolygon"},"properties":{"Kelas":"Cukup Tinggi"}},{"type":"Feature","geometry":{"coordinates":[[[[112.82495607406354,-7.322590514955586],[112.82405685728025,-7.322590514955586],[112.82405685728025,-7.320792081389035],[112.82568668769994,-7.321121384410255],[112.82495607406354,-7.322590514955586]]]],"type":"MultiPolygon"},"properties":{"Kelas":"Sedang"}},{"type":"Feature","geometry":{"coordinates":[[[[112.71705006007042,-7.320792081389035],[112.7179492768537,-7.320792081389035],[112.7179492768537,-7.318993647822483],[112.72010423582456,-7.317922315326783],[112.72064692720353,-7.318993647822483],[112.71939294129872,-7.319892864605759],[112.72064692720353,-7.320792081389035],[112.72064692720353,-7.323489731738862],[112.71705006007042,-7.323489731738862],[112.71705006007042,-7.320792081389035]]]],"type":"MultiPolygon"},"properties":{"Kelas":"Cukup Tinggi"}},{"type":"Feature","geometry":{"coordinates":[[[[112.73053831181957,-7.322590514955586],[112.73143752860284,-7.322590514955586],[112.7309879202112,-7.323742636459158],[112.73053831181957,-7.322590514955586]]]],"type":"MultiPolygon"},"properties":{"Kelas":"Sedang"}},{"type":"Feature","geometry":{"coordinates":[[[[112.73413517895267,-7.323489731738862],[112.73413517895267,-7.322590514955586],[112.73528730045624,-7.323040123347225],[112.73413517895267,-7.323489731738862]]]],"type":"MultiPolygon"},"properties":{"Kelas":"Cukup Rendah"}},{"type":"Feature","geometry":{"coordinates":[[[[112.7404296964356,-7.323489731738862],[112.73933377598098,-7.323181504111002],[112.74012234694914,-7.322393811284245],[112.7404296964356,-7.323489731738862]]]],"type":"MultiPolygon"},"properties":{"Kelas":"Sangat Rendah"}},{"type":"Feature","geometry":{"coordinates":[[[[112.74942186426836,-7.323489731738862],[112.74635715081754,-7.322702917053496],[112.74965193731252,-7.319525801504772],[112.75135377532618,-7.320566399051826],[112.74942186426836,-7.323489731738862]]]],"type":"MultiPolygon"},"properties":{"Kelas":"Cukup Rendah"}},{"type":"Feature","geometry":{"coordinates":[[[[112.78449131881612,-7.323489731738862],[112.78359210203284,-7.323489731738862],[112.78404171042448,-7.322337610235289],[112.78449131881612,-7.323489731738862]]]],"type":"MultiPolygon"},"properties":{"Kelas":"Tinggi"}},{"type":"Feature","geometry":{"coordinates":[[[[112.78628975238267,-7.323489731738862],[112.78539053559939,-7.323489731738862],[112.78539053559939,-7.319892864605759],[112.78628975238267,-7.319892864605759],[112.78628975238267,-7.323489731738862]]]],"type":"MultiPolygon"},"properties":{"Kelas":"Sedang"}},{"type":"Feature","geometry":{"coordinates":[[[[112.78628975238267,-7.323489731738862],[112.78628975238267,-7.319892864605759],[112.78718896916595,-7.319892864605759],[112.78718896916595,-7.31719521425593],[112.78628975238267,-7.31719521425593],[112.78628975238267,-7.31539678068938],[112.78539053559939,-7.31539678068938],[112.78449131881612,-7.31539678068938],[112.78449131881612,-7.313598347122827],[112.78502347249841,-7.313231284021841],[112.78603333509682,-7.310533633672014],[112.78682190606496,-7.311267759873985],[112.78757535137751,-7.315124556858505],[112.78985676270852,-7.313637863485374],[112.7934553861244,-7.314444875422708],[112.79622680035098,-7.310431769270783],[112.8003101578141,-7.309634416888738],[112.80299727046724,-7.308505127061304],[112.80337487126491,-7.310900696773],[112.80247565448164,-7.310900696773],[112.80202604608999,-7.309748575269428],[112.80157643769836,-7.310900696773],[112.79977800413181,-7.310900696773],[112.79977800413181,-7.311799913556275],[112.79977800413181,-7.312699130339551],[112.79887878734853,-7.312699130339551],[112.79887878734853,-7.31539678068938],[112.79977800413181,-7.31539678068938],[112.80008008476995,-7.317792350401074],[112.80067722091508,-7.318993647822483],[112.79887527478297,-7.318518573330538],[112.79760372605037,-7.312175758071159],[112.79708035378198,-7.311799913556275],[112.79618113699871,-7.311799913556275],[112.79618113699871,-7.312699130339551],[112.79572801604151,-7.314624894407642],[112.7920275282244,-7.316638472614724],[112.79118451249008,-7.320220411344199],[112.78847105559522,-7.318315722669466],[112.78684649402388,-7.323147256596794],[112.78628975238267,-7.323489731738862]]]],"type":"MultiPolygon"},"properties":{"Kelas":"Cukup Rendah"}},{"type":"Feature","geometry":{"coordinates":[[[[112.83572,-7.32344],[112.8356851877828,-7.323489731738862],[112.83484745867958,-7.323489731738862],[112.83484745867958,-7.322590514955586],[112.83574667546284,-7.322590514955586],[112.83574667546284,-7.323390459854716],[112.83572,-7.32344]]]],"type":"MultiPolygon"},"properties":{"Kelas":"Sedang"}},{"type":"Feature","geometry":{"coordinates":[[[[112.72873987825301,-7.324388948522138],[112.72764395779839,-7.324080720894276],[112.72843252876655,-7.323293028067521],[112.72873987825301,-7.324388948522138]]]],"type":"MultiPolygon"},"properties":{"Kelas":"Tinggi"}},{"type":"Feature","geometry":{"coordinates":[[[[112.75841403210111,-7.324388948522138],[112.75661559853457,-7.324388948522138],[112.75631351789643,-7.323791812376994],[112.75409182017994,-7.323150769162353],[112.75481716496802,-7.321691298172311],[112.75857736639963,-7.322036407738548],[112.7593132488844,-7.323489731738862],[112.75841403210111,-7.323489731738862],[112.75841403210111,-7.324388948522138]]]],"type":"MultiPolygon"},"properties":{"Kelas":"Tinggi"}},{"type":"Feature","geometry":{"coordinates":[[[[112.75841403210111,-7.324388948522138],[112.75841403210111,-7.323489731738862],[112.7593132488844,-7.323489731738862],[112.7593132488844,-7.324388948522138],[112.75841403210111,-7.324388948522138]]]],"type":"MultiPolygon"},"properties":{"Kelas":"Cukup Tinggi"}},{"type":"Feature","geometry":{"coordinates":[[[[112.76021246566766,-7.323489731738862],[112.76060411672756,-7.322082949232215],[112.76462600429339,-7.319677719965229],[112.7640341369966,-7.315668126378863],[112.76021246566766,-7.316295997472656],[112.76177380105895,-7.314033905252227],[112.76560776636732,-7.313598347122827],[112.7649913111116,-7.31527823160174],[112.76759412219133,-7.318510670058028],[112.76962087251925,-7.312808898013291],[112.76740619993387,-7.310900696773],[112.76780136355934,-7.308578012796668],[112.76875502510879,-7.308719393560443],[112.7704955013436,-7.308462098133198],[112.76964370419539,-7.31655943988963],[112.76766964235085,-7.321968790851525],[112.76605737475896,-7.322207645309582],[112.76510722577507,-7.322067142687196],[112.76425367234407,-7.32415360662964],[112.76021246566766,-7.323489731738862]]]],"type":"MultiPolygon"},"properties":{"Kelas":"Sedang"}},{"type":"Feature","geometry":{"coordinates":[[[[112.81686312301404,-7.324388948522138],[112.81395296244786,-7.324021885421152],[112.81653469813422,-7.32276175252662],[112.81686312301404,-7.324388948522138]]]],"type":"MultiPolygon"},"properties":{"Kelas":"Sedang"}},{"type":"Feature","geometry":{"coordinates":[[[[112.82585529084682,-7.324388948522138],[112.82495607406354,-7.324388948522138],[112.82495607406354,-7.322590514955586],[112.82585529084682,-7.322590514955586],[112.82585529084682,-7.324388948522138]]]],"type":"MultiPolygon"},"properties":{"Kelas":"Sedang"}},{"type":"Feature","geometry":{"coordinates":[[[[112.82585529084682,-7.324388948522138],[112.82585529084682,-7.322590514955586],[112.82495607406354,-7.322590514955586],[112.82568668769994,-7.321121384410255],[112.82405685728025,-7.320792081389035],[112.82478922719945,-7.3195582927362],[112.82674748249897,-7.320361792107974],[112.82796458646538,-7.323906848899073],[112.82585529084682,-7.324388948522138]]]],"type":"MultiPolygon"},"properties":{"Kelas":"Cukup Rendah"}},{"type":"Feature","geometry":{"coordinates":[[[[112.8339482418963,-7.324388948522138],[112.8339482418963,-7.323489731738862],[112.83484745867958,-7.323489731738862],[112.83484745867958,-7.324388948522138],[112.8339482418963,-7.324388948522138]]]],"type":"MultiPolygon"},"properties":{"Kelas":"Sedang"}},{"type":"Feature","geometry":{"coordinates":[[[[112.6504211,-7.3250583],[112.6505279,-7.32417],[112.6506118,-7.3235791],[112.6506957,-7.3230036],[112.6507415,-7.3226827],[112.6507523429766,-7.322590514955586],[112.65230645167456,-7.322590514955586],[112.65163555165266,-7.323939340130501],[112.65230645167456,-7.325288165305414],[112.65039974999004,-7.325288165305414],[112.6504211,-7.3250583]]]],"type":"MultiPolygon"},"properties":{"Kelas":"Sedang"}},{"type":"Feature","geometry":{"coordinates":[[[[112.6693915705568,-7.324388948522138],[112.66759313699025,-7.323489731738862],[112.66489548664042,-7.323489731738862],[112.66489548664042,-7.322590514955586],[112.66725066184819,-7.322248039813518],[112.67454274795006,-7.319834907274023],[112.67568608803973,-7.321691298172311],[112.67335550079089,-7.322058361273296],[112.67257571123665,-7.325094974199631],[112.67169756984673,-7.323822547325641],[112.6693915705568,-7.324388948522138]]]],"type":"MultiPolygon"},"properties":{"Kelas":"Cukup Tinggi"}},{"type":"Feature","geometry":{"coordinates":[[[[112.72244536077008,-7.325288165305414],[112.72142320419222,-7.322370979608106],[112.72553290589704,-7.324310793938436],[112.72244536077008,-7.325288165305414]]]],"type":"MultiPolygon"},"properties":{"Kelas":"Cukup Tinggi"}},{"type":"Feature","geometry":{"coordinates":[[[[112.7404296964356,-7.325288165305414],[112.73863126286905,-7.325288165305414],[112.73863126286905,-7.321691298172311],[112.74436376986243,-7.322737164567702],[112.74154317971801,-7.323996419320844],[112.7404296964356,-7.325288165305414]],[[112.7404296964356,-7.323489731738862],[112.74012234694914,-7.322393811284245],[112.73933377598098,-7.323181504111002],[112.7404296964356,-7.323489731738862]]]],"type":"MultiPolygon"},"properties":{"Kelas":"Cukup Rendah"}},{"type":"Feature","geometry":{"coordinates":[[[[112.75661559853457,-7.324388948522138],[112.75841403210111,-7.324388948522138],[112.75751481531785,-7.32564381256833],[112.75661559853457,-7.324388948522138]]]],"type":"MultiPolygon"},"properties":{"Kelas":"Cukup Tinggi"}},{"type":"Feature","geometry":{"coordinates":[[[[112.80427408804819,-7.325288165305414],[112.80337487126491,-7.325288165305414],[112.80234393327315,-7.322665156973729],[112.80603915224192,-7.32115299750029],[112.80067722091508,-7.318993647822483],[112.80008008476995,-7.317792350401074],[112.79977800413181,-7.31539678068938],[112.80067722091508,-7.31539678068938],[112.80067722091508,-7.31719521425593],[112.80157643769836,-7.31719521425593],[112.80157643769836,-7.318094431039206],[112.80247565448164,-7.318094431039206],[112.80247565448164,-7.318993647822483],[112.80517330483147,-7.318993647822483],[112.80517330483147,-7.319892864605759],[112.80697173839802,-7.319892864605759],[112.80697173839802,-7.322590514955586],[112.80427408804819,-7.322590514955586],[112.80427408804819,-7.325288165305414]]]],"type":"MultiPolygon"},"properties":{"Kelas":"Sedang"}},{"type":"Feature","geometry":{"coordinates":[[[[112.82855294119663,-7.325288165305414],[112.82585529084682,-7.325288165305414],[112.82585529084682,-7.324388948522138],[112.82796458646538,-7.323906848899073],[112.82674748249897,-7.320361792107974],[112.82478922719945,-7.3195582927362],[112.82405685728025,-7.320792081389035],[112.8209429679116,-7.320223923909758],[112.8235738795158,-7.318510670058028],[112.82633826861127,-7.317678192020386],[112.82788731002307,-7.315879758453834],[112.830767613782,-7.317050320926594],[112.82993513574436,-7.318577408803662],[112.82806469458384,-7.319412521265473],[112.82855294119663,-7.325288165305414]]]],"type":"MultiPolygon"},"properties":{"Kelas":"Sedang"}},{"type":"Feature","geometry":{"coordinates":[[[[112.6657947034237,-7.32618738208869],[112.66309705307387,-7.32618738208869],[112.66309705307387,-7.324388948522138],[112.66489548664042,-7.324388948522138],[112.66489548664042,-7.323489731738862],[112.66759313699025,-7.323489731738862],[112.6657947034237,-7.32618738208869]]]],"type":"MultiPolygon"},"properties":{"Kelas":"Sedang"}},{"type":"Feature","geometry":{"coordinates":[[[[112.67748452160629,-7.32618738208869],[112.676585304823,-7.32618738208869],[112.676585304823,-7.324388948522138],[112.67568608803973,-7.324388948522138],[112.67568608803973,-7.321691298172311],[112.67687684776446,-7.322610712207554],[112.67748452160629,-7.32618738208869]]]],"type":"MultiPolygon"},"properties":{"Kelas":"Cukup Tinggi"}},{"type":"Feature","geometry":{"coordinates":[[[[112.78539053559939,-7.32618738208869],[112.78449131881612,-7.32618738208869],[112.78449131881612,-7.323489731738862],[112.78539053559939,-7.323489731738862],[112.78539053559939,-7.32618738208869]]]],"type":"MultiPolygon"},"properties":{"Kelas":"Sedang"}},{"type":"Feature","geometry":{"coordinates":[[[[112.80427408804819,-7.32618738208869],[112.80337487126491,-7.32618738208869],[112.80337487126491,-7.325288165305414],[112.80427408804819,-7.325288165305414],[112.80427408804819,-7.32618738208869]]]],"type":"MultiPolygon"},"properties":{"Kelas":"Cukup Rendah"}},{"type":"Feature","geometry":{"coordinates":[[[[112.80427408804819,-7.32618738208869],[112.80427408804819,-7.325288165305414],[112.80542620955177,-7.325737773697051],[112.80427408804819,-7.32618738208869]]]],"type":"MultiPolygon"},"properties":{"Kelas":"Sedang"}},{"type":"Feature","geometry":{"coordinates":[[[[112.82405685728025,-7.32618738208869],[112.82330165568493,-7.325665766103079],[112.82405685728025,-7.322590514955586],[112.82495607406354,-7.322590514955586],[112.82495607406354,-7.324388948522138],[112.82585529084682,-7.324388948522138],[112.82585529084682,-7.325288165305414],[112.82405685728025,-7.325288165305414],[112.82405685728025,-7.32618738208869]]]],"type":"MultiPolygon"},"properties":{"Kelas":"Cukup Tinggi"}},{"type":"Feature","geometry":{"coordinates":[[[[112.82405685728025,-7.32618738208869],[112.82405685728025,-7.325288165305414],[112.82585529084682,-7.325288165305414],[112.82585529084682,-7.32618738208869],[112.82405685728025,-7.32618738208869]]]],"type":"MultiPolygon"},"properties":{"Kelas":"Sedang"}},{"type":"Feature","geometry":{"coordinates":[[[[112.6502303,-7.3270586],[112.6502609,-7.326783],[112.6503984,-7.3253027],[112.65039974999004,-7.325288165305414],[112.65230645167456,-7.325288165305414],[112.65230645167456,-7.327086598871965],[112.65086981236065,-7.326372669921962],[112.65050801810801,-7.327086598871965],[112.6502257664718,-7.327086598871965],[112.6502303,-7.3270586]]]],"type":"MultiPolygon"},"properties":{"Kelas":"Cukup Rendah"}},{"type":"Feature","geometry":{"coordinates":[[[[112.67298843768991,-7.327086598871965],[112.67268635705177,-7.326489462726821],[112.66969365119493,-7.324986084667282],[112.6693915705568,-7.324388948522138],[112.67169756984673,-7.323822547325641],[112.67257571123665,-7.325094974199631],[112.67335550079089,-7.322058361273296],[112.67568608803973,-7.321691298172311],[112.67568608803973,-7.324388948522138],[112.67449181574945,-7.324993109798401],[112.67388765447318,-7.32618738208869],[112.67388765447318,-7.327086598871965],[112.67298843768991,-7.327086598871965]]]],"type":"MultiPolygon"},"properties":{"Kelas":"Sedang"}},{"type":"Feature","geometry":{"coordinates":[[[[112.67568608803973,-7.327086598871965],[112.67388765447318,-7.32618738208869],[112.67449181574945,-7.324993109798401],[112.67568608803973,-7.324388948522138],[112.67568608803973,-7.327086598871965]]]],"type":"MultiPolygon"},"properties":{"Kelas":"Cukup Rendah"}},{"type":"Feature","geometry":{"coordinates":[[[[112.75571638175128,-7.327086598871965],[112.75391794818474,-7.327086598871965],[112.75391794818474,-7.32618738208869],[112.75538795687146,-7.325456768452279],[112.75571638175128,-7.327086598871965]]]],"type":"MultiPolygon"},"properties":{"Kelas":"Cukup Rendah"}},{"type":"Feature","geometry":{"coordinates":[[[[112.7737007174168,-7.327086598871965],[112.77151063279035,-7.326476290605973],[112.77234311082799,-7.323717170358851],[112.7737007174168,-7.327086598871965]]]],"type":"MultiPolygon"},"properties":{"Kelas":"Sangat Rendah"}},{"type":"Feature","geometry":{"coordinates":[[[[112.82405685728025,-7.327086598871965],[112.82135920693042,-7.327086598871965],[112.82005077625945,-7.323355376106205],[112.82405685728025,-7.322590514955586],[112.82330165568493,-7.325665766103079],[112.82405685728025,-7.32618738208869],[112.82405685728025,-7.327086598871965]]]],"type":"MultiPolygon"},"properties":{"Kelas":"Sedang"}},{"type":"Feature","geometry":{"coordinates":[[[[112.82855294119663,-7.327086598871965],[112.82855294119663,-7.32618738208869],[112.82970506270021,-7.326636990480328],[112.82855294119663,-7.327086598871965]]]],"type":"MultiPolygon"},"properties":{"Kelas":"Sedang"}},{"type":"Feature","geometry":{"coordinates":[[[[112.66399626985715,-7.327985815655241],[112.66309705307387,-7.327985815655241],[112.66309705307387,-7.327086598871965],[112.66309705307387,-7.32618738208869],[112.6657947034237,-7.32618738208869],[112.6657947034237,-7.327086598871965],[112.66399626985715,-7.327086598871965],[112.66399626985715,-7.327985815655241]]]],"type":"MultiPolygon"},"properties":{"Kelas":"Cukup Tinggi"}},{"type":"Feature","geometry":{"coordinates":[[[[112.73773204608577,-7.327985815655241],[112.73464274467604,-7.327125237093123],[112.73727365628024,-7.325289921588194],[112.73773204608577,-7.327985815655241]]]],"type":"MultiPolygon"},"properties":{"Kelas":"Cukup Rendah"}},{"type":"Feature","geometry":{"coordinates":[[[[112.74312734678543,-7.327985815655241],[112.74113220954753,-7.327695150855179],[112.74284458525787,-7.326042488759354],[112.74312734678543,-7.327985815655241]]]],"type":"MultiPolygon"},"properties":{"Kelas":"Tinggi"}},{"type":"Feature","geometry":{"coordinates":[[[[112.82135920693042,-7.327985815655241],[112.82135920693042,-7.327086598871965],[112.82405685728025,-7.327086598871965],[112.82405685728025,-7.327985815655241],[112.82135920693042,-7.327985815655241]]]],"type":"MultiPolygon"},"properties":{"Kelas":"Cukup Rendah"}},{"type":"Feature","geometry":{"coordinates":[[[[112.82765372441335,-7.327985815655241],[112.82675450763008,-7.327985815655241],[112.82675450763008,-7.327086598871965],[112.82405685728025,-7.327086598871965],[112.82405685728025,-7.32618738208869],[112.82585529084682,-7.32618738208869],[112.82585529084682,-7.325288165305414],[112.82855294119663,-7.325288165305414],[112.82855294119663,-7.32618738208869],[112.82855294119663,-7.327086598871965],[112.82765372441335,-7.327086598871965],[112.82765372441335,-7.327985815655241]]]],"type":"MultiPolygon"},"properties":{"Kelas":"Cukup Rendah"}},{"type":"Feature","geometry":{"coordinates":[[[[112.82765372441335,-7.327985815655241],[112.82765372441335,-7.327086598871965],[112.82855294119663,-7.327086598871965],[112.82855294119663,-7.327985815655241],[112.82765372441335,-7.327985815655241]]]],"type":"MultiPolygon"},"properties":{"Kelas":"Sedang"}},{"type":"Feature","geometry":{"coordinates":[[[[112.83125059154646,-7.327985815655241],[112.83125059154646,-7.327086598871965],[112.83214980832975,-7.327086598871965],[112.83214980832975,-7.327985815655241],[112.83125059154646,-7.327985815655241]]]],"type":"MultiPolygon"},"properties":{"Kelas":"Sedang"}},{"type":"Feature","geometry":{"coordinates":[[[[112.65230645167456,-7.327086598871965],[112.65411542293779,-7.32618738208869],[112.65500058945884,-7.3279981096347],[112.6532091810234,-7.328872738459058],[112.65230645167456,-7.327086598871965]]]],"type":"MultiPolygon"},"properties":{"Kelas":"Sangat Rendah"}},{"type":"Feature","geometry":{"coordinates":[[[[112.66309705307387,-7.328885032438517],[112.6621978362906,-7.328885032438517],[112.66129861950732,-7.328885032438517],[112.66129861950732,-7.327086598871965],[112.66309705307387,-7.327086598871965],[112.66309705307387,-7.327985815655241],[112.66309705307387,-7.328885032438517]]]],"type":"MultiPolygon"},"properties":{"Kelas":"Sedang"}},{"type":"Feature","geometry":{"coordinates":[[[[112.66399626985715,-7.327985815655241],[112.66399626985715,-7.327086598871965],[112.6657947034237,-7.327086598871965],[112.66546627854387,-7.328716429291653],[112.66399626985715,-7.327985815655241]]]],"type":"MultiPolygon"},"properties":{"Kelas":"Sedang"}},{"type":"Feature","geometry":{"coordinates":[[[[112.67208922090663,-7.328885032438517],[112.67119000412336,-7.328885032438517],[112.67119000412336,-7.327086598871965],[112.67298843768991,-7.327086598871965],[112.67208922090663,-7.328885032438517]]]],"type":"MultiPolygon"},"properties":{"Kelas":"Cukup Tinggi"}},{"type":"Feature","geometry":{"coordinates":[[[[112.68377903908922,-7.328885032438517],[112.68108138873939,-7.328885032438517],[112.68018217195612,-7.328885032438517],[112.67803599439915,-7.328334437787039],[112.67748452160629,-7.32618738208869],[112.67965001827382,-7.327618752554256],[112.68341197598824,-7.328352878756228],[112.68377903908922,-7.328885032438517]]]],"type":"MultiPolygon"},"properties":{"Kelas":"Cukup Tinggi"}},{"type":"Feature","geometry":{"coordinates":[[[[112.70895710902094,-7.328885032438517],[112.70673365502167,-7.326898676614523],[112.7095876145389,-7.325932721085614],[112.70895710902094,-7.328885032438517]]]],"type":"MultiPolygon"},"properties":{"Kelas":"Cukup Rendah"}},{"type":"Feature","geometry":{"coordinates":[[[[112.75841403210111,-7.328885032438517],[112.75751481531785,-7.328885032438517],[112.75751481531785,-7.327985815655241],[112.75841403210111,-7.327985815655241],[112.75841403210111,-7.328885032438517]]]],"type":"MultiPolygon"},"properties":{"Kelas":"Tinggi"}},{"type":"Feature","geometry":{"coordinates":[[[[112.78449131881612,-7.328885032438517],[112.78395916513382,-7.32671953577098],[112.78359210203284,-7.323489731738862],[112.78449131881612,-7.323489731738862],[112.78449131881612,-7.32618738208869],[112.78539053559939,-7.32618738208869],[112.78539053559939,-7.328885032438517],[112.78449131881612,-7.328885032438517]]]],"type":"MultiPolygon"},"properties":{"Kelas":"Cukup Tinggi"}},{"type":"Feature","geometry":{"coordinates":[[[[112.81236703909767,-7.328885032438517],[112.81311521556188,-7.327406242337895],[112.82135920693042,-7.327086598871965],[112.82135920693042,-7.327985815655241],[112.81736190732352,-7.328485478106105],[112.81236703909767,-7.328885032438517]]]],"type":"MultiPolygon"},"properties":{"Kelas":"Sedang"}},{"type":"Feature","geometry":{"coordinates":[[[[112.66129861950732,-7.327086598871965],[112.66129861950732,-7.328885032438517],[112.65984090480006,-7.329609499085199],[112.65919810530264,-7.327510741163296],[112.66129861950732,-7.327086598871965]]]],"type":"MultiPolygon"},"properties":{"Kelas":"Cukup Rendah"}},{"type":"Feature","geometry":{"coordinates":[[[[112.6621978362906,-7.328885032438517],[112.66309705307387,-7.328885032438517],[112.66264744468224,-7.33003715394209],[112.6621978362906,-7.328885032438517]]]],"type":"MultiPolygon"},"properties":{"Kelas":"Cukup Rendah"}},{"type":"Feature","geometry":{"coordinates":[[[[112.67388765447318,-7.329784249221794],[112.67208922090663,-7.329784249221794],[112.67119000412336,-7.329784249221794],[112.6693915705568,-7.328885032438517],[112.66999573183307,-7.327690760148229],[112.67119000412336,-7.327086598871965],[112.67119000412336,-7.328885032438517],[112.67208922090663,-7.328885032438517],[112.67388765447318,-7.328885032438517],[112.67388765447318,-7.329784249221794]]]],"type":"MultiPolygon"},"properties":{"Kelas":"Sedang"}},{"type":"Feature","geometry":{"coordinates":[[[[112.68018217195612,-7.329784249221794],[112.67778660224442,-7.329482168583661],[112.676585304823,-7.328885032438517],[112.676585304823,-7.327086598871965],[112.67568608803973,-7.327086598871965],[112.67568608803973,-7.324388948522138],[112.676585304823,-7.324388948522138],[112.676585304823,-7.32618738208869],[112.67748452160629,-7.32618738208869],[112.67803599439915,-7.328334437787039],[112.68018217195612,-7.328885032438517],[112.68018217195612,-7.329784249221794]]]],"type":"MultiPolygon"},"properties":{"Kelas":"Sedang"}},{"type":"Feature","geometry":{"coordinates":[[[[112.68108138873939,-7.329784249221794],[112.68018217195612,-7.329784249221794],[112.68018217195612,-7.328885032438517],[112.68108138873939,-7.328885032438517],[112.68108138873939,-7.329784249221794]]]],"type":"MultiPolygon"},"properties":{"Kelas":"Cukup Rendah"}},{"type":"Feature","geometry":{"coordinates":[[[[112.68377903908922,-7.329784249221794],[112.68198060552267,-7.329784249221794],[112.68108138873939,-7.329784249221794],[112.68108138873939,-7.328885032438517],[112.68377903908922,-7.328885032438517],[112.68377903908922,-7.329784249221794]]]],"type":"MultiPolygon"},"properties":{"Kelas":"Sedang"}},{"type":"Feature","geometry":{"coordinates":[[[[112.68557747265577,-7.329784249221794],[112.68467825587248,-7.329784249221794],[112.68377903908922,-7.329784249221794],[112.68377903908922,-7.328885032438517],[112.68557747265577,-7.328885032438517],[112.68557747265577,-7.329784249221794]]]],"type":"MultiPolygon"},"properties":{"Kelas":"Cukup Tinggi"}},{"type":"Feature","geometry":{"coordinates":[[[[112.73863126286905,-7.329784249221794],[112.7368328293025,-7.329784249221794],[112.73773204608577,-7.327985815655241],[112.73863126286905,-7.327985815655241],[112.73863126286905,-7.329784249221794]]]],"type":"MultiPolygon"},"properties":{"Kelas":"Cukup Rendah"}},{"type":"Feature","geometry":{"coordinates":[[[[112.76021246566766,-7.329784249221794],[112.7593132488844,-7.329784249221794],[112.75841403210111,-7.329784249221794],[112.75841403210111,-7.328885032438517],[112.75956615360468,-7.32843542404688],[112.75841403210111,-7.327985815655241],[112.75751481531785,-7.327985815655241],[112.75751481531785,-7.328885032438517],[112.75751481531785,-7.329784249221794],[112.75611857050788,-7.329078223544299],[112.75571638175128,-7.327086598871965],[112.76021246566766,-7.327086598871965],[112.76021246566766,-7.329784249221794]]]],"type":"MultiPolygon"},"properties":{"Kelas":"Cukup Tinggi"}},{"type":"Feature","geometry":{"coordinates":[[[[112.76111168245095,-7.329784249221794],[112.76021246566766,-7.329784249221794],[112.76021246566766,-7.327086598871965],[112.75571638175128,-7.327086598871965],[112.75538795687146,-7.325456768452279],[112.75391794818474,-7.32618738208869],[112.75391794818474,-7.324388948522138],[112.75661559853457,-7.324388948522138],[112.75751481531785,-7.32564381256833],[112.75841403210111,-7.324388948522138],[112.7593132488844,-7.324388948522138],[112.7593132488844,-7.323489731738862],[112.76021246566766,-7.323489731738862],[112.76021246566766,-7.325288165305414],[112.7590603441641,-7.325737773697051],[112.76021246566766,-7.32618738208869],[112.76415356422562,-7.3266132806628],[112.76146293900692,-7.328337072211209],[112.76111168245095,-7.329784249221794]]]],"type":"MultiPolygon"},"properties":{"Kelas":"Sedang"}},{"type":"Feature","geometry":{"coordinates":[[[[112.76740619993387,-7.329784249221794],[112.76560776636732,-7.329784249221794],[112.76560776636732,-7.324388948522138],[112.7701038502837,-7.324388948522138],[112.7701038502837,-7.328885032438517],[112.76740619993387,-7.328885032438517],[112.76740619993387,-7.329784249221794]]]],"type":"MultiPolygon"},"properties":{"Kelas":"Sedang"}},{"type":"Feature","geometry":{"coordinates":[[[[112.78269288524956,-7.329784249221794],[112.78115438153444,-7.328597002062624],[112.78308453630947,-7.323881382798765],[112.78359210203284,-7.323489731738862],[112.78395916513382,-7.32671953577098],[112.78449131881612,-7.328885032438517],[112.78269288524956,-7.328885032438517],[112.78269288524956,-7.329784249221794]]]],"type":"MultiPolygon"},"properties":{"Kelas":"Tinggi"}},{"type":"Feature","geometry":{"coordinates":[[[[112.78269288524956,-7.329784249221794],[112.78269288524956,-7.328885032438517],[112.78449131881612,-7.328885032438517],[112.78449131881612,-7.329784249221794],[112.78269288524956,-7.329784249221794]]]],"type":"MultiPolygon"},"properties":{"Kelas":"Cukup Tinggi"}},{"type":"Feature","geometry":{"coordinates":[[[[112.6490489,-7.329487],[112.64903711865992,-7.329179757493424],[112.64906547681119,-7.329110927273686],[112.6492273,-7.3288629],[112.6493801,-7.3286208],[112.6493801,-7.3284935],[112.6494948,-7.3282005],[112.6496221,-7.3280476],[112.650017,-7.3277419],[112.6501388,-7.3277419],[112.6501388,-7.3276237],[112.6502257664718,-7.327086598871965],[112.65050801810801,-7.327086598871965],[112.65011461076533,-7.330025738104021],[112.64909805351935,-7.330444626212533],[112.6490489,-7.329487]]]],"type":"MultiPolygon"},"properties":{"Kelas":"Sangat Rendah"}},{"type":"Feature","geometry":{"coordinates":[[[[112.6693915705568,-7.33068346600507],[112.668137584652,-7.329784249221794],[112.6693915705568,-7.328885032438517],[112.6693915705568,-7.33068346600507]]]],"type":"MultiPolygon"},"properties":{"Kelas":"Sangat Rendah"}},{"type":"Feature","geometry":{"coordinates":[[[[112.6693915705568,-7.33068346600507],[112.6693915705568,-7.328885032438517],[112.67119000412336,-7.329784249221794],[112.67119000412336,-7.33068346600507],[112.6693915705568,-7.33068346600507]]]],"type":"MultiPolygon"},"properties":{"Kelas":"Cukup Rendah"}},{"type":"Feature","geometry":{"coordinates":[[[[112.68198060552267,-7.329784249221794],[112.68377903908922,-7.329784249221794],[112.68287982230595,-7.331039113267986],[112.68198060552267,-7.329784249221794]]]],"type":"MultiPolygon"},"properties":{"Kelas":"Cukup Rendah"}},{"type":"Feature","geometry":{"coordinates":[[[[112.68647668943905,-7.33068346600507],[112.68467825587248,-7.33068346600507],[112.68467825587248,-7.329784249221794],[112.68557747265577,-7.329784249221794],[112.68647668943905,-7.329784249221794],[112.68647668943905,-7.33068346600507]]]],"type":"MultiPolygon"},"properties":{"Kelas":"Sedang"}},{"type":"Feature","geometry":{"coordinates":[[[[112.71525162650387,-7.33068346600507],[112.71218691305306,-7.328567145255366],[112.71430147751998,-7.327126115234512],[112.71773676663734,-7.328410836087961],[112.71598575270585,-7.329619158640488],[112.71525162650387,-7.33068346600507]]]],"type":"MultiPolygon"},"properties":{"Kelas":"Sangat Rendah"}},{"type":"Feature","geometry":{"coordinates":[[[[112.72438254067623,-7.330095989415215],[112.72244536077008,-7.325288165305414],[112.71867989049011,-7.324500472478658],[112.71677081110843,-7.326560592179405],[112.71571879772331,-7.32202587004187],[112.71705006007042,-7.320792081389035],[112.71705006007042,-7.323489731738862],[112.72064692720353,-7.323489731738862],[112.72064692720353,-7.320792081389035],[112.72190091310833,-7.319892864605759],[112.72064692720353,-7.318993647822483],[112.72010423582456,-7.317922315326783],[112.7179492768537,-7.318993647822483],[112.71830053340966,-7.317546470811898],[112.72093495757943,-7.315859561201865],[112.72189740054277,-7.312852805082787],[112.72064692720353,-7.310001479989724],[112.72445981711856,-7.309353411643965],[112.7276088321428,-7.305273566746406],[112.72963909503629,-7.303706962506793],[112.72963909503629,-7.305505396073345],[112.72748237978266,-7.306994723870645],[112.72656560017157,-7.310568759327611],[112.72517638049273,-7.310257019134189],[112.72302844665299,-7.311739321800371],[112.72683606771967,-7.313163667134818],[112.72297751445237,-7.314154210622645],[112.72434917130343,-7.317466559945416],[112.72725055045571,-7.318117262715345],[112.72958289398733,-7.314032148969448],[112.7323367453861,-7.313598347122827],[112.73203466474799,-7.314195483267971],[112.72998332646114,-7.315232568249465],[112.72963909503629,-7.318993647822483],[112.72694144468646,-7.318993647822483],[112.72694144468646,-7.320792081389035],[112.72218367463589,-7.321134556531103],[112.72514827996825,-7.322582611683076],[112.72694144468646,-7.321691298172311],[112.72645495435644,-7.323923533585482],[112.72653047451598,-7.324859632307135],[112.72472677210109,-7.329769320818166],[112.72981121074871,-7.327931370889067],[112.73167111421256,-7.325771143069868],[112.73088956837553,-7.330096867556604],[112.72514301111991,-7.33068346600507],[112.72438254067623,-7.330095989415215]],[[112.72553290589704,-7.324310793938436],[112.72142320419222,-7.322370979608106],[112.72244536077008,-7.325288165305414],[112.72553290589704,-7.324310793938436]],[[112.72573487841672,-7.31879694415114],[112.72494630744856,-7.319584636977897],[112.72604222790318,-7.319892864605759],[112.72573487841672,-7.31879694415114]]]],"type":"MultiPolygon"},"properties":{"Kelas":"Sedang"}},{"type":"Feature","geometry":{"coordinates":[[[[112.7368328293025,-7.329784249221794],[112.73652547981602,-7.33088016967641],[112.73573690884788,-7.330092476849655],[112.7368328293025,-7.329784249221794]]]],"type":"MultiPolygon"},"properties":{"Kelas":"Cukup Rendah"}},{"type":"Feature","geometry":{"coordinates":[[[[112.75481716496802,-7.321691298172311],[112.75409182017994,-7.323150769162353],[112.75631351789643,-7.323791812376994],[112.75661559853457,-7.324388948522138],[112.75391794818474,-7.324388948522138],[112.75391794818474,-7.32618738208869],[112.75248657771917,-7.326554445189675],[112.75166990622654,-7.328737504685011],[112.74903196949123,-7.328146515529596],[112.74808357679012,-7.329520806804817],[112.74545793403426,-7.330730885640126],[112.7467786586847,-7.324836800630996],[112.74995401795064,-7.324021885421152],[112.75248657771917,-7.322058361273296],[112.75481716496802,-7.321691298172311]]]],"type":"MultiPolygon"},"properties":{"Kelas":"Cukup Tinggi"}},{"type":"Feature","geometry":{"coordinates":[[[[112.76111168245095,-7.33068346600507],[112.7593132488844,-7.33068346600507],[112.7593132488844,-7.329784249221794],[112.76021246566766,-7.329784249221794],[112.76111168245095,-7.329784249221794],[112.76111168245095,-7.33068346600507]]]],"type":"MultiPolygon"},"properties":{"Kelas":"Cukup Rendah"}},{"type":"Feature","geometry":{"coordinates":[[[[112.76111168245095,-7.33068346600507],[112.76111168245095,-7.329784249221794],[112.76411843857002,-7.330233857613431],[112.76111168245095,-7.33068346600507]]]],"type":"MultiPolygon"},"properties":{"Kelas":"Sangat Rendah"}},{"type":"Feature","geometry":{"coordinates":[[[[112.78269288524956,-7.33068346600507],[112.78269288524956,-7.329784249221794],[112.78449131881612,-7.329784249221794],[112.78449131881612,-7.328885032438517],[112.78539053559939,-7.328885032438517],[112.78539053559939,-7.32618738208869],[112.78601577226901,-7.32650351298906],[112.78712047413754,-7.328766483350879],[112.78508845496125,-7.330381385366938],[112.78269288524956,-7.33068346600507]]]],"type":"MultiPolygon"},"properties":{"Kelas":"Sedang"}},{"type":"Feature","geometry":{"coordinates":[[[[112.80697173839802,-7.322590514955586],[112.80904239579544,-7.321499863349308],[112.80808697796321,-7.319372126761538],[112.80517330483147,-7.318993647822483],[112.80517330483147,-7.318094431039206],[112.80247565448164,-7.318094431039206],[112.80247565448164,-7.31719521425593],[112.80157643769836,-7.31719521425593],[112.80157643769836,-7.31539678068938],[112.80067722091508,-7.31539678068938],[112.80097930155321,-7.313001210977683],[112.80157643769836,-7.311799913556275],[112.8039070249472,-7.312166976657261],[112.8073914899824,-7.314436972150199],[112.81011899713948,-7.315048158557582],[112.81236703909767,-7.314544105399769],[112.8150646894475,-7.315149144817422],[112.81682975364123,-7.314753103050569],[112.81902861968159,-7.316271409513737],[112.81829449347961,-7.317727367938222],[112.81612899681208,-7.318537892441116],[112.81277800926816,-7.320850038720769],[112.81093566863211,-7.328352878756228],[112.81056860553112,-7.328885032438517],[112.80787446774684,-7.330665025035881],[112.80537176478558,-7.329035194616193],[112.80697173839802,-7.322590514955586]],[[112.81236703909767,-7.319892864605759],[112.81071437700184,-7.31775107775575],[112.80927773768794,-7.319367736054588],[112.81236703909767,-7.319892864605759]]]],"type":"MultiPolygon"},"properties":{"Kelas":"Tinggi"}},{"type":"Feature","geometry":{"coordinates":[[[[112.81056860553112,-7.33068346600507],[112.81056860553112,-7.328885032438517],[112.81236703909767,-7.328885032438517],[112.81176287782141,-7.330079304728805],[112.81056860553112,-7.33068346600507]]]],"type":"MultiPolygon"},"properties":{"Kelas":"Sedang"}},{"type":"Feature","geometry":{"coordinates":[[[[112.82135920693042,-7.327985815655241],[112.82405685728025,-7.327985815655241],[112.82405685728025,-7.327086598871965],[112.82675450763008,-7.327086598871965],[112.82675450763008,-7.327985815655241],[112.82614156493992,-7.328271211606966],[112.82546012722135,-7.330807283941049],[112.82107293283732,-7.330336600156052],[112.82322437924262,-7.329334640830156],[112.82164548102354,-7.328599636486794],[112.82135920693042,-7.327985815655241]]]],"type":"MultiPolygon"},"properties":{"Kelas":"Sangat Rendah"}},{"type":"Feature","geometry":{"coordinates":[[[[112.67208922090663,-7.329784249221794],[112.67388765447318,-7.329784249221794],[112.67339062644649,-7.331896179264547],[112.67208922090663,-7.329784249221794]]]],"type":"MultiPolygon"},"properties":{"Kelas":"Cukup Rendah"}},{"type":"Feature","geometry":{"coordinates":[[[[112.676585304823,-7.331582682788346],[112.67568608803973,-7.331582682788346],[112.67598816867786,-7.330086329859926],[112.676585304823,-7.328885032438517],[112.67778660224442,-7.329482168583661],[112.68018217195612,-7.329784249221794],[112.67977295806841,-7.331811877691115],[112.67793237371515,-7.330912660907838],[112.676585304823,-7.331582682788346]]]],"type":"MultiPolygon"},"properties":{"Kelas":"Cukup Rendah"}},{"type":"Feature","geometry":{"coordinates":[[[[112.68647668943905,-7.331582682788346],[112.68467825587248,-7.331582682788346],[112.68467825587248,-7.33068346600507],[112.68647668943905,-7.33068346600507],[112.68647668943905,-7.331582682788346]]]],"type":"MultiPolygon"},"properties":{"Kelas":"Cukup Rendah"}},{"type":"Feature","geometry":{"coordinates":[[[[112.68647668943905,-7.331582682788346],[112.68647668943905,-7.33068346600507],[112.68762881094261,-7.331133074396707],[112.68647668943905,-7.331582682788346]]]],"type":"MultiPolygon"},"properties":{"Kelas":"Sedang"}},{"type":"Feature","geometry":{"coordinates":[[[[112.6990657244049,-7.331582682788346],[112.69707234344979,-7.331304311967742],[112.69818407044943,-7.330233857613431],[112.6970459992081,-7.329138815300205],[112.69883565136075,-7.329004459667546],[112.6990657244049,-7.331582682788346]]]],"type":"MultiPolygon"},"properties":{"Kelas":"Sedang"}},{"type":"Feature","geometry":{"coordinates":[[[[112.72244536077008,-7.331582682788346],[112.72134944031546,-7.331274455160484],[112.7221380112836,-7.330486762333727],[112.72244536077008,-7.331582682788346]]]],"type":"MultiPolygon"},"properties":{"Kelas":"Sedang"}},{"type":"Feature","geometry":{"coordinates":[[[[112.73528730045624,-7.323040123347225],[112.73413517895267,-7.322590514955586],[112.73548400412758,-7.320483853761173],[112.73728243769413,-7.323293028067521],[112.73808330264174,-7.322042554728277],[112.73863126286905,-7.321691298172311],[112.73863126286905,-7.325288165305414],[112.7404296964356,-7.325288165305414],[112.73987822364273,-7.327532694698045],[112.74014869119083,-7.328736626543622],[112.73863126286905,-7.329784249221794],[112.73693996255207,-7.331974333848249],[112.73339929646792,-7.330824846768847],[112.73375230930667,-7.32843542404688],[112.7335485805042,-7.327059376488878],[112.73413517895267,-7.323489731738862],[112.73528730045624,-7.323040123347225]],[[112.73863126286905,-7.327985815655241],[112.73773204608577,-7.327985815655241],[112.7368328293025,-7.329784249221794],[112.73863126286905,-7.329784249221794],[112.73863126286905,-7.327985815655241]],[[112.73727365628024,-7.325289921588194],[112.73464274467604,-7.327125237093123],[112.73773204608577,-7.327985815655241],[112.73727365628024,-7.325289921588194]],[[112.73573690884788,-7.330092476849655],[112.73652547981602,-7.33088016967641],[112.7368328293025,-7.329784249221794],[112.73573690884788,-7.330092476849655]]]],"type":"MultiPolygon"},"properties":{"Kelas":"Sedang"}},{"type":"Feature","geometry":{"coordinates":[[[[112.75301873140145,-7.331582682788346],[112.7512202978349,-7.331582682788346],[112.7512202978349,-7.33068346600507],[112.75301873140145,-7.33068346600507],[112.75301873140145,-7.331582682788346]]]],"type":"MultiPolygon"},"properties":{"Kelas":"Sedang"}},{"type":"Feature","geometry":{"coordinates":[[[[112.67568608803973,-7.331582682788346],[112.676585304823,-7.331582682788346],[112.67613569643137,-7.332734804291917],[112.67568608803973,-7.331582682788346]]]],"type":"MultiPolygon"},"properties":{"Kelas":"Sedang"}},{"type":"Feature","geometry":{"coordinates":[[[[112.68467825587248,-7.33248189957162],[112.68467825587248,-7.331582682788346],[112.68647668943905,-7.331582682788346],[112.68647668943905,-7.33248189957162],[112.68467825587248,-7.33248189957162]]]],"type":"MultiPolygon"},"properties":{"Kelas":"Sedang"}},{"type":"Feature","geometry":{"coordinates":[[[[112.6502516,-7.3205194],[112.6502564,-7.3203718],[112.6502443,-7.3203428],[112.6501838,-7.3202073],[112.6501585,-7.3201662],[112.6501487,-7.3201504],[112.6500689,-7.3200294],[112.6499431,-7.3199375],[112.6499141,-7.319923],[112.6497907,-7.3198794],[112.6497205,-7.3198262],[112.64970690737339,-7.319814423468128],[112.6501075856342,-7.319493310273346],[112.65105773461809,-7.314033027110836],[112.64985292463113,-7.313198792790415],[112.6494587319364,-7.314577133236536],[112.6487959,-7.3144858],[112.6480255,-7.3143795],[112.6476098,-7.3143106],[112.6476058,-7.3143099],[112.6473922,-7.3142727],[112.6460342,-7.3141282],[112.6449126,-7.314113],[112.644226,-7.3140415],[112.6433486,-7.3138445],[112.642929,-7.313732],[112.6424674,-7.3136196],[112.6424102,-7.3136056],[112.6420364,-7.3135518],[112.6415939,-7.3133262],[112.6413803,-7.3132289],[112.6412811,-7.3132184],[112.6408996,-7.3135971],[112.6407775,-7.3136948],[112.6406097,-7.3137444],[112.6402969,-7.3136323],[112.6400604,-7.3135432],[112.639717,-7.3135026],[112.6392822,-7.3135427],[112.6391525,-7.3135451],[112.6390304,-7.3134941],[112.6388473,-7.3133062],[112.6386566,-7.3130663],[112.6384963,-7.3129467],[112.6382446,-7.3128522],[112.6382095209071,-7.312844864372026],[112.63571484825346,-7.309326189260878],[112.63750274412332,-7.307786807404351],[112.63791898314214,-7.307303829639896],[112.63881819992542,-7.307303829639896],[112.63929942140709,-7.307861449422493],[112.64601193419163,-7.307303829639896],[112.64631401482976,-7.30790096578504],[112.64980199243051,-7.308605235179755],[112.65081009874615,-7.310598616134868],[112.6527824043079,-7.311202777411131],[112.65320566845784,-7.309102263206448],[112.65562231356289,-7.30790096578504],[112.65919810530264,-7.308505127061304],[112.65986198019341,-7.314749590485009],[112.66255963054324,-7.313432378400133],[112.66429835049527,-7.3168931336178],[112.66759313699025,-7.31719521425593],[112.66759313699025,-7.318094431039206],[112.67119000412336,-7.318094431039206],[112.67119000412336,-7.31719521425593],[112.67298843768991,-7.31719521425593],[112.67349424713049,-7.3179556846996],[112.67874377635943,-7.31935280765096],[112.67928295517284,-7.31719521425593],[112.68018217195612,-7.31719521425593],[112.68018217195612,-7.314497563906103],[112.68108138873939,-7.314497563906103],[112.68144845184037,-7.316828151154946],[112.68254437229498,-7.317584230891665],[112.68231254296805,-7.318620437731768],[112.68686482793339,-7.319360710923469],[112.68774296932331,-7.314864627007088],[112.69389522790107,-7.313285728788017],[112.69301884279393,-7.31719521425593],[112.69350884568951,-7.319380030034047],[112.69671230547993,-7.320259927706743],[112.69726729083835,-7.318094431039206],[112.69996494118818,-7.318094431039206],[112.69996494118818,-7.319892864605759],[112.6990657244049,-7.319892864605759],[112.6990657244049,-7.322590514955586],[112.69853357072262,-7.322957578056572],[112.69733754214954,-7.326156647140042],[112.69501924888016,-7.325636787437212],[112.69385307711435,-7.325898473571407],[112.69453100226737,-7.328919279952725],[112.69277120692198,-7.331582682788346],[112.69187199013871,-7.331582682788346],[112.68867379919662,-7.332107811339515],[112.6878834719457,-7.330175900281697],[112.68647668943905,-7.329784249221794],[112.68647668943905,-7.328885032438517],[112.68557747265577,-7.328885032438517],[112.68377903908922,-7.328885032438517],[112.68341197598824,-7.328352878756228],[112.67965001827382,-7.327618752554256],[112.67748452160629,-7.32618738208869],[112.67687684776446,-7.322610712207554],[112.67568608803973,-7.321691298172311],[112.67454274795006,-7.319834907274023],[112.66725066184819,-7.322248039813518],[112.66489548664042,-7.322590514955586],[112.66129861950732,-7.322590514955586],[112.660072734127,-7.321059036371569],[112.65725214398257,-7.321409414786146],[112.65026409970854,-7.320540369705685],[112.6502516,-7.3205194]]],[[[112.6487197,-7.3171403],[112.6487264,-7.3171003],[112.6487345,-7.3169085],[112.6487509,-7.3168024],[112.6488162,-7.31668],[112.6488529,-7.3165535],[112.6489447,-7.3162658],[112.6489733,-7.3159516],[112.6490181,-7.3157272],[112.6490508,-7.3155681],[112.6490916,-7.3154089],[112.6491426,-7.3151457],[112.6491671,-7.3149743],[112.6492364,-7.3148234],[112.6493466,-7.3146153],[112.64945347476045,-7.314595515561585],[112.64871134244054,-7.317190467235194],[112.6487197,-7.3171403]]],[[[112.6294189,-7.3116404],[112.62941721689253,-7.311614560451522],[112.62943839936725,-7.311639146944739],[112.6294189,-7.3116404]]]],"type":"MultiPolygon"},"properties":{"Kelas":"Tinggi"}},{"type":"Feature","geometry":{"coordinates":[[[[112.69367042370526,-7.33248189957162],[112.69187199013871,-7.33248189957162],[112.69187199013871,-7.331582682788346],[112.69277120692198,-7.331582682788346],[112.69367042370526,-7.331582682788346],[112.69367042370526,-7.33248189957162]]]],"type":"MultiPolygon"},"properties":{"Kelas":"Sedang"}},{"type":"Feature","geometry":{"coordinates":[[[[112.74762343070181,-7.33248189957162],[112.74652751024719,-7.33217367194376],[112.74731608121533,-7.331385979117004],[112.74762343070181,-7.33248189957162]]]],"type":"MultiPolygon"},"properties":{"Kelas":"Cukup Rendah"}},{"type":"Feature","geometry":{"coordinates":[[[[112.75481716496802,-7.33248189957162],[112.75301873140145,-7.33248189957162],[112.75301873140145,-7.331582682788346],[112.75301873140145,-7.33068346600507],[112.7512202978349,-7.33068346600507],[112.75159262978423,-7.329974805903406],[112.75462573014501,-7.328612808607643],[112.75571638175128,-7.33068346600507],[112.75571638175128,-7.331582682788346],[112.75481716496802,-7.331582682788346],[112.75481716496802,-7.33248189957162]]]],"type":"MultiPolygon"},"properties":{"Kelas":"Cukup Rendah"}},{"type":"Feature","geometry":{"coordinates":[[[[112.75571638175128,-7.33248189957162],[112.75481716496802,-7.33248189957162],[112.75481716496802,-7.331582682788346],[112.75571638175128,-7.331582682788346],[112.75571638175128,-7.33248189957162]]]],"type":"MultiPolygon"},"properties":{"Kelas":"Sedang"}},{"type":"Feature","geometry":{"coordinates":[[[[112.75841403210111,-7.33248189957162],[112.75751481531785,-7.33248189957162],[112.75751481531785,-7.33068346600507],[112.75841403210111,-7.33068346600507],[112.75841403210111,-7.329784249221794],[112.7593132488844,-7.329784249221794],[112.7593132488844,-7.33068346600507],[112.76111168245095,-7.33068346600507],[112.76111168245095,-7.331582682788346],[112.75841403210111,-7.331582682788346],[112.75841403210111,-7.33248189957162]]]],"type":"MultiPolygon"},"properties":{"Kelas":"Sedang"}},{"type":"Feature","geometry":{"coordinates":[[[[112.76201089923421,-7.33248189957162],[112.76111168245095,-7.33248189957162],[112.76111168245095,-7.331582682788346],[112.76201089923421,-7.331582682788346],[112.76201089923421,-7.33248189957162]]]],"type":"MultiPolygon"},"properties":{"Kelas":"Sedang"}},{"type":"Feature","geometry":{"coordinates":[[[[112.76830541671715,-7.33248189957162],[112.76713748866857,-7.331981358979368],[112.76794537874729,-7.330438464557282],[112.76830541671715,-7.33248189957162]]]],"type":"MultiPolygon"},"properties":{"Kelas":"Sangat Rendah"}},{"type":"Feature","geometry":{"coordinates":[[[[112.77999523489973,-7.33248189957162],[112.77999523489973,-7.329784249221794],[112.78089445168301,-7.329784249221794],[112.78089445168301,-7.33248189957162],[112.77999523489973,-7.33248189957162]]]],"type":"MultiPolygon"},"properties":{"Kelas":"Sedang"}},{"type":"Feature","geometry":{"coordinates":[[[[112.82765372441335,-7.33248189957162],[112.82675450763008,-7.33248189957162],[112.82675450763008,-7.327985815655241],[112.82765372441335,-7.327985815655241],[112.82765372441335,-7.33248189957162]]]],"type":"MultiPolygon"},"properties":{"Kelas":"Sedang"}},{"type":"Feature","geometry":{"coordinates":[[[[112.8433255,-7.2789681],[112.84340794227833,-7.279325292140106],[112.84294040972905,-7.281226542924895],[112.84294040972905,-7.282125759708171],[112.84383962651233,-7.282125759708171],[112.84383962651233,-7.283024976491447],[112.8447388432956,-7.283024976491447],[112.84560838511989,-7.283024976491447],[112.84563806007888,-7.283277151300586],[112.84563806007888,-7.285722626841274],[112.84496716005698,-7.287071452016189],[112.84563806007888,-7.288420277191102],[112.84615967606449,-7.289745392548488],[112.84563806007888,-7.292916361107482],[112.84414170715046,-7.293218441745614],[112.8435375458742,-7.295450677158785],[112.84563806007888,-7.296513228240585],[112.8451217129416,-7.299657852557882],[112.84525870299844,-7.300586048007025],[112.8447388432956,-7.30190852894024],[112.84333206078895,-7.302300180000143],[112.84254875866915,-7.303315311446889],[112.84063441043912,-7.304098613566696],[112.8387551878647,-7.308688658611796],[112.84024275937922,-7.309102263206448],[112.84024275937922,-7.310001479989724],[112.83844432581267,-7.310001479989724],[112.83844432581267,-7.310900696773],[112.83754510902939,-7.310900696773],[112.83754510902939,-7.312699130339551],[112.83664589224612,-7.312699130339551],[112.83664589224612,-7.313598347122827],[112.83604875610098,-7.313900427760959],[112.83454537804144,-7.3168931336178],[112.83335110575115,-7.317497294894062],[112.83304902511301,-7.318094431039206],[112.83365318638928,-7.319288703329494],[112.83484745867958,-7.319892864605759],[112.83484745867958,-7.320792081389035],[112.83574667546284,-7.322590514955586],[112.83484745867958,-7.322590514955586],[112.83484745867958,-7.323489731738862],[112.8339482418963,-7.323489731738862],[112.8339482418963,-7.324388948522138],[112.83214980832975,-7.324388948522138],[112.83214980832975,-7.327086598871965],[112.83125059154646,-7.327086598871965],[112.83125059154646,-7.327985815655241],[112.83078517660981,-7.330940761432315],[112.82855294119663,-7.33248189957162],[112.82765372441335,-7.33248189957162],[112.82765372441335,-7.327985815655241],[112.82855294119663,-7.327985815655241],[112.82855294119663,-7.327086598871965],[112.82970506270021,-7.326636990480328],[112.82855294119663,-7.32618738208869],[112.82855294119663,-7.325288165305414],[112.82806469458384,-7.319412521265473],[112.82993513574436,-7.318577408803662],[112.830767613782,-7.317050320926594],[112.82788731002307,-7.315879758453834],[112.82633826861127,-7.317678192020386],[112.8235738795158,-7.318510670058028],[112.8209429679116,-7.320223923909758],[112.82405685728025,-7.320792081389035],[112.82405685728025,-7.322590514955586],[112.82005077625945,-7.323355376106205],[112.82135920693042,-7.327086598871965],[112.81311521556188,-7.327406242337895],[112.81236703909767,-7.328885032438517],[112.81056860553112,-7.328885032438517],[112.81093566863211,-7.328352878756228],[112.81277800926816,-7.320850038720769],[112.81612899681208,-7.318537892441116],[112.81829449347961,-7.317727367938222],[112.81902861968159,-7.316271409513737],[112.81682975364123,-7.314753103050569],[112.8150646894475,-7.315149144817422],[112.81236703909767,-7.314544105399769],[112.81011899713948,-7.315048158557582],[112.8073914899824,-7.314436972150199],[112.8039070249472,-7.312166976657261],[112.80157643769836,-7.311799913556275],[112.80157643769836,-7.310900696773],[112.80247565448164,-7.310900696773],[112.80337487126491,-7.310900696773],[112.80541215928952,-7.310489726602517],[112.8021823552574,-7.304009921286314],[112.79977800413181,-7.303706962506793],[112.79977800413181,-7.302807745723516],[112.79899118944644,-7.298019240724294],[112.79977800413181,-7.297412445023861],[112.79977800413181,-7.299210878590413],[112.80067722091508,-7.299210878590413],[112.80067722091508,-7.300110095373689],[112.80157643769836,-7.300110095373689],[112.80157643769836,-7.301009312156964],[112.80039270310475,-7.301767148176463],[112.80167478953403,-7.303159002279484],[112.80247565448164,-7.30190852894024],[112.80570018966542,-7.303452301503716],[112.80751969862533,-7.298042950541822],[112.80787095518129,-7.294714794674034],[112.80877017196457,-7.294714794674034],[112.80877017196457,-7.293815577890758],[112.81056860553112,-7.293815577890758],[112.80916182302447,-7.296005662517212],[112.80837852090467,-7.298633939697236],[112.81247417234724,-7.299602529650317],[112.81488027975561,-7.296486883998888],[112.81725477407394,-7.297920010747234],[112.82353172872908,-7.299602529650317],[112.82459076724533,-7.29337123834746],[112.83085894048656,-7.291625493264302],[112.83393243535127,-7.289346716357466],[112.83715345796949,-7.288028626131199],[112.84040960624331,-7.286064223841953],[112.8431898018838,-7.286475194012434],[112.8451304943555,-7.284636365941946],[112.84243284400569,-7.28353254221482],[112.8406800737914,-7.279249846656191],[112.83712008859668,-7.281396902354539],[112.83192851669948,-7.28341662755135],[112.83125059154646,-7.279428109358342],[112.83371114372102,-7.280602184396663],[112.83516534586272,-7.277948441116331],[112.83574667546284,-7.277629675791792],[112.83574667546284,-7.280327326141618],[112.83731679226801,-7.28009900938024],[112.83867264257405,-7.278757209336446],[112.84294040972905,-7.278528892575068],[112.84344091876652,-7.278873670472398],[112.8433255,-7.2789681]],[[112.83664589224612,-7.310900696773],[112.83484745867958,-7.310900696773],[112.83484745867958,-7.310001479989724],[112.83155969731571,-7.310422109715494],[112.83183192114659,-7.313089903258065],[112.83035137476318,-7.313240065435741],[112.82634705002516,-7.312832607830819],[112.82823681029626,-7.315744524679786],[112.8352549162845,-7.313107466085864],[112.83664589224612,-7.312699130339551],[112.83664589224612,-7.310900696773]],[[112.83684259591746,-7.309599291233141],[112.83952619600505,-7.304254044592712],[112.83844432581267,-7.303706962506793],[112.83783489568808,-7.301516877880337],[112.83265737405311,-7.302439804481141],[112.83344067617293,-7.304214528230165],[112.83673019381955,-7.305130429699849],[112.83524086602225,-7.307059706333499],[112.82553915994643,-7.305466757852187],[112.827337593513,-7.306854221248258],[112.82560765497485,-7.308188996160933],[112.83066223681521,-7.307441697838113],[112.83164224260636,-7.308710612146545],[112.83445580761966,-7.309493914266351],[112.83484745867958,-7.310001479989724],[112.83684259591746,-7.309599291233141]],[[112.83465075500823,-7.28063555376948],[112.83543932597638,-7.281423246596237],[112.83574667546284,-7.280327326141618],[112.83465075500823,-7.28063555376948]],[[112.82124680483253,-7.315778772193994],[112.81932894403694,-7.318133947401753],[112.82040027653264,-7.319287825188106],[112.82368979417927,-7.316380299046086],[112.82405685728025,-7.314497563906103],[112.81929381838134,-7.314830379492882],[112.82124680483253,-7.315778772193994]],[[112.8246539934254,-7.314195483267971],[112.82525815470166,-7.312109019325527],[112.82285555985885,-7.312080918801049],[112.82405685728025,-7.314497563906103],[112.8246539934254,-7.314195483267971]],[[112.83934354259594,-7.291117927540929],[112.83934354259594,-7.292916361107482],[112.84204119294577,-7.292916361107482],[112.84204119294577,-7.291117927540929],[112.83934354259594,-7.291117927540929]],[[112.82457320441753,-7.294890422952017],[112.82675450763008,-7.296513228240585],[112.8279733678793,-7.293480127879809],[112.82457320441753,-7.294890422952017]],[[112.83174937585594,-7.297714525661993],[112.83245188896787,-7.293422170548075],[112.83005983182173,-7.292614280469349],[112.82945215797992,-7.293815577890758],[112.82830003647634,-7.294265186282395],[112.82945215797992,-7.294714794674034],[112.8298455653226,-7.296665146701041],[112.83174937585594,-7.297714525661993]],[[112.84085043322105,-7.295311930819178],[112.83949458291501,-7.297990262058427],[112.84204119294577,-7.298311661807137],[112.84285435187283,-7.29667480625633],[112.84085043322105,-7.295311930819178]],[[112.81474680226435,-7.30074850416416],[112.81686312301404,-7.30190852894024],[112.8164310774502,-7.299901975864278],[112.81474680226435,-7.30074850416416]],[[112.80735987689236,-7.302243978951189],[112.80660467529702,-7.303389075323642],[112.80842769682249,-7.307727971931227],[112.80782177926346,-7.310426500422444],[112.81262696894909,-7.311659410933888],[112.816640075101,-7.308312814096912],[112.81631340650397,-7.306854221248258],[112.81705104527148,-7.303558556611897],[112.8131134592791,-7.300839830868711],[112.81056860553112,-7.30190852894024],[112.80993810001316,-7.302821795985755],[112.80735987689236,-7.302243978951189]],[[112.81026125604464,-7.300812608485623],[112.8094726850765,-7.30160030131238],[112.81056860553112,-7.30190852894024],[112.81026125604464,-7.300812608485623]],[[112.82355104783966,-7.307605910278028],[112.82435893791839,-7.305213853131891],[112.82100970665724,-7.303519918390739],[112.81971708253128,-7.30607355355262],[112.82135920693042,-7.306404612856619],[112.82166128756856,-7.307001749001763],[112.82355104783966,-7.307605910278028]],[[112.80736338945792,-7.307195818248935],[112.80517330483147,-7.305505396073345],[112.8056843831204,-7.308514786616593],[112.80736338945792,-7.307195818248935]],[[112.804865955345,-7.304409475618726],[112.80407738437685,-7.305197168445483],[112.80517330483147,-7.305505396073345],[112.804865955345,-7.304409475618726]],[[112.82823505401349,-7.311344158174908],[112.83035137476318,-7.311799913556275],[112.82922735378409,-7.309747697128037],[112.82823505401349,-7.311344158174908]],[[112.83098188028114,-7.31849310723023],[112.83214980832975,-7.318993647822483],[112.83178977035988,-7.316950212808143],[112.83098188028114,-7.31849310723023]],[[112.81646269054025,-7.320163332153854],[112.8186615565806,-7.320792081389035],[112.81804685760765,-7.318639756842346],[112.81646269054025,-7.320163332153854]],[[112.81395296244786,-7.324021885421152],[112.81686312301404,-7.324388948522138],[112.81653469813422,-7.32276175252662],[112.81395296244786,-7.324021885421152]]]],"type":"MultiPolygon"},"properties":{"Kelas":"Cukup Tinggi"}},{"type":"Feature","geometry":{"coordinates":[[[[112.69456964048852,-7.333381116354897],[112.69187199013871,-7.333381116354897],[112.69187199013871,-7.33248189957162],[112.69367042370526,-7.33248189957162],[112.69456964048852,-7.33248189957162],[112.69456964048852,-7.333381116354897]]]],"type":"MultiPolygon"},"properties":{"Kelas":"Cukup Rendah"}},{"type":"Feature","geometry":{"coordinates":[[[[112.6990657244049,-7.333381116354897],[112.6990657244049,-7.33248189957162],[112.70021784590848,-7.332931507963259],[112.6990657244049,-7.333381116354897]]]],"type":"MultiPolygon"},"properties":{"Kelas":"Sedang"}},{"type":"Feature","geometry":{"coordinates":[[[[112.72873987825301,-7.333381116354897],[112.72674474101512,-7.333090451554835],[112.72845711672545,-7.331437789459009],[112.72873987825301,-7.333381116354897]]]],"type":"MultiPolygon"},"properties":{"Kelas":"Tinggi"}},{"type":"Feature","geometry":{"coordinates":[[[[112.78119653232115,-7.302505665085384],[112.78269288524956,-7.302807745723516],[112.78315654390344,-7.305674877361598],[112.78858697025869,-7.304601788583119],[112.79388567540546,-7.306779579230115],[112.79438270343215,-7.303706962506793],[112.79618113699871,-7.304606179290069],[112.79618113699871,-7.305505396073345],[112.79887878734853,-7.305505396073345],[112.79887878734853,-7.304606179290069],[112.79977800413181,-7.304606179290069],[112.79977800413181,-7.303706962506793],[112.8021823552574,-7.304009921286314],[112.80541215928952,-7.310489726602517],[112.80337487126491,-7.310900696773],[112.80299727046724,-7.308505127061304],[112.8003101578141,-7.309634416888738],[112.79622680035098,-7.310431769270783],[112.7934553861244,-7.314444875422708],[112.78985676270852,-7.313637863485374],[112.78757535137751,-7.315124556858505],[112.78682190606496,-7.311267759873985],[112.78603333509682,-7.310533633672014],[112.78502347249841,-7.313231284021841],[112.78449131881612,-7.313598347122827],[112.78449131881612,-7.31539678068938],[112.78269991038069,-7.314506345320002],[112.78179366846629,-7.316295997472656],[112.78030785323455,-7.317047686502425],[112.77999523489973,-7.329784249221794],[112.77862182176591,-7.330208391513123],[112.77663722222469,-7.333328427871502],[112.7772554337632,-7.322935624521824],[112.77426097162358,-7.323113887223977],[112.77132271053291,-7.322060117556076],[112.77160371577769,-7.317366451826965],[112.77494943447327,-7.314377258535684],[112.77232730428298,-7.313174204831498],[112.77057804663426,-7.308412922215362],[112.77507237426786,-7.308680755339287],[112.77592417141608,-7.30736881210275],[112.77232730428298,-7.305081253782014],[112.77147726341754,-7.303231888014846],[112.76956818403585,-7.302355502907709],[112.77185837678076,-7.301484386648911],[112.77682338819935,-7.304182036998737],[112.77903103565362,-7.305030321581398],[112.77999523489973,-7.30190852894024],[112.78119653232115,-7.302505665085384]],[[112.78418923817799,-7.311202777411131],[112.78255589519274,-7.310598616134868],[112.78386608214649,-7.313282216222456],[112.78449131881612,-7.313598347122827],[112.78418923817799,-7.311202777411131]],[[112.80155887487057,-7.305156773941547],[112.79850294283365,-7.30673040331228],[112.80067722091508,-7.307303829639896],[112.80155887487057,-7.305156773941547]],[[112.78140728625473,-7.303818486463312],[112.77882730685116,-7.30834091462139],[112.78179366846629,-7.309102263206448],[112.78140728625473,-7.303818486463312]],[[112.78761398959867,-7.307727971931227],[112.78926313912893,-7.306253572537555],[112.78586473194994,-7.307020189970952],[112.78718896916595,-7.308203046423172],[112.78761398959867,-7.307727971931227]],[[112.77948064404525,-7.312964329039307],[112.78030609695176,-7.310638132497415],[112.77909601811646,-7.310001479989724],[112.77948064404525,-7.312964329039307]],[[112.77878866863,-7.308905559535106],[112.77800009766185,-7.309693252361862],[112.77909601811646,-7.310001479989724],[112.77878866863,-7.308905559535106]],[[112.79029758968625,-7.309759112966105],[112.78871869146718,-7.310536268096184],[112.79078583629905,-7.310900696773],[112.79029758968625,-7.309759112966105]],[[112.77758737120858,-7.310643401345754],[112.77518828893133,-7.311409140637762],[112.7781968013332,-7.311799913556275],[112.77758737120858,-7.310643401345754]],[[112.78143363049642,-7.312454128891764],[112.78062574041769,-7.313997023313849],[112.78179366846629,-7.314497563906103],[112.78143363049642,-7.312454128891764]],[[112.77519707034523,-7.320490000750903],[112.77566248528188,-7.315993916834524],[112.77319666425899,-7.31795217213404],[112.7724994199954,-7.32126715588098],[112.77459993420008,-7.321691298172311],[112.77519707034523,-7.320490000750903]]]],"type":"MultiPolygon"},"properties":{"Kelas":"Sedang"}},{"type":"Feature","geometry":{"coordinates":[[[[112.78449131881612,-7.333381116354897],[112.78329704652583,-7.332776955078634],[112.78269288524956,-7.331582682788346],[112.78449131881612,-7.331582682788346],[112.78449131881612,-7.333381116354897]]]],"type":"MultiPolygon"},"properties":{"Kelas":"Sedang"}},{"type":"Feature","geometry":{"coordinates":[[[[112.78539053559939,-7.333381116354897],[112.78449131881612,-7.333381116354897],[112.78449131881612,-7.331582682788346],[112.78269288524956,-7.331582682788346],[112.78269288524956,-7.33068346600507],[112.78508845496125,-7.330381385366938],[112.78712047413754,-7.328766483350879],[112.78601577226901,-7.32650351298906],[112.78539053559939,-7.32618738208869],[112.78539053559939,-7.323489731738862],[112.78628975238267,-7.323489731738862],[112.78665681548365,-7.324921102204428],[112.78882582471675,-7.328251892496386],[112.78665681548365,-7.331050529106054],[112.78539053559939,-7.333381116354897]]]],"type":"MultiPolygon"},"properties":{"Kelas":"Cukup Rendah"}},{"type":"Feature","geometry":{"coordinates":[[[[112.80607252161474,-7.333381116354897],[112.80517330483147,-7.333381116354897],[112.80487122419333,-7.332783980209753],[112.80277773511978,-7.33217981893349],[112.8021735738435,-7.328287896293373],[112.80084055521361,-7.325607808771345],[112.80337487126491,-7.325288165305414],[112.80337487126491,-7.32618738208869],[112.80427408804819,-7.32618738208869],[112.80330286367094,-7.330376994659987],[112.80550699855964,-7.330052082345718],[112.80607252161474,-7.333381116354897]]]],"type":"MultiPolygon"},"properties":{"Kelas":"Sedang"}},{"type":"Feature","geometry":{"coordinates":[[[[112.82855294119663,-7.333381116354897],[112.82765372441335,-7.333381116354897],[112.82765372441335,-7.33248189957162],[112.82855294119663,-7.33248189957162],[112.82855294119663,-7.333381116354897]]]],"type":"MultiPolygon"},"properties":{"Kelas":"Sedang"}},{"type":"Feature","geometry":{"coordinates":[[[[112.83161771788959,-7.333231465918602],[112.83105388787513,-7.333072888727036],[112.83184245884327,-7.33228519590028],[112.83193691524659,-7.332622000446959],[112.83161771788959,-7.333231465918602]]]],"type":"MultiPolygon"},"properties":{"Kelas":"Cukup Tinggi"}},{"type":"Feature","geometry":{"coordinates":[[[[112.68917433978888,-7.334280333138173],[112.6882751230056,-7.334280333138173],[112.68692629783068,-7.333609433116276],[112.68557747265577,-7.334280333138173],[112.68557747265577,-7.333381116354897],[112.68467825587248,-7.333381116354897],[112.68467825587248,-7.33248189957162],[112.68647668943905,-7.33248189957162],[112.68647668943905,-7.331582682788346],[112.68762881094261,-7.331133074396707],[112.68647668943905,-7.33068346600507],[112.68647668943905,-7.329784249221794],[112.6878834719457,-7.330175900281697],[112.68867379919662,-7.332107811339515],[112.69187199013871,-7.331582682788346],[112.69187199013871,-7.33248189957162],[112.68988036546637,-7.332884088328203],[112.68917433978888,-7.334280333138173]]]],"type":"MultiPolygon"},"properties":{"Kelas":"Cukup Tinggi"}},{"type":"Feature","geometry":{"coordinates":[[[[112.68917433978888,-7.334280333138173],[112.68988036546637,-7.332884088328203],[112.69187199013871,-7.33248189957162],[112.69187199013871,-7.333381116354897],[112.69067069271729,-7.333978252500041],[112.68917433978888,-7.334280333138173]]]],"type":"MultiPolygon"},"properties":{"Kelas":"Sedang"}},{"type":"Feature","geometry":{"coordinates":[[[[112.69636807405507,-7.334280333138173],[112.6954688572718,-7.334280333138173],[112.6954688572718,-7.333381116354897],[112.69636807405507,-7.333381116354897],[112.69636807405507,-7.334280333138173]]]],"type":"MultiPolygon"},"properties":{"Kelas":"Cukup Rendah"}},{"type":"Feature","geometry":{"coordinates":[[[[112.72604222790318,-7.334280333138173],[112.72424379433663,-7.334280333138173],[112.72424379433663,-7.331582682788346],[112.72514301111991,-7.331582682788346],[112.72544509175805,-7.333079035716766],[112.72604222790318,-7.334280333138173]]]],"type":"MultiPolygon"},"properties":{"Kelas":"Sedang"}},{"type":"Feature","geometry":{"coordinates":[[[[112.75571638175128,-7.334280333138173],[112.75481716496802,-7.334280333138173],[112.75481716496802,-7.33248189957162],[112.75571638175128,-7.33248189957162],[112.75571638175128,-7.333381116354897],[112.75571638175128,-7.334280333138173]]]],"type":"MultiPolygon"},"properties":{"Kelas":"Cukup Tinggi"}},{"type":"Feature","geometry":{"coordinates":[[[[112.7593132488844,-7.334280333138173],[112.75841403210111,-7.334280333138173],[112.75841403210111,-7.333381116354897],[112.75841403210111,-7.33248189957162],[112.7600438625208,-7.33281120259284],[112.7593132488844,-7.334280333138173]]]],"type":"MultiPolygon"},"properties":{"Kelas":"Tinggi"}},{"type":"Feature","geometry":{"coordinates":[[[[112.76380933280078,-7.334280333138173],[112.7629101160175,-7.334280333138173],[112.7629101160175,-7.33248189957162],[112.76380933280078,-7.33248189957162],[112.76380933280078,-7.334280333138173]]]],"type":"MultiPolygon"},"properties":{"Kelas":"Sedang"}},{"type":"Feature","geometry":{"coordinates":[[[[112.78718896916595,-7.334280333138173],[112.78539053559939,-7.334280333138173],[112.78539053559939,-7.333381116354897],[112.78718896916595,-7.333381116354897],[112.78718896916595,-7.334280333138173]]]],"type":"MultiPolygon"},"properties":{"Kelas":"Cukup Rendah"}},{"type":"Feature","geometry":{"coordinates":[[[[112.6882751230056,-7.335179549921449],[112.68377903908922,-7.335179549921449],[112.68377903908922,-7.33248189957162],[112.68467825587248,-7.33248189957162],[112.68467825587248,-7.333381116354897],[112.68467825587248,-7.334280333138173],[112.68557747265577,-7.334280333138173],[112.68692629783068,-7.333609433116276],[112.6882751230056,-7.334280333138173],[112.6882751230056,-7.335179549921449]]]],"type":"MultiPolygon"},"properties":{"Kelas":"Sedang"}},{"type":"Feature","geometry":{"coordinates":[[[[112.69726729083835,-7.335179549921449],[112.69636807405507,-7.335179549921449],[112.69636807405507,-7.334280333138173],[112.69636807405507,-7.333381116354897],[112.6954688572718,-7.333381116354897],[112.69456964048852,-7.333381116354897],[112.69456964048852,-7.33248189957162],[112.69726729083835,-7.33248189957162],[112.69726729083835,-7.335179549921449]]]],"type":"MultiPolygon"},"properties":{"Kelas":"Sedang"}},{"type":"Feature","geometry":{"coordinates":[[[[112.7368328293025,-7.335179549921449],[112.73290051215844,-7.334776483023477],[112.73613207247334,-7.333998449752009],[112.7368328293025,-7.335179549921449]]]],"type":"MultiPolygon"},"properties":{"Kelas":"Sedang"}},{"type":"Feature","geometry":{"coordinates":[[[[112.7512202978349,-7.33068346600507],[112.7512202978349,-7.331582682788346],[112.75301873140145,-7.331582682788346],[112.75301873140145,-7.33248189957162],[112.75237593190404,-7.334988993239836],[112.75077068944327,-7.33462895526997],[112.74970813836147,-7.334866931586639],[112.74885458493047,-7.331056676095784],[112.7512202978349,-7.33068346600507]]]],"type":"MultiPolygon"},"properties":{"Kelas":"Cukup Tinggi"}},{"type":"Feature","geometry":{"coordinates":[[[[112.75571638175128,-7.335179549921449],[112.75571638175128,-7.334280333138173],[112.75571638175128,-7.333381116354897],[112.75661559853457,-7.333381116354897],[112.75661559853457,-7.335179549921449],[112.75571638175128,-7.335179549921449]]]],"type":"MultiPolygon"},"properties":{"Kelas":"Tinggi"}},{"type":"Feature","geometry":{"coordinates":[[[[112.7593132488844,-7.334280333138173],[112.76040916933901,-7.334588560766035],[112.75962059837086,-7.335376253592791],[112.7593132488844,-7.334280333138173]]]],"type":"MultiPolygon"},"properties":{"Kelas":"Tinggi"}},{"type":"Feature","geometry":{"coordinates":[[[[112.77190228385025,-7.335179549921449],[112.76978596310056,-7.334723794540082],[112.77077826287116,-7.333127333493211],[112.77190228385025,-7.335179549921449]]]],"type":"MultiPolygon"},"properties":{"Kelas":"Sedang"}},{"type":"Feature","geometry":{"coordinates":[[[[112.78269288524956,-7.335179549921449],[112.78152495720097,-7.334679009329196],[112.7823328472797,-7.333136114907109],[112.78269288524956,-7.335179549921449]]]],"type":"MultiPolygon"},"properties":{"Kelas":"Tinggi"}},{"type":"Feature","geometry":{"coordinates":[[[[112.79438270343215,-7.335179549921449],[112.79168505308232,-7.335179549921449],[112.79168505308232,-7.334280333138173],[112.79438270343215,-7.334280333138173],[112.79438270343215,-7.335179549921449]]]],"type":"MultiPolygon"},"properties":{"Kelas":"Sedang"}},{"type":"Feature","geometry":{"coordinates":[[[[112.80067722091508,-7.318993647822483],[112.80603915224192,-7.32115299750029],[112.80234393327315,-7.322665156973729],[112.80337487126491,-7.325288165305414],[112.80084055521361,-7.325607808771345],[112.8021735738435,-7.328287896293373],[112.80277773511978,-7.33217981893349],[112.80487122419333,-7.332783980209753],[112.80517330483147,-7.333381116354897],[112.80517330483147,-7.334280333138173],[112.80427408804819,-7.334280333138173],[112.80337487126491,-7.33302546909198],[112.80209980996675,-7.334803705406564],[112.79961993868162,-7.335555394436334],[112.80031718294522,-7.332032291179983],[112.79935649626465,-7.327174413010958],[112.79677827314384,-7.325325925385181],[112.79580529248382,-7.323509928990831],[112.80041202221533,-7.324419683470785],[112.79994133843033,-7.322044311011057],[112.80067722091508,-7.318993647822483]]]],"type":"MultiPolygon"},"properties":{"Kelas":"Cukup Rendah"}},{"type":"Feature","geometry":{"coordinates":[[[[112.80517330483147,-7.335179549921449],[112.80517330483147,-7.334280333138173],[112.80517330483147,-7.333381116354897],[112.80607252161474,-7.333381116354897],[112.80607252161474,-7.335179549921449],[112.80517330483147,-7.335179549921449]]]],"type":"MultiPolygon"},"properties":{"Kelas":"Cukup Tinggi"}},{"type":"Feature","geometry":{"coordinates":[[[[112.64961847561551,-7.336001912338879],[112.6499864021224,-7.333079035716766],[112.6525207181737,-7.333837749877654],[112.65140723489128,-7.336078766704725],[112.64973999622553,-7.336078766704725],[112.64961847561551,-7.336001912338879]]]],"type":"MultiPolygon"},"properties":{"Kelas":"Sangat Rendah"}},{"type":"Feature","geometry":{"coordinates":[[[[112.6882751230056,-7.335179549921449],[112.6882751230056,-7.334280333138173],[112.68917433978888,-7.334280333138173],[112.69067069271729,-7.333978252500041],[112.69187199013871,-7.333381116354897],[112.69146453253379,-7.335962852041256],[112.6882751230056,-7.335179549921449]]]],"type":"MultiPolygon"},"properties":{"Kelas":"Cukup Rendah"}},{"type":"Feature","geometry":{"coordinates":[[[[112.69726729083835,-7.336078766704725],[112.69636807405507,-7.336078766704725],[112.69636807405507,-7.335179549921449],[112.69726729083835,-7.335179549921449],[112.69726729083835,-7.336078766704725]]]],"type":"MultiPolygon"},"properties":{"Kelas":"Cukup Rendah"}},{"type":"Feature","geometry":{"coordinates":[[[[112.70985632580422,-7.336078766704725],[112.70685659481626,-7.33570028776567],[112.70746778122364,-7.333658609034112],[112.70954195118662,-7.332646112011536],[112.70985632580422,-7.336078766704725]]]],"type":"MultiPolygon"},"properties":{"Kelas":"Cukup Rendah"}},{"type":"Feature","geometry":{"coordinates":[[[[112.75481716496802,-7.336078766704725],[112.7535631790632,-7.335179549921449],[112.75481716496802,-7.334280333138173],[112.75481716496802,-7.336078766704725]]]],"type":"MultiPolygon"},"properties":{"Kelas":"Cukup Tinggi"}},{"type":"Feature","geometry":{"coordinates":[[[[112.7781968013332,-7.336078766704725],[112.77612965650133,-7.335714338027909],[112.77770855472039,-7.334937182897832],[112.7781968013332,-7.336078766704725]]]],"type":"MultiPolygon"},"properties":{"Kelas":"Sangat Rendah"}},{"type":"Feature","geometry":{"coordinates":[[[[112.78628975238267,-7.336078766704725],[112.78519383192805,-7.335770539076863],[112.7859824028962,-7.334982846250107],[112.78628975238267,-7.336078766704725]]]],"type":"MultiPolygon"},"properties":{"Kelas":"Cukup Tinggi"}},{"type":"Feature","geometry":{"coordinates":[[[[112.78808818594922,-7.336078766704725],[112.78718896916595,-7.334280333138173],[112.79168505308232,-7.334280333138173],[112.79168505308232,-7.335179549921449],[112.78928948337062,-7.335481630559581],[112.78808818594922,-7.336078766704725]]]],"type":"MultiPolygon"},"properties":{"Kelas":"Cukup Rendah"}},{"type":"Feature","geometry":{"coordinates":[[[[112.82675450763008,-7.33248189957162],[112.82763967415113,-7.33645900192656],[112.82453632247915,-7.334680765611976],[112.8209868749811,-7.335042559864622],[112.82086042262095,-7.333795599090939],[112.82185799123991,-7.332966633618856],[112.821745589142,-7.331867200598678],[112.82675450763008,-7.33248189957162]]]],"type":"MultiPolygon"},"properties":{"Kelas":"Sangat Rendah"}},{"type":"Feature","geometry":{"coordinates":[[[[112.82941753362942,-7.336078766704725],[112.82855294119663,-7.336078766704725],[112.82855294119663,-7.333381116354897],[112.82945215797992,-7.333381116354897],[112.82945215797992,-7.334280333138173],[112.82945215797992,-7.336036873098105],[112.82941753362942,-7.336078766704725]]]],"type":"MultiPolygon"},"properties":{"Kelas":"Sedang"}},{"type":"Feature","geometry":{"coordinates":[[[[112.82945215797992,-7.336036873098105],[112.82945215797992,-7.334280333138173],[112.83036368351598,-7.334933976099619],[112.82945215797992,-7.336036873098105]]]],"type":"MultiPolygon"},"properties":{"Kelas":"Cukup Tinggi"}},{"type":"Feature","geometry":{"coordinates":[[[[112.68287982230595,-7.334280333138173],[112.68287982230595,-7.33248189957162],[112.68377903908922,-7.33248189957162],[112.68377903908922,-7.335179549921449],[112.6882751230056,-7.335179549921449],[112.68783253974507,-7.335821471277479],[112.6832837673453,-7.336840993431174],[112.68287982230595,-7.334280333138173]]]],"type":"MultiPolygon"},"properties":{"Kelas":"Cukup Rendah"}},{"type":"Feature","geometry":{"coordinates":[[[[112.69996494118818,-7.336977983488001],[112.69726729083835,-7.336977983488001],[112.69726729083835,-7.336078766704725],[112.69996494118818,-7.336078766704725],[112.69996494118818,-7.336977983488001]]]],"type":"MultiPolygon"},"properties":{"Kelas":"Cukup Rendah"}},{"type":"Feature","geometry":{"coordinates":[[[[112.70086415797147,-7.336977983488001],[112.69996494118818,-7.336977983488001],[112.69996494118818,-7.336078766704725],[112.69726729083835,-7.336078766704725],[112.69726729083835,-7.335179549921449],[112.7002160896257,-7.334455083274767],[112.70086415797147,-7.336977983488001]]]],"type":"MultiPolygon"},"properties":{"Kelas":"Sedang"}},{"type":"Feature","geometry":{"coordinates":[[[[112.7368328293025,-7.336977983488001],[112.73573690884788,-7.336669755860139],[112.73652547981602,-7.335882063033383],[112.7368328293025,-7.336977983488001]]]],"type":"MultiPolygon"},"properties":{"Kelas":"Tinggi"}},{"type":"Feature","geometry":{"coordinates":[[[[112.74312734678543,-7.33068346600507],[112.7427901404917,-7.334355853297707],[112.73960248724629,-7.337133414514016],[112.73742996544763,-7.332762904816395],[112.73988700505663,-7.33132802178527],[112.74186809203229,-7.332295733596959],[112.74253021064028,-7.330985546643202],[112.74312734678543,-7.33068346600507]]]],"type":"MultiPolygon"},"properties":{"Kelas":"Tinggi"}},{"type":"Feature","geometry":{"coordinates":[[[[112.74222813000215,-7.336977983488001],[112.74439362666969,-7.333748179455883],[112.74492578035198,-7.333381116354897],[112.74530162486687,-7.333904488623288],[112.74710005843342,-7.335193600183688],[112.74517165994115,-7.336502030854666],[112.74222813000215,-7.336977983488001]]]],"type":"MultiPolygon"},"properties":{"Kelas":"Sedang"}},{"type":"Feature","geometry":{"coordinates":[[[[112.7629101160175,-7.336977983488001],[112.76021246566766,-7.336977983488001],[112.76222340945058,-7.334808096113514],[112.7629101160175,-7.336977983488001]]]],"type":"MultiPolygon"},"properties":{"Kelas":"Sedang"}},{"type":"Feature","geometry":{"coordinates":[[[[112.80427408804819,-7.336977983488001],[112.80337487126491,-7.336977983488001],[112.80337487126491,-7.334280333138173],[112.80427408804819,-7.334280333138173],[112.80427408804819,-7.336977983488001]]]],"type":"MultiPolygon"},"properties":{"Kelas":"Cukup Rendah"}},{"type":"Feature","geometry":{"coordinates":[[[[112.80517330483147,-7.336977983488001],[112.80427408804819,-7.336977983488001],[112.80427408804819,-7.334280333138173],[112.80517330483147,-7.334280333138173],[112.80517330483147,-7.335179549921449],[112.80517330483147,-7.336977983488001]]]],"type":"MultiPolygon"},"properties":{"Kelas":"Sedang"}},{"type":"Feature","geometry":{"coordinates":[[[[112.82867434631315,-7.336977983488001],[112.82855294119663,-7.336977983488001],[112.82855294119663,-7.336078766704725],[112.82941753362942,-7.336078766704725],[112.82867434631315,-7.336977983488001]]]],"type":"MultiPolygon"},"properties":{"Kelas":"Cukup Tinggi"}},{"type":"Feature","geometry":{"coordinates":[[[[112.69996494118818,-7.337877200271276],[112.69996494118818,-7.336977983488001],[112.70086415797147,-7.336977983488001],[112.70086415797147,-7.337877200271276],[112.69996494118818,-7.337877200271276]]]],"type":"MultiPolygon"},"properties":{"Kelas":"Cukup Rendah"}},{"type":"Feature","geometry":{"coordinates":[[[[112.74132891321888,-7.337877200271276],[112.74132891321888,-7.336977983488001],[112.74222813000215,-7.336977983488001],[112.74222813000215,-7.337877200271276],[112.74132891321888,-7.337877200271276]]]],"type":"MultiPolygon"},"properties":{"Kelas":"Sedang"}},{"type":"Feature","geometry":{"coordinates":[[[[112.7629101160175,-7.337877200271276],[112.7629101160175,-7.336977983488001],[112.76406223752107,-7.337427591879639],[112.7629101160175,-7.337877200271276]]]],"type":"MultiPolygon"},"properties":{"Kelas":"Sedang"}},{"type":"Feature","geometry":{"coordinates":[[[[112.76380933280078,-7.334280333138173],[112.76380933280078,-7.33248189957162],[112.7629101160175,-7.33248189957162],[112.76201089923421,-7.33248189957162],[112.76201089923421,-7.331582682788346],[112.76111168245095,-7.331582682788346],[112.76111168245095,-7.33068346600507],[112.76411843857002,-7.330233857613431],[112.76111168245095,-7.329784249221794],[112.76146293900692,-7.328337072211209],[112.76415356422562,-7.3266132806628],[112.76021246566766,-7.32618738208869],[112.76021246566766,-7.325288165305414],[112.76021246566766,-7.323489731738862],[112.76425367234407,-7.32415360662964],[112.76510722577507,-7.322067142687196],[112.76605737475896,-7.322207645309582],[112.76766964235085,-7.321968790851525],[112.76964370419539,-7.31655943988963],[112.7704955013436,-7.308462098133198],[112.76875502510879,-7.308719393560443],[112.76780136355934,-7.308578012796668],[112.76740619993387,-7.310900696773],[112.76740619993387,-7.311799913556275],[112.7665069831506,-7.311799913556275],[112.7665069831506,-7.312699130339551],[112.76560776636732,-7.312699130339551],[112.76560776636732,-7.313598347122827],[112.76177380105895,-7.314033905252227],[112.76021246566766,-7.316295997472656],[112.7593132488844,-7.316295997472656],[112.75751481531785,-7.316295997472656],[112.75661559853457,-7.314497563906103],[112.7598699905256,-7.314155088764036],[112.76055494080974,-7.313041605481619],[112.76352305870766,-7.31142582532417],[112.76263262333828,-7.308568353241379],[112.75926231668377,-7.307419744303365],[112.75751481531785,-7.308203046423172],[112.75751481531785,-7.305505396073345],[112.75661559853457,-7.305505396073345],[112.75661559853457,-7.303706962506793],[112.75841403210111,-7.304606179290069],[112.75881446457493,-7.305105841740932],[112.76161046676042,-7.305904950405758],[112.7645996600517,-7.307662111326982],[112.76560776636732,-7.306404612856619],[112.76830541671715,-7.306404612856619],[112.76739917480276,-7.304614960703967],[112.76560776636732,-7.305505396073345],[112.76613992004961,-7.303339899405806],[112.76687404625159,-7.297250867008117],[112.76468396162514,-7.2961461651396],[112.76380933280078,-7.297412445023861],[112.76201089923421,-7.297412445023861],[112.76260803537937,-7.296211147602454],[112.7629101160175,-7.293815577890758],[112.77061141600707,-7.295106445733937],[112.77140701210634,-7.296136505584311],[112.77377272501079,-7.295787005311123],[112.77459993420008,-7.294714794674034],[112.77551847009394,-7.294148393477537],[112.77674084290871,-7.290561185899723],[112.7781968013332,-7.290218710757653],[112.77909601811646,-7.290218710757653],[112.77849361312298,-7.295038828846913],[112.77959480242593,-7.296912782572997],[112.77999523489973,-7.299210878590413],[112.77782446938386,-7.301221822373325],[112.77999523489973,-7.30190852894024],[112.77903103565362,-7.305030321581398],[112.77682338819935,-7.304182036998737],[112.77185837678076,-7.301484386648911],[112.76956818403585,-7.302355502907709],[112.77147726341754,-7.303231888014846],[112.77232730428298,-7.305081253782014],[112.77592417141608,-7.30736881210275],[112.77507237426786,-7.308680755339287],[112.77057804663426,-7.308412922215362],[112.77232730428298,-7.313174204831498],[112.77494943447327,-7.314377258535684],[112.77160371577769,-7.317366451826965],[112.77132271053291,-7.322060117556076],[112.77426097162358,-7.323113887223977],[112.7772554337632,-7.322935624521824],[112.77663722222469,-7.333328427871502],[112.77862182176591,-7.330208391513123],[112.77999523489973,-7.329784249221794],[112.77999523489973,-7.33248189957162],[112.77946308121744,-7.332848962672607],[112.77862182176591,-7.338187184181917],[112.7710276550259,-7.336321133728342],[112.76823516540595,-7.336947248539353],[112.76702508657065,-7.333711297517507],[112.76470854958404,-7.334280333138173],[112.76380933280078,-7.334280333138173]],[[112.76861276620363,-7.307500533311238],[112.76940133717177,-7.306712840484481],[112.76830541671715,-7.306404612856619],[112.76861276620363,-7.307500533311238]],[[112.77077826287116,-7.333127333493211],[112.76978596310056,-7.334723794540082],[112.77190228385025,-7.335179549921449],[112.77077826287116,-7.333127333493211]],[[112.77501090437056,-7.296270861216968],[112.7734320061515,-7.297048016347045],[112.77549915098336,-7.297412445023861],[112.77501090437056,-7.296270861216968]],[[112.77501090437056,-7.298968511566796],[112.7734320061515,-7.299745666696873],[112.77549915098336,-7.300110095373689],[112.77501090437056,-7.298968511566796]],[[112.7660187365378,-7.307960679399555],[112.76443983831874,-7.308737834529632],[112.7665069831506,-7.309102263206448],[112.7660187365378,-7.307960679399555]],[[112.77234311082799,-7.323717170358851],[112.77151063279035,-7.326476290605973],[112.7737007174168,-7.327086598871965],[112.77234311082799,-7.323717170358851]],[[112.76740619993387,-7.328885032438517],[112.7701038502837,-7.328885032438517],[112.7701038502837,-7.324388948522138],[112.76560776636732,-7.324388948522138],[112.76560776636732,-7.329784249221794],[112.76740619993387,-7.329784249221794],[112.76740619993387,-7.328885032438517]],[[112.76794537874729,-7.330438464557282],[112.76713748866857,-7.331981358979368],[112.76830541671715,-7.33248189957162],[112.76794537874729,-7.330438464557282]],[[112.77770855472039,-7.334937182897832],[112.77612965650133,-7.335714338027909],[112.7781968013332,-7.336078766704725],[112.77770855472039,-7.334937182897832]]]],"type":"MultiPolygon"},"properties":{"Kelas":"Cukup Rendah"}},{"type":"Feature","geometry":{"coordinates":[[[[112.78089445168301,-7.33248189957162],[112.78089445168301,-7.329784249221794],[112.77999523489973,-7.329784249221794],[112.78030785323455,-7.317047686502425],[112.78179366846629,-7.316295997472656],[112.78269991038069,-7.314506345320002],[112.78449131881612,-7.31539678068938],[112.78539053559939,-7.31539678068938],[112.78539053559939,-7.31719521425593],[112.78628975238267,-7.31719521425593],[112.78628975238267,-7.319892864605759],[112.78539053559939,-7.319892864605759],[112.78539053559939,-7.323489731738862],[112.78449131881612,-7.323489731738862],[112.78404171042448,-7.322337610235289],[112.78359210203284,-7.323489731738862],[112.78308453630947,-7.323881382798765],[112.78115438153444,-7.328597002062624],[112.78269288524956,-7.329784249221794],[112.78269288524956,-7.33068346600507],[112.78269288524956,-7.331582682788346],[112.78329704652583,-7.332776955078634],[112.78449131881612,-7.333381116354897],[112.7837694865936,-7.337341534023427],[112.78051685088535,-7.337602342016233],[112.77999523489973,-7.33248189957162],[112.78089445168301,-7.33248189957162]],[[112.78061169015547,-7.321105577865236],[112.78344633056211,-7.322058361273296],[112.7848583819171,-7.31677897523711],[112.78179366846629,-7.316295997472656],[112.78061169015547,-7.321105577865236]],[[112.7823328472797,-7.333136114907109],[112.78152495720097,-7.334679009329196],[112.78269288524956,-7.335179549921449],[112.7823328472797,-7.333136114907109]]]],"type":"MultiPolygon"},"properties":{"Kelas":"Cukup Tinggi"}},{"type":"Feature","geometry":{"coordinates":[[[[112.82793115899689,-7.337877200271276],[112.82765372441335,-7.337877200271276],[112.82765372441335,-7.336977983488001],[112.82855294119663,-7.336977983488001],[112.82855294119663,-7.337124877166032],[112.82793115899689,-7.337877200271276]]]],"type":"MultiPolygon"},"properties":{"Kelas":"Sedang"}},{"type":"Feature","geometry":{"coordinates":[[[[112.7026137,-7.3381155],[112.70176337475473,-7.338586473988103],[112.70176337475473,-7.336977983488001],[112.70086415797147,-7.336977983488001],[112.7002160896257,-7.334455083274767],[112.69726729083835,-7.335179549921449],[112.69726729083835,-7.33248189957162],[112.69456964048852,-7.33248189957162],[112.69367042370526,-7.33248189957162],[112.69367042370526,-7.331582682788346],[112.69277120692198,-7.331582682788346],[112.69453100226737,-7.328919279952725],[112.69385307711435,-7.325898473571407],[112.69501924888016,-7.325636787437212],[112.69733754214954,-7.326156647140042],[112.69853357072262,-7.322957578056572],[112.6990657244049,-7.322590514955586],[112.69943630007145,-7.32553580117737],[112.70222176456028,-7.324175560164388],[112.70580282514835,-7.325955552761751],[112.70666515999326,-7.328941233487472],[112.70834943517912,-7.330086329859926],[112.70895710902094,-7.328885032438517],[112.71111382427458,-7.329423333110537],[112.70765570348108,-7.332156987257351],[112.7043960426417,-7.331335925057779],[112.70525135235549,-7.334729941529812],[112.7030208732251,-7.335538709749926],[112.70274894499207,-7.3379960612087],[112.7026137,-7.3381155]],[[112.69883565136075,-7.329004459667546],[112.6970459992081,-7.329138815300205],[112.69818407044943,-7.330233857613431],[112.69707234344979,-7.331304311967742],[112.6990657244049,-7.331582682788346],[112.69883565136075,-7.329004459667546]],[[112.70021784590848,-7.332931507963259],[112.6990657244049,-7.33248189957162],[112.69791360290134,-7.332931507963259],[112.6990657244049,-7.333381116354897],[112.70021784590848,-7.332931507963259]]]],"type":"MultiPolygon"},"properties":{"Kelas":"Cukup Tinggi"}},{"type":"Feature","geometry":{"coordinates":[[[[112.70861055963745,-7.337719652844501],[112.70864975953447,-7.337680496599935],[112.70866581876795,-7.337737759238201],[112.70861055963745,-7.337719652844501]]]],"type":"MultiPolygon"},"properties":{"Kelas":"Cukup Rendah"}},{"type":"Feature","geometry":{"coordinates":[[[[112.73357843731145,-7.338433941912484],[112.73210140349362,-7.33410119229463],[112.73075784716704,-7.336281617365795],[112.72839740311095,-7.33462280828024],[112.72604222790318,-7.334280333138173],[112.72544509175805,-7.333079035716766],[112.72514301111991,-7.331582682788346],[112.72514301111991,-7.33068346600507],[112.73088956837553,-7.330096867556604],[112.73167111421256,-7.325771143069868],[112.72981121074871,-7.327931370889067],[112.72472677210109,-7.329769320818166],[112.72653047451598,-7.324859632307135],[112.72645495435644,-7.323923533585482],[112.72694144468646,-7.321691298172311],[112.72809356619004,-7.321241689780672],[112.72694144468646,-7.320792081389035],[112.72694144468646,-7.318993647822483],[112.72963909503629,-7.318993647822483],[112.72998332646114,-7.315232568249465],[112.73203466474799,-7.314195483267971],[112.7323367453861,-7.313598347122827],[112.73323596216939,-7.313598347122827],[112.73323596216939,-7.311799913556275],[112.73503439573594,-7.311799913556275],[112.73503439573594,-7.310900696773],[112.73982377887656,-7.308502492637134],[112.7404296964356,-7.307303829639896],[112.74132891321888,-7.307303829639896],[112.74132891321888,-7.306404612856619],[112.74312734678543,-7.306404612856619],[112.74556331100106,-7.308014246024339],[112.74774988306196,-7.307523364987375],[112.74852264748509,-7.306404612856619],[112.74942186426836,-7.306404612856619],[112.74942186426836,-7.308203046423172],[112.75032108105164,-7.308203046423172],[112.75211951461819,-7.308203046423172],[112.75301873140145,-7.308203046423172],[112.75271665076333,-7.309699399351592],[112.75143280805128,-7.311315179509041],[112.75188944157402,-7.312249521947914],[112.75139768239568,-7.313256750122148],[112.75358952330491,-7.314326326335069],[112.75422002882287,-7.311202777411131],[112.75481716496802,-7.310900696773],[112.75481716496802,-7.314497563906103],[112.75571638175128,-7.314497563906103],[112.75571638175128,-7.316295997472656],[112.75751481531785,-7.316295997472656],[112.75841403210111,-7.317550861518848],[112.7593132488844,-7.316295997472656],[112.76021246566766,-7.316295997472656],[112.7640341369966,-7.315668126378863],[112.76462600429339,-7.319677719965229],[112.76060411672756,-7.322082949232215],[112.76021246566766,-7.323489731738862],[112.7593132488844,-7.323489731738862],[112.75857736639963,-7.322036407738548],[112.75481716496802,-7.321691298172311],[112.75524921053186,-7.321224126952874],[112.75619233438462,-7.320351254411296],[112.755080607385,-7.317177651428132],[112.75155047899752,-7.314897996379905],[112.74896347446281,-7.315000738922526],[112.74767085033686,-7.309569434425883],[112.7440265635687,-7.311799913556275],[112.74325906799392,-7.312830851548039],[112.74171178286488,-7.313982094910221],[112.74094604357288,-7.317710683251812],[112.73879635345035,-7.318565114824203],[112.74620786678126,-7.32009044641849],[112.74534026308802,-7.321468250259271],[112.739541017349,-7.320468925357545],[112.73863126286905,-7.321691298172311],[112.73808330264174,-7.322042554728277],[112.73728243769413,-7.323293028067521],[112.73548400412758,-7.320483853761173],[112.73413517895267,-7.322590514955586],[112.73413517895267,-7.323489731738862],[112.7335485805042,-7.327059376488878],[112.73375230930667,-7.32843542404688],[112.73339929646792,-7.330824846768847],[112.73693996255207,-7.331974333848249],[112.73863126286905,-7.329784249221794],[112.74014869119083,-7.328736626543622],[112.73987822364273,-7.327532694698045],[112.7404296964356,-7.325288165305414],[112.74417584760499,-7.325621859033582],[112.74521205444509,-7.327578358050319],[112.74312734678543,-7.327985815655241],[112.74312734678543,-7.33068346600507],[112.74492578035198,-7.33068346600507],[112.74492578035198,-7.333381116354897],[112.74439362666969,-7.333748179455883],[112.74222813000215,-7.336977983488001],[112.74132891321888,-7.336977983488001],[112.74132891321888,-7.337877200271276],[112.73593361251922,-7.337877200271276],[112.73593361251922,-7.338776417054552],[112.73357843731145,-7.338433941912484]],[[112.72911396648512,-7.322193595047343],[112.73053831181957,-7.322590514955586],[112.7309879202112,-7.323742636459158],[112.73143752860284,-7.322590514955586],[112.73143752860284,-7.321691298172311],[112.7323367453861,-7.321691298172311],[112.7323367453861,-7.318993647822483],[112.72963909503629,-7.318993647822483],[112.72911396648512,-7.322193595047343]],[[112.74478000888125,-7.308735200105462],[112.74096185011788,-7.310757559726444],[112.74171353914765,-7.312368071035552],[112.7440265635687,-7.311799913556275],[112.74478000888125,-7.308735200105462]],[[112.74284458525787,-7.326042488759354],[112.74113220954753,-7.327695150855179],[112.74312734678543,-7.327985815655241],[112.74284458525787,-7.326042488759354]],[[112.74253021064028,-7.330985546643202],[112.74186809203229,-7.332295733596959],[112.73988700505663,-7.33132802178527],[112.73742996544763,-7.332762904816395],[112.73960248724629,-7.337133414514016],[112.7427901404917,-7.334355853297707],[112.74312734678543,-7.33068346600507],[112.74253021064028,-7.330985546643202]],[[112.73613207247334,-7.333998449752009],[112.73290051215844,-7.334776483023477],[112.7368328293025,-7.335179549921449],[112.73613207247334,-7.333998449752009]],[[112.7338278294662,-7.316099293801313],[112.73303925849805,-7.31688698662807],[112.73413517895267,-7.31719521425593],[112.7338278294662,-7.316099293801313]],[[112.73652547981602,-7.316099293801313],[112.73573690884788,-7.31688698662807],[112.7368328293025,-7.31719521425593],[112.73652547981602,-7.316099293801313]],[[112.76364248593669,-7.318188392167928],[112.7613154112534,-7.316836054427455],[112.75715653363076,-7.319482772576666],[112.7629101160175,-7.319892864605759],[112.76364248593669,-7.318188392167928]],[[112.73660802510668,-7.317840648177521],[112.73561572533606,-7.319437109224392],[112.73773204608577,-7.319892864605759],[112.73660802510668,-7.317840648177521]],[[112.72843252876655,-7.323293028067521],[112.72764395779839,-7.324080720894276],[112.72873987825301,-7.324388948522138],[112.72843252876655,-7.323293028067521]],[[112.73832391338257,-7.311603209884934],[112.73753534241443,-7.312390902711691],[112.73863126286905,-7.312699130339551],[112.73832391338257,-7.311603209884934]],[[112.74016449773585,-7.313427109551792],[112.73753358613165,-7.316027286207341],[112.7404296964356,-7.316295997472656],[112.74016449773585,-7.313427109551792]],[[112.72845711672545,-7.331437789459009],[112.72674474101512,-7.333090451554835],[112.72873987825301,-7.333381116354897],[112.72845711672545,-7.331437789459009]],[[112.73652547981602,-7.335882063033383],[112.73573690884788,-7.336669755860139],[112.7368328293025,-7.336977983488001],[112.73652547981602,-7.335882063033383]]]],"type":"MultiPolygon"},"properties":{"Kelas":"Cukup Tinggi"}},{"type":"Feature","geometry":{"coordinates":[[[[112.761711,-7.3381284],[112.7609405,-7.33791],[112.7606811,-7.3378342],[112.7606277,-7.3378299],[112.7605361,-7.3378175],[112.76021246566766,-7.337774797607333],[112.76021246566766,-7.336977983488001],[112.7629101160175,-7.336977983488001],[112.7629101160175,-7.337877200271276],[112.76201089923421,-7.337877200271276],[112.76201089923421,-7.338258849615497],[112.761711,-7.3381284]]]],"type":"MultiPolygon"},"properties":{"Kelas":"Cukup Rendah"}},{"type":"Feature","geometry":{"coordinates":[[[[112.7627639,-7.3384789],[112.7624892,-7.3384669],[112.76201089923421,-7.338258849615497],[112.76201089923421,-7.337877200271276],[112.7629101160175,-7.337877200271276],[112.7629101160175,-7.338490053043537],[112.7627639,-7.3384789]]]],"type":"MultiPolygon"},"properties":{"Kelas":"Sedang"}},{"type":"Feature","geometry":{"coordinates":[[[[112.78808818594922,-7.338776417054552],[112.7869922654946,-7.338468189426692],[112.78778083646276,-7.337680496599935],[112.78808818594922,-7.338776417054552]]]],"type":"MultiPolygon"},"properties":{"Kelas":"Sangat Rendah"}},{"type":"Feature","geometry":{"coordinates":[[[[112.65770175237421,-7.339675633837828],[112.65680253559094,-7.339675633837828],[112.65680253559094,-7.338776417054552],[112.65770175237421,-7.338776417054552],[112.65770175237421,-7.339675633837828]]]],"type":"MultiPolygon"},"properties":{"Kelas":"Cukup Rendah"}},{"type":"Feature","geometry":{"coordinates":[[[[112.6990657244049,-7.339675633837828],[112.6990657244049,-7.338776417054552],[112.69996494118818,-7.338776417054552],[112.69996494118818,-7.339675633837828],[112.6990657244049,-7.339675633837828]]]],"type":"MultiPolygon"},"properties":{"Kelas":"Cukup Rendah"}},{"type":"Feature","geometry":{"coordinates":[[[[112.74672421391853,-7.339675633837828],[112.74562829346391,-7.339367406209966],[112.74641686443206,-7.338579713383211],[112.74672421391853,-7.339675633837828]]]],"type":"MultiPolygon"},"properties":{"Kelas":"Sedang"}},{"type":"Feature","geometry":{"coordinates":[[[[112.7541045,-7.3387635],[112.7540893,-7.338827],[112.754089,-7.3388536],[112.7540864,-7.3390662],[112.75408064107405,-7.339545787866718],[112.75275002013615,-7.339311205161012],[112.75413106387978,-7.338631436688757],[112.7541045,-7.3387635]]]],"type":"MultiPolygon"},"properties":{"Kelas":"Cukup Tinggi"}},{"type":"Feature","geometry":{"coordinates":[[[[112.79168505308232,-7.334280333138173],[112.78718896916595,-7.334280333138173],[112.78718896916595,-7.333381116354897],[112.78539053559939,-7.333381116354897],[112.78665681548365,-7.331050529106054],[112.78882582471675,-7.328251892496386],[112.78665681548365,-7.324921102204428],[112.78628975238267,-7.323489731738862],[112.78684649402388,-7.323147256596794],[112.78847105559522,-7.318315722669466],[112.79118451249008,-7.320220411344199],[112.7920275282244,-7.316638472614724],[112.79572801604151,-7.314624894407642],[112.79618113699871,-7.312699130339551],[112.79708035378198,-7.312699130339551],[112.79708035378198,-7.311799913556275],[112.79760372605037,-7.312175758071159],[112.79887527478297,-7.318518573330538],[112.80067722091508,-7.318993647822483],[112.79994133843033,-7.322044311011057],[112.80041202221533,-7.324419683470785],[112.79580529248382,-7.323509928990831],[112.79677827314384,-7.325325925385181],[112.79935649626465,-7.327174413010958],[112.80031718294522,-7.332032291179983],[112.79961993868162,-7.335555394436334],[112.80209980996675,-7.334803705406564],[112.80337487126491,-7.33302546909198],[112.80427408804819,-7.334280333138173],[112.80337487126491,-7.334280333138173],[112.80337487126491,-7.336977983488001],[112.80337487126491,-7.337877200271276],[112.80025571304793,-7.339938198113414],[112.79605819720412,-7.338996830543422],[112.79833960853512,-7.33549304639765],[112.7945442814479,-7.332870916207355],[112.79528192021543,-7.329575251570994],[112.79407886651124,-7.328517969337533],[112.79079461771295,-7.330656243621982],[112.79168505308232,-7.334280333138173]]]],"type":"MultiPolygon"},"properties":{"Kelas":"Sangat Rendah"}},{"type":"Feature","geometry":{"coordinates":[[[[112.81686312301404,-7.339675633837828],[112.81293080587,-7.339272566939856],[112.8161623661849,-7.338494533668388],[112.81686312301404,-7.339675633837828]]]],"type":"MultiPolygon"},"properties":{"Kelas":"Sedang"}},{"type":"Feature","geometry":{"coordinates":[[[[112.8222584237137,-7.339675633837828],[112.81924991131184,-7.339284860919316],[112.82164899358911,-7.338519121627307],[112.8222584237137,-7.339675633837828]]]],"type":"MultiPolygon"},"properties":{"Kelas":"Sedang"}},{"type":"Feature","geometry":{"coordinates":[[[[112.82585529084682,-7.339675633837828],[112.82442392038124,-7.339308570736844],[112.82279057739599,-7.338244263372262],[112.81812940289831,-7.337510137170291],[112.81687190442796,-7.335687115644822],[112.81453253576521,-7.334812486820462],[112.81136947047872,-7.332752367119715],[112.81005401467662,-7.333047422626729],[112.80930232564685,-7.331558094829427],[112.81056860553112,-7.33068346600507],[112.81148714142498,-7.331874225729798],[112.81737068873743,-7.332873550631524],[112.81815399085723,-7.333888682078269],[112.819184928849,-7.334684278177535],[112.81903564481271,-7.335684481220651],[112.82456442300364,-7.336470417764628],[112.82585529084682,-7.339675633837828]]]],"type":"MultiPolygon"},"properties":{"Kelas":"Sedang"}},{"type":"Feature","geometry":{"coordinates":[[[[112.82585529084682,-7.339675633837828],[112.82456442300364,-7.336470417764628],[112.81903564481271,-7.335684481220651],[112.819184928849,-7.334684278177535],[112.81815399085723,-7.333888682078269],[112.81737068873743,-7.332873550631524],[112.81148714142498,-7.331874225729798],[112.81056860553112,-7.33068346600507],[112.81176287782141,-7.330079304728805],[112.81236703909767,-7.328885032438517],[112.81736190732352,-7.328485478106105],[112.82135920693042,-7.327985815655241],[112.82164548102354,-7.328599636486794],[112.82322437924262,-7.329334640830156],[112.82107293283732,-7.330336600156052],[112.82546012722135,-7.330807283941049],[112.82614156493992,-7.328271211606966],[112.82675450763008,-7.327985815655241],[112.82675450763008,-7.33248189957162],[112.82765372441335,-7.33248189957162],[112.82765372441335,-7.333381116354897],[112.82855294119663,-7.333381116354897],[112.82855294119663,-7.336078766704725],[112.82855294119663,-7.336977983488001],[112.82765372441335,-7.336977983488001],[112.82765372441335,-7.337877200271276],[112.82675450763008,-7.337877200271276],[112.82675450763008,-7.339675633837828],[112.82585529084682,-7.339675633837828]],[[112.821745589142,-7.331867200598678],[112.82185799123991,-7.332966633618856],[112.82086042262095,-7.333795599090939],[112.8209868749811,-7.335042559864622],[112.82453632247915,-7.334680765611976],[112.82763967415113,-7.33645900192656],[112.82675450763008,-7.33248189957162],[112.821745589142,-7.331867200598678]]]],"type":"MultiPolygon"},"properties":{"Kelas":"Cukup Rendah"}},{"type":"Feature","geometry":{"coordinates":[[[[112.8276400656667,-7.339675633837828],[112.82675450763008,-7.339675633837828],[112.82675450763008,-7.337877200271276],[112.82765372441335,-7.337877200271276],[112.82765372441335,-7.339552695932552],[112.8276400656667,-7.339675633837828]]]],"type":"MultiPolygon"},"properties":{"Kelas":"Sedang"}},{"type":"Feature","geometry":{"coordinates":[[[[112.6502533,-7.3364034],[112.64973999622553,-7.336078766704725],[112.65140723489128,-7.336078766704725],[112.65230645167456,-7.336078766704725],[112.65230645167456,-7.336977983488001],[112.6513165737067,-7.337087850637725],[112.6502533,-7.3364034]]]],"type":"MultiPolygon"},"properties":{"Kelas":"Cukup Rendah"}},{"type":"Feature","geometry":{"coordinates":[[[[112.6538315,-7.3389978],[112.6520081,-7.337533],[112.6513165737067,-7.337087850637725],[112.65230645167456,-7.336977983488001],[112.65590331880766,-7.336977983488001],[112.65590331880766,-7.338776417054552],[112.65410488524111,-7.338776417054552],[112.65410488524111,-7.339505154495527],[112.6538315,-7.3389978]]]],"type":"MultiPolygon"},"properties":{"Kelas":"Sedang"}},{"type":"Feature","geometry":{"coordinates":[[[[112.65680253559094,-7.340574850621104],[112.65590331880766,-7.340574850621104],[112.65590331880766,-7.338776417054552],[112.65680253559094,-7.338776417054552],[112.65680253559094,-7.339675633837828],[112.65680253559094,-7.340574850621104]]]],"type":"MultiPolygon"},"properties":{"Kelas":"Sedang"}},{"type":"Feature","geometry":{"coordinates":[[[[112.68377903908922,-7.340574850621104],[112.68287982230595,-7.340574850621104],[112.68287982230595,-7.339675633837828],[112.68377903908922,-7.339675633837828],[112.68377903908922,-7.340574850621104]]]],"type":"MultiPolygon"},"properties":{"Kelas":"Cukup Rendah"}},{"type":"Feature","geometry":{"coordinates":[[[[112.68467825587248,-7.340574850621104],[112.68377903908922,-7.340574850621104],[112.68377903908922,-7.339675633837828],[112.68287982230595,-7.339675633837828],[112.68252856574998,-7.338228456827244],[112.68075647642512,-7.335639696009766],[112.68287982230595,-7.334280333138173],[112.6832837673453,-7.336840993431174],[112.68783253974507,-7.335821471277479],[112.6882751230056,-7.335179549921449],[112.69146453253379,-7.335962852041256],[112.69187199013871,-7.333381116354897],[112.69456964048852,-7.333381116354897],[112.6954688572718,-7.333381116354897],[112.6954688572718,-7.334280333138173],[112.69636807405507,-7.334280333138173],[112.69636807405507,-7.335179549921449],[112.69636807405507,-7.336078766704725],[112.69726729083835,-7.336078766704725],[112.69726729083835,-7.336977983488001],[112.69996494118818,-7.336977983488001],[112.69996494118818,-7.337877200271276],[112.69996494118818,-7.338776417054552],[112.6990657244049,-7.338776417054552],[112.6990657244049,-7.339675633837828],[112.69816650762164,-7.339675633837828],[112.69690900915127,-7.33763395510627],[112.69409017528963,-7.336635508345932],[112.69188604040093,-7.340213934509848],[112.68467825587248,-7.340574850621104]]]],"type":"MultiPolygon"},"properties":{"Kelas":"Sangat Rendah"}},{"type":"Feature","geometry":{"coordinates":[[[[112.72334457755335,-7.340574850621104],[112.71972663502689,-7.340193737257881],[112.71500925948025,-7.33762517369237],[112.71367799713315,-7.333576941884848],[112.71480201811224,-7.331752164076599],[112.71559410164593,-7.333038641212829],[112.71881688054694,-7.333797355373719],[112.72022015048803,-7.337914082209654],[112.72199575237845,-7.338466433143912],[112.72354655007304,-7.337983455379456],[112.72393995741572,-7.339245344556769],[112.72334457755335,-7.340574850621104]]]],"type":"MultiPolygon"},"properties":{"Kelas":"Sangat Rendah"}},{"type":"Feature","geometry":{"coordinates":[[[[112.75032108105164,-7.340574850621104],[112.74922516059702,-7.340266622993243],[112.75001373156516,-7.339478930166488],[112.75032108105164,-7.340574850621104]]]],"type":"MultiPolygon"},"properties":{"Kelas":"Sedang"}},{"type":"Feature","geometry":{"coordinates":[[[[112.68287982230595,-7.341474067404381],[112.68172770080237,-7.341024459012742],[112.68287982230595,-7.340574850621104],[112.68287982230595,-7.341474067404381]]]],"type":"MultiPolygon"},"properties":{"Kelas":"Cukup Rendah"}},{"type":"Feature","geometry":{"coordinates":[[[[112.68287982230595,-7.341474067404381],[112.68287982230595,-7.340574850621104],[112.68377903908922,-7.340574850621104],[112.68377903908922,-7.341474067404381],[112.68287982230595,-7.341474067404381]]]],"type":"MultiPolygon"},"properties":{"Kelas":"Sangat Rendah"}},{"type":"Feature","geometry":{"coordinates":[[[[112.7368328293025,-7.341474067404381],[112.73503439573594,-7.341474067404381],[112.73431958864455,-7.340037428090474],[112.73563153188108,-7.339373553199696],[112.73593361251922,-7.338776417054552],[112.73836255160373,-7.339159286700557],[112.7368328293025,-7.341474067404381]]]],"type":"MultiPolygon"},"properties":{"Kelas":"Cukup Rendah"}},{"type":"Feature","geometry":{"coordinates":[[[[112.77275748079727,-7.340280633383606],[112.77280150063353,-7.340219203358188],[112.77289177156777,-7.340345177152162],[112.77275748079727,-7.340280633383606]]]],"type":"MultiPolygon"},"properties":{"Kelas":"Sedang"}},{"type":"Feature","geometry":{"coordinates":[[[[112.78718896916595,-7.341474067404381],[112.78628975238267,-7.341474067404381],[112.78628975238267,-7.339675633837828],[112.78718896916595,-7.339675633837828],[112.78718896916595,-7.341474067404381]]]],"type":"MultiPolygon"},"properties":{"Kelas":"Sedang"}},{"type":"Feature","geometry":{"coordinates":[[[[112.78718896916595,-7.341474067404381],[112.78718896916595,-7.339675633837828],[112.78628975238267,-7.339675633837828],[112.78588931990888,-7.339175971386965],[112.78322679521463,-7.338053706690649],[112.78808818594922,-7.336078766704725],[112.78921571949388,-7.338346127773493],[112.78778610531108,-7.341171986766248],[112.78718896916595,-7.341474067404381]],[[112.78808818594922,-7.338776417054552],[112.78778083646276,-7.337680496599935],[112.7869922654946,-7.338468189426692],[112.78808818594922,-7.338776417054552]]]],"type":"MultiPolygon"},"properties":{"Kelas":"Cukup Rendah"}},{"type":"Feature","geometry":{"coordinates":[[[[112.80337487126491,-7.341474067404381],[112.80337487126491,-7.337877200271276],[112.80337487126491,-7.336977983488001],[112.80427408804819,-7.336977983488001],[112.80427408804819,-7.341474067404381],[112.80337487126491,-7.341474067404381]]]],"type":"MultiPolygon"},"properties":{"Kelas":"Sedang"}},{"type":"Feature","geometry":{"coordinates":[[[[112.81056860553112,-7.339675633837828],[112.81256374276902,-7.339966298637892],[112.81085136705867,-7.341618960733717],[112.81056860553112,-7.339675633837828]]]],"type":"MultiPolygon"},"properties":{"Kelas":"Sedang"}},{"type":"Feature","geometry":{"coordinates":[[[[112.82675450763008,-7.341474067404381],[112.82585529084682,-7.341474067404381],[112.82585529084682,-7.339675633837828],[112.82675450763008,-7.339675633837828],[112.82675450763008,-7.341474067404381]]]],"type":"MultiPolygon"},"properties":{"Kelas":"Sedang"}},{"type":"Feature","geometry":{"coordinates":[[[[112.8275283,-7.3406816],[112.82730541333878,-7.341474067404381],[112.82675450763008,-7.341474067404381],[112.82675450763008,-7.339675633837828],[112.8276400656667,-7.339675633837828],[112.8275283,-7.3406816]]]],"type":"MultiPolygon"},"properties":{"Kelas":"Cukup Tinggi"}},{"type":"Feature","geometry":{"coordinates":[[[[112.7160935,-7.339968],[112.7161011,-7.339933],[112.71597307734046,-7.339892565391313],[112.71331795916328,-7.337769188880317],[112.71145454313387,-7.327067279761387],[112.71367624085036,-7.325288165305414],[112.71165475937077,-7.323668872582406],[112.71255397615404,-7.318094431039206],[112.71370609765762,-7.317644822647569],[112.71255397615404,-7.31719521425593],[112.71255397615404,-7.314497563906103],[112.71490915136181,-7.314155088764036],[112.7161982629222,-7.310368543090709],[112.72064692720353,-7.310001479989724],[112.72189740054277,-7.312852805082787],[112.72093495757943,-7.315859561201865],[112.71830053340966,-7.317546470811898],[112.7179492768537,-7.318993647822483],[112.71705006007042,-7.318993647822483],[112.71705006007042,-7.320792081389035],[112.71571879772331,-7.32202587004187],[112.71677081110843,-7.326560592179405],[112.71867989049011,-7.324500472478658],[112.72244536077008,-7.325288165305414],[112.72438254067623,-7.330095989415215],[112.72514301111991,-7.33068346600507],[112.72514301111991,-7.331582682788346],[112.72424379433663,-7.331582682788346],[112.72424379433663,-7.334280333138173],[112.72604222790318,-7.334280333138173],[112.72638470304526,-7.334837074779381],[112.72805492796888,-7.335865378346975],[112.72908235339509,-7.337534725129208],[112.7305260178401,-7.338423404215806],[112.72929661989423,-7.342030809045587],[112.72694144468646,-7.342373284187657],[112.72628810749237,-7.341557490836422],[112.71916286825457,-7.34244353549885],[112.71608646917046,-7.33998324819045],[112.7160935,-7.339968]],[[112.71584349380068,-7.315200077018037],[112.71505492283254,-7.315987769844794],[112.71615084328715,-7.316295997472656],[112.71584349380068,-7.315200077018037]],[[112.71598575270585,-7.329619158640488],[112.71773676663734,-7.328410836087961],[112.71430147751998,-7.327126115234512],[112.71218691305306,-7.328567145255366],[112.71525162650387,-7.33068346600507],[112.71598575270585,-7.329619158640488]],[[112.7221380112836,-7.330486762333727],[112.72134944031546,-7.331274455160484],[112.72244536077008,-7.331582682788346],[112.7221380112836,-7.330486762333727]],[[112.72393995741572,-7.339245344556769],[112.72354655007304,-7.337983455379456],[112.72199575237845,-7.338466433143912],[112.72022015048803,-7.337914082209654],[112.71881688054694,-7.333797355373719],[112.71559410164593,-7.333038641212829],[112.71480201811224,-7.331752164076599],[112.71367799713315,-7.333576941884848],[112.71500925948025,-7.33762517369237],[112.71972663502689,-7.340193737257881],[112.72334457755335,-7.340574850621104],[112.72393995741572,-7.339245344556769]]]],"type":"MultiPolygon"},"properties":{"Kelas":"Cukup Rendah"}},{"type":"Feature","geometry":{"coordinates":[[[[112.73503439573594,-7.342373284187657],[112.73503439573594,-7.341474067404381],[112.7368328293025,-7.341474067404381],[112.7368328293025,-7.342373284187657],[112.73503439573594,-7.342373284187657]]]],"type":"MultiPolygon"},"properties":{"Kelas":"Sedang"}},{"type":"Feature","geometry":{"coordinates":[[[[112.73953047965233,-7.342373284187657],[112.73832918223091,-7.341776148042513],[112.7368328293025,-7.341474067404381],[112.73836255160373,-7.339159286700557],[112.73593361251922,-7.338776417054552],[112.73593361251922,-7.337877200271276],[112.74132891321888,-7.337877200271276],[112.74132891321888,-7.339675633837828],[112.73953047965233,-7.339675633837828],[112.73953047965233,-7.342373284187657]]]],"type":"MultiPolygon"},"properties":{"Kelas":"Sedang"}},{"type":"Feature","geometry":{"coordinates":[[[[112.7431311,-7.3408792],[112.7431258,-7.3408759],[112.7430267,-7.3408149],[112.7429676,-7.3408481],[112.742958,-7.3408535],[112.7428817,-7.3409537],[112.7428567,-7.341035],[112.7428283,-7.3411272],[112.7427666,-7.3414105],[112.74274126649041,-7.341527102382488],[112.74222813000215,-7.342373284187657],[112.74088808624114,-7.341085928910037],[112.74405466409318,-7.339361259220238],[112.74313332626079,-7.340880580741932],[112.7431311,-7.3408792]]]],"type":"MultiPolygon"},"properties":{"Kelas":"Sangat Rendah"}},{"type":"Feature","geometry":{"coordinates":[[[[112.7667388,-7.3393887],[112.7667312,-7.3392976],[112.7667236,-7.3392222],[112.766716,-7.3391608],[112.7667083,-7.3391102],[112.7667007,-7.3390673],[112.7666931,-7.3390296],[112.7666778,-7.3389943],[112.7666702,-7.338961],[112.7666625,-7.3389276],[112.7666473,-7.3388947],[112.766632,-7.3388608],[112.7666244,-7.3388255],[112.7666091,-7.3387874],[112.7665862,-7.3387469],[112.766571,-7.3387025],[112.7665481,-7.3386558],[112.7665328,-7.3386081],[112.7665252,-7.3383759],[112.766514,-7.3383467],[112.7665099,-7.3383363],[112.7664138,-7.3383586],[112.7664133,-7.3383587],[112.7664031,-7.3383611],[112.7659988,-7.3384984],[112.765808,-7.3385671],[112.7657656,-7.3385695],[112.7656555,-7.3385757],[112.765335,-7.3384226],[112.7651712,-7.3383595],[112.7650985,-7.3383315],[112.7649841,-7.3383201],[112.7649561,-7.3383329],[112.7648391,-7.3383868],[112.7645005,-7.3384154],[112.7644526,-7.3384194],[112.764438,-7.3384206],[112.7643127,-7.3384312],[112.7634048,-7.3385075],[112.7633438,-7.3385075],[112.7632129,-7.3385078],[112.7631507,-7.338508],[112.7631454,-7.338508],[112.7629101160175,-7.338490053043537],[112.7629101160175,-7.337877200271276],[112.76406223752107,-7.337427591879639],[112.7629101160175,-7.336977983488001],[112.76222340945058,-7.334808096113514],[112.76021246566766,-7.336977983488001],[112.75874070069817,-7.33730465208505],[112.75868679190624,-7.337399179006544],[112.7576064,-7.3371504],[112.7571487,-7.3370321],[112.7568359,-7.3369549],[112.7563857,-7.3368991],[112.7559432,-7.3368772],[112.755722,-7.3368171],[112.7554092,-7.3367432],[112.7552337,-7.3367561],[112.7550903,-7.3368202],[112.7550887,-7.3368209],[112.75499934318086,-7.336900300394549],[112.75481716496802,-7.336078766704725],[112.75571638175128,-7.336078766704725],[112.75571638175128,-7.335179549921449],[112.75661559853457,-7.335179549921449],[112.75661559853457,-7.333381116354897],[112.75841403210111,-7.333381116354897],[112.75841403210111,-7.334280333138173],[112.7593132488844,-7.334280333138173],[112.7600438625208,-7.33281120259284],[112.75841403210111,-7.33248189957162],[112.75841403210111,-7.331582682788346],[112.76111168245095,-7.331582682788346],[112.76111168245095,-7.33248189957162],[112.76201089923421,-7.33248189957162],[112.7629101160175,-7.33248189957162],[112.7629101160175,-7.334280333138173],[112.76380933280078,-7.334280333138173],[112.76470854958404,-7.334280333138173],[112.76779785099379,-7.338419013508856],[112.76701454887397,-7.339283982777925],[112.76673934068718,-7.339396590898394],[112.7667388,-7.3393887]],[[112.75962059837086,-7.335376253592791],[112.76040916933901,-7.334588560766035],[112.7593132488844,-7.334280333138173],[112.75962059837086,-7.335376253592791]]]],"type":"MultiPolygon"},"properties":{"Kelas":"Cukup Tinggi"}},{"type":"Feature","geometry":{"coordinates":[[[[112.7683764,-7.341509],[112.7683234,-7.3415538],[112.76830541671715,-7.341564317830049],[112.76830541671715,-7.341474067404381],[112.768398651052,-7.341474067404381],[112.7683764,-7.341509]]]],"type":"MultiPolygon"},"properties":{"Kelas":"Sedang"}},{"type":"Feature","geometry":{"coordinates":[[[[112.78359210203284,-7.342373284187657],[112.78359210203284,-7.339675633837828],[112.78628975238267,-7.339675633837828],[112.78628975238267,-7.341474067404381],[112.78485311306876,-7.340760138454376],[112.78418923817799,-7.342071203549525],[112.78359210203284,-7.342373284187657]]]],"type":"MultiPolygon"},"properties":{"Kelas":"Cukup Tinggi"}},{"type":"Feature","geometry":{"coordinates":[[[[112.80787095518129,-7.342373284187657],[112.80607252161474,-7.342373284187657],[112.80607252161474,-7.339675633837828],[112.80787095518129,-7.339675633837828],[112.80787095518129,-7.342373284187657]]]],"type":"MultiPolygon"},"properties":{"Kelas":"Cukup Tinggi"}},{"type":"Feature","geometry":{"coordinates":[[[[112.6549835,-7.3405561],[112.6546326,-7.3400788],[112.6544266,-7.3401022],[112.65410488524111,-7.339505154495527],[112.65410488524111,-7.338776417054552],[112.65590331880766,-7.338776417054552],[112.65590331880766,-7.340574850621104],[112.65500410202439,-7.340574850621104],[112.65500410202439,-7.340610369464462],[112.6549835,-7.3405561]]]],"type":"MultiPolygon"},"properties":{"Kelas":"Cukup Tinggi"}},{"type":"Feature","geometry":{"coordinates":[[[[112.65950018594077,-7.343272500970931],[112.65986549275897,-7.341204477997675],[112.66064176974766,-7.342784254358138],[112.65950018594077,-7.343272500970931]]]],"type":"MultiPolygon"},"properties":{"Kelas":"Sangat Rendah"}},{"type":"Feature","geometry":{"coordinates":[[[[112.67119000412336,-7.343272500970931],[112.67003788261978,-7.342822892579294],[112.67119000412336,-7.342373284187657],[112.67119000412336,-7.343272500970931]]]],"type":"MultiPolygon"},"properties":{"Kelas":"Sedang"}},{"type":"Feature","geometry":{"coordinates":[[[[112.68647668943905,-7.342373284187657],[112.68557747265577,-7.342373284187657],[112.68557747265577,-7.343272500970931],[112.68467825587248,-7.343272500970931],[112.68467825587248,-7.340574850621104],[112.69188604040093,-7.340213934509848],[112.69409017528963,-7.336635508345932],[112.69690900915127,-7.33763395510627],[112.69816650762164,-7.339675633837828],[112.69774851232003,-7.340282429538261],[112.6954688572718,-7.338776417054552],[112.69501924888016,-7.337624295550981],[112.69456964048852,-7.338776417054552],[112.69340171243994,-7.339320864716301],[112.69472770593872,-7.341634767278736],[112.69284321451595,-7.343557896922656],[112.69068649926231,-7.341759463356103],[112.68702816223191,-7.341188671452656],[112.68647668943905,-7.342373284187657]]]],"type":"MultiPolygon"},"properties":{"Kelas":"Cukup Rendah"}},{"type":"Feature","geometry":{"coordinates":[[[[112.716075,-7.341907],[112.7156963,-7.3418317],[112.7156801,-7.3418275],[112.7156829,-7.341811],[112.7156829,-7.3416165],[112.71568757131351,-7.341474067404381],[112.71615084328715,-7.341474067404381],[112.71615084328715,-7.341928909876539],[112.716075,-7.341907]]]],"type":"MultiPolygon"},"properties":{"Kelas":"Cukup Tinggi"}},{"type":"Feature","geometry":{"coordinates":[[[[112.7404296964356,-7.343272500970931],[112.73953047965233,-7.343272500970931],[112.73953047965233,-7.342373284187657],[112.7404296964356,-7.342373284187657],[112.7404296964356,-7.343272500970931]]]],"type":"MultiPolygon"},"properties":{"Kelas":"Sedang"}},{"type":"Feature","geometry":{"coordinates":[[[[112.7788848,-7.3424504],[112.778778,-7.3424237],[112.7786636,-7.3423961],[112.7785585,-7.3423727],[112.7785415,-7.3423689],[112.7784271,-7.3423417],[112.7783126,-7.342315],[112.7782058,-7.3422898],[112.778099,-7.3422655],[112.7779998,-7.3422426],[112.7779006,-7.3422211],[112.7778167,-7.3422015],[112.777748,-7.3421839],[112.7776794,-7.3421686],[112.777626,-7.3421553],[112.7775878,-7.3421443],[112.7775573,-7.3421353],[112.7775115,-7.3421205],[112.777481,-7.3421052],[112.7774581,-7.34209],[112.7774352,-7.3420709],[112.7774276,-7.3420432],[112.7774276,-7.342016],[112.77742,-7.3419746],[112.7774276,-7.3419469],[112.7774276,-7.3419135],[112.7774276,-7.3418735],[112.7774276,-7.3418267],[112.7774276,-7.3417733],[112.7774352,-7.3417147],[112.7774352,-7.3416522],[112.7774352,-7.341586],[112.7774429,-7.3415178],[112.7774505,-7.3414477],[112.7774505,-7.3413776],[112.7774581,-7.341308],[112.7774658,-7.3412388],[112.7774734,-7.3411702],[112.7774781,-7.3411278],[112.7771149,-7.3410974],[112.7758656,-7.3411156],[112.7756424,-7.3411188],[112.7738953,-7.3408275],[112.77289177156777,-7.340345177152162],[112.77280150063353,-7.340219203358188],[112.77275748079727,-7.340280633383606],[112.771286,-7.3395734],[112.7709276,-7.3393618],[112.7709197,-7.3393758],[112.7708968,-7.3393996],[112.7708663,-7.3394058],[112.7708358,-7.3394011],[112.7707977,-7.3393925],[112.7707748,-7.3393868],[112.7707443,-7.3393806],[112.7707214,-7.3393734],[112.7706909,-7.3393658],[112.7706603,-7.3393572],[112.7706222,-7.3393481],[112.7705917,-7.3393391],[112.7705535,-7.3393291],[112.7705154,-7.3393191],[112.7704848,-7.3393095],[112.7704467,-7.3392995],[112.7704162,-7.3392904],[112.770378,-7.3392814],[112.7703475,-7.3392728],[112.770317,-7.3392652],[112.7702941,-7.339258],[112.7702842,-7.339256],[112.7702636,-7.3392518],[112.7702407,-7.3392461],[112.7702026,-7.3392375],[112.7701415,-7.3392323],[112.770111,-7.3392394],[112.7700881,-7.3392504],[112.7700652,-7.3392656],[112.77005,-7.3392852],[112.7700195,-7.339309],[112.7699966,-7.3393362],[112.7699737,-7.3393667],[112.7699432,-7.3393973],[112.7699203,-7.3394263],[112.7698898,-7.3394507],[112.7698669,-7.3394683],[112.769844,-7.3394793],[112.7698134,-7.3394855],[112.7697753,-7.3394874],[112.7697219,-7.3394864],[112.7696914,-7.339485],[112.7696609,-7.3394831],[112.7696304,-7.3394812],[112.7695998,-7.3394793],[112.7695583,-7.3394763],[112.7695465,-7.3394755],[112.7695083,-7.3394731],[112.7694625,-7.3394721],[112.7694244,-7.339474],[112.7694091,-7.3394969],[112.7694148,-7.3395136],[112.7694168,-7.3395193],[112.7694244,-7.3395441],[112.769425,-7.3395465],[112.7693936,-7.3395782],[112.7690854,-7.3399337],[112.769057,-7.340041],[112.7690367,-7.3401317],[112.7689331,-7.3405586],[112.7688063,-7.340532],[112.7687597,-7.3405222],[112.7686863,-7.340562],[112.7686863,-7.3405997],[112.7686378,-7.3406708],[112.7686252,-7.3406894],[112.7686196,-7.3407033],[112.7686007,-7.3407506],[112.7685722,-7.3408647],[112.7685518,-7.3409993],[112.7685151,-7.3412317],[112.7684784,-7.3413581],[112.7684417,-7.341403],[112.768405,-7.3414641],[112.768398651052,-7.341474067404381],[112.76830541671715,-7.341474067404381],[112.76877258793658,-7.338437454478044],[112.77280150063353,-7.339452585924789],[112.77575556826922,-7.338708800167529],[112.77711668742359,-7.340755747747428],[112.77873773642938,-7.341833227232856],[112.77889179106054,-7.342452088851705],[112.7788848,-7.3424504]]]],"type":"MultiPolygon"},"properties":{"Kelas":"Cukup Tinggi"}},{"type":"Feature","geometry":{"coordinates":[[[[112.78179366846629,-7.343272500970931],[112.78179366846629,-7.342373284187657],[112.78359210203284,-7.342373284187657],[112.78359210203284,-7.343272500970931],[112.78179366846629,-7.343272500970931]]]],"type":"MultiPolygon"},"properties":{"Kelas":"Cukup Tinggi"}},{"type":"Feature","geometry":{"coordinates":[[[[112.78718896916595,-7.343272500970931],[112.78628975238267,-7.343272500970931],[112.78628975238267,-7.341474067404381],[112.78718896916595,-7.341474067404381],[112.78718896916595,-7.343272500970931]]]],"type":"MultiPolygon"},"properties":{"Kelas":"Cukup Tinggi"}},{"type":"Feature","geometry":{"coordinates":[[[[112.78718896916595,-7.343272500970931],[112.78718896916595,-7.341474067404381],[112.78778610531108,-7.341171986766248],[112.78921571949388,-7.338346127773493],[112.78808818594922,-7.336078766704725],[112.78928948337062,-7.335481630559581],[112.79168505308232,-7.335179549921449],[112.79131798998134,-7.335711703603739],[112.79025368261676,-7.33644582980571],[112.78942120457911,-7.341731362831625],[112.78718896916595,-7.343272500970931]]]],"type":"MultiPolygon"},"properties":{"Kelas":"Sedang"}},{"type":"Feature","geometry":{"coordinates":[[[[112.80157643769836,-7.343272500970931],[112.80157643769836,-7.342373284187657],[112.80247565448164,-7.342373284187657],[112.80247565448164,-7.343272500970931],[112.80157643769836,-7.343272500970931]]]],"type":"MultiPolygon"},"properties":{"Kelas":"Sedang"}},{"type":"Feature","geometry":{"coordinates":[[[[112.82315764049699,-7.343272500970931],[112.82281516535491,-7.342715759329725],[112.81940622047925,-7.34191313809934],[112.82480327746168,-7.340232375479037],[112.82457496070032,-7.342399628429353],[112.82315764049699,-7.343272500970931]]]],"type":"MultiPolygon"},"properties":{"Kelas":"Tinggi"}},{"type":"Feature","geometry":{"coordinates":[[[[112.6557541,-7.342586],[112.65500410202439,-7.340610369464462],[112.65500410202439,-7.340574850621104],[112.65590331880766,-7.340574850621104],[112.65590331880766,-7.344171717754207],[112.65587209797053,-7.344171717754207],[112.6557541,-7.342586]]]],"type":"MultiPolygon"},"properties":{"Kelas":"Sedang"}},{"type":"Feature","geometry":{"coordinates":[[[[112.65680253559094,-7.344171717754207],[112.65590331880766,-7.344171717754207],[112.65590331880766,-7.340574850621104],[112.65680253559094,-7.340574850621104],[112.65680253559094,-7.344171717754207]]]],"type":"MultiPolygon"},"properties":{"Kelas":"Cukup Rendah"}},{"type":"Feature","geometry":{"coordinates":[[[[112.65680253559094,-7.344171717754207],[112.65680253559094,-7.340574850621104],[112.65680253559094,-7.339675633837828],[112.65770175237421,-7.339675633837828],[112.65841480318284,-7.340036549949085],[112.65792480028725,-7.341037631133592],[112.65890304979563,-7.342970420332801],[112.65950018594077,-7.343272500970931],[112.65950018594077,-7.344171717754207],[112.65680253559094,-7.344171717754207]]]],"type":"MultiPolygon"},"properties":{"Kelas":"Sangat Rendah"}},{"type":"Feature","geometry":{"coordinates":[[[[112.7199554,-7.3433298],[112.7199609,-7.3433018],[112.7199618,-7.3432999],[112.720026,-7.3430754],[112.7198423,-7.3429639],[112.719499,-7.3428649],[112.7179127,-7.3424164],[112.7172144,-7.3422361],[112.7170824,-7.342198],[112.7169044,-7.3421466],[112.71615084328715,-7.341928909876539],[112.71615084328715,-7.341474067404381],[112.71568757131351,-7.341474067404381],[112.7156884,-7.3414488],[112.7156905,-7.3413838],[112.7157008,-7.341307],[112.7157245,-7.3411303],[112.7157792,-7.3410912],[112.7158427,-7.3410459],[112.7158891,-7.3407299],[112.7159356,-7.3404605],[112.7160378,-7.3402003],[112.7160378,-7.3400888],[112.71608646917046,-7.33998324819045],[112.71916286825457,-7.34244353549885],[112.72628810749237,-7.341557490836422],[112.72694144468646,-7.342373284187657],[112.72466881476936,-7.342797426478986],[112.72291428827229,-7.343750209887046],[112.71989722070542,-7.343537111372845],[112.7199554,-7.3433298]]],[[[112.71568,-7.3398],[112.7151,-7.33964],[112.71484,-7.33957],[112.71463,-7.33951],[112.71388,-7.33928],[112.71373,-7.33923],[112.71353,-7.33919],[112.71344,-7.33917],[112.7134397,-7.3391699],[112.7131195,-7.3390571],[112.7131118,-7.3390544],[112.7128982,-7.3389977],[112.7121734,-7.3387883],[112.711647,-7.3386043],[112.7112197,-7.3384808],[112.7109756,-7.3383964],[112.7104949,-7.3382996],[112.7103576,-7.3382367],[112.7103336,-7.338226],[112.7102737,-7.3381995],[112.7099685,-7.3381174],[112.7097396,-7.338055],[112.7095184,-7.3380073],[112.7092513,-7.3379296],[112.70866581876795,-7.337737759238201],[112.70864975953447,-7.337680496599935],[112.70861055963745,-7.337719652844501],[112.7085811,-7.33771],[112.7085265,-7.3376921],[112.7081145,-7.3375829],[112.7080382,-7.3375348],[112.708023,-7.3374704],[112.708084,-7.3373807],[112.7081069,-7.3373387],[112.7081007,-7.3373379],[112.7079391,-7.3373154],[112.7075347,-7.3372906],[112.7072638,-7.3372367],[112.7070007,-7.3371843],[112.70691615226713,-7.337159311557746],[112.7072622961384,-7.336599504548946],[112.70647297023562,-7.337028327222313],[112.7063169,-7.3369822],[112.7058791,-7.3368529],[112.70566,-7.3367654],[112.7056426,-7.3367584],[112.7054214,-7.3366259],[112.7051363,-7.3364417],[112.7050552,-7.3363894],[112.7048415,-7.3362563],[112.7047776,-7.3362165],[112.7046747,-7.3361528],[112.70466,-7.33617],[112.70461,-7.33623],[112.7045947,-7.3362484],[112.7040424,-7.3368097],[112.7037581,-7.3370987],[112.7037285,-7.3371288],[112.7037124,-7.3371452],[112.7031211,-7.3376674],[112.702932,-7.3378344],[112.70274894499207,-7.3379960612087],[112.7030208732251,-7.335538709749926],[112.70525135235549,-7.334729941529812],[112.7043960426417,-7.331335925057779],[112.70765570348108,-7.332156987257351],[112.71111382427458,-7.329423333110537],[112.70895710902094,-7.328885032438517],[112.70834943517912,-7.330086329859926],[112.70666515999326,-7.328941233487472],[112.70580282514835,-7.325955552761751],[112.70222176456028,-7.324175560164388],[112.69943630007145,-7.32553580117737],[112.6990657244049,-7.322590514955586],[112.69996494118818,-7.322590514955586],[112.69996494118818,-7.319892864605759],[112.7009308967171,-7.319060386568117],[112.70243954362498,-7.317310250778011],[112.70217434492521,-7.314018098707209],[112.70345291878894,-7.313182108104007],[112.70577648090666,-7.315879758453834],[112.7080034474715,-7.316712236491476],[112.7072886403801,-7.307828958191067],[112.71273311699758,-7.30982848613591],[112.71476864873942,-7.308199533857612],[112.70825283962623,-7.304442844991543],[112.70536024188783,-7.305505396073345],[112.70593103379129,-7.303184468379792],[112.70446102510456,-7.302807745723516],[112.70356180832128,-7.302807745723516],[112.70356180832128,-7.301009312156964],[112.70356180832128,-7.300110095373689],[112.70536024188783,-7.300110095373689],[112.70536024188783,-7.301009312156964],[112.70625945867111,-7.301009312156964],[112.70755559536263,-7.302885900307219],[112.71075554258749,-7.303706962506793],[112.71075554258749,-7.304606179290069],[112.71345319293732,-7.304606179290069],[112.71345319293732,-7.306404612856619],[112.71525162650387,-7.306404612856619],[112.71525162650387,-7.307303829639896],[112.71615084328715,-7.307303829639896],[112.71705006007042,-7.307303829639896],[112.71705006007042,-7.309102263206448],[112.72064692720353,-7.309102263206448],[112.72064692720353,-7.310001479989724],[112.7161982629222,-7.310368543090709],[112.71490915136181,-7.314155088764036],[112.71255397615404,-7.314497563906103],[112.71255397615404,-7.311799913556275],[112.70985632580422,-7.311799913556275],[112.70985632580422,-7.318094431039206],[112.71255397615404,-7.318094431039206],[112.71165475937077,-7.323668872582406],[112.71367624085036,-7.325288165305414],[112.71145454313387,-7.327067279761387],[112.71331795916328,-7.337769188880317],[112.71597307734046,-7.339892565391313],[112.71568,-7.3398]],[[112.7095876145389,-7.325932721085614],[112.70673365502167,-7.326898676614523],[112.70895710902094,-7.328885032438517],[112.7095876145389,-7.325932721085614]],[[112.70746778122364,-7.333658609034112],[112.70685659481626,-7.33570028776567],[112.70985632580422,-7.336078766704725],[112.70954195118662,-7.332646112011536],[112.70746778122364,-7.333658609034112]]]],"type":"MultiPolygon"},"properties":{"Kelas":"Sedang"}},{"type":"Feature","geometry":{"coordinates":[[[[112.72604222790318,-7.344171717754207],[112.72494630744856,-7.343863490126347],[112.72573487841672,-7.343075797299591],[112.72604222790318,-7.344171717754207]]]],"type":"MultiPolygon"},"properties":{"Kelas":"Tinggi"}},{"type":"Feature","geometry":{"coordinates":[[[[112.72694144468646,-7.342373284187657],[112.72929661989423,-7.342030809045587],[112.7305260178401,-7.338423404215806],[112.72908235339509,-7.337534725129208],[112.72805492796888,-7.335865378346975],[112.72638470304526,-7.334837074779381],[112.72604222790318,-7.334280333138173],[112.72839740311095,-7.33462280828024],[112.73075784716704,-7.336281617365795],[112.73210140349362,-7.33410119229463],[112.73357843731145,-7.338433941912484],[112.73593361251922,-7.338776417054552],[112.73563153188108,-7.339373553199696],[112.73431958864455,-7.340037428090474],[112.73503439573594,-7.341474067404381],[112.732712589901,-7.341849911919265],[112.7284887298155,-7.344530877582685],[112.72694144468646,-7.342373284187657]]]],"type":"MultiPolygon"},"properties":{"Kelas":"Sedang"}},{"type":"Feature","geometry":{"coordinates":[[[[112.73503439573594,-7.342373284187657],[112.7368328293025,-7.342373284187657],[112.7368328293025,-7.341474067404381],[112.73832918223091,-7.341776148042513],[112.73953047965233,-7.342373284187657],[112.73953047965233,-7.343272500970931],[112.73615666043226,-7.343826608187969],[112.73503439573594,-7.342373284187657]]]],"type":"MultiPolygon"},"properties":{"Kelas":"Cukup Tinggi"}},{"type":"Feature","geometry":{"coordinates":[[[[112.74132891321888,-7.344171717754207],[112.7404296964356,-7.344171717754207],[112.7404296964356,-7.343272500970931],[112.74132891321888,-7.343272500970931],[112.74132891321888,-7.344171717754207]]]],"type":"MultiPolygon"},"properties":{"Kelas":"Sedang"}},{"type":"Feature","geometry":{"coordinates":[[[[112.7794189,-7.3432563],[112.7794265,-7.343128],[112.7794341,-7.3430112],[112.7794341,-7.3429106],[112.7794418,-7.3428295],[112.7794418,-7.3427666],[112.7794494,-7.3427194],[112.7794494,-7.342685],[112.7794494,-7.3426612],[112.7794418,-7.342635],[112.7794341,-7.3426126],[112.7794036,-7.3425959],[112.7793807,-7.3425854],[112.7793426,-7.3425735],[112.7792968,-7.3425592],[112.7792434,-7.342542],[112.7791671,-7.3425224],[112.7790832,-7.3425005],[112.7789916,-7.3424762],[112.77889179106054,-7.342452088851705],[112.77873773642938,-7.341833227232856],[112.77711668742359,-7.340755747747428],[112.77575556826922,-7.338708800167529],[112.77280150063353,-7.339452585924789],[112.76877258793658,-7.338437454478044],[112.76830541671715,-7.341474067404381],[112.76681944262889,-7.34080871745995],[112.7668151,-7.3407138],[112.7667999,-7.3405316],[112.7667922,-7.3403414],[112.7667846,-7.3401497],[112.766777,-7.3399633],[112.7667617,-7.3397887],[112.7667541,-7.3396323],[112.766752,-7.339596],[112.7667464,-7.3394998],[112.7667457,-7.3394894],[112.76673934068718,-7.339396590898394],[112.76701454887397,-7.339283982777925],[112.76779785099379,-7.338419013508856],[112.76470854958404,-7.334280333138173],[112.76702508657065,-7.333711297517507],[112.76823516540595,-7.336947248539353],[112.7710276550259,-7.336321133728342],[112.77862182176591,-7.338187184181917],[112.77946308121744,-7.332848962672607],[112.77999523489973,-7.33248189957162],[112.78051685088535,-7.337602342016233],[112.7837694865936,-7.337341534023427],[112.78449131881612,-7.333381116354897],[112.78539053559939,-7.333381116354897],[112.78539053559939,-7.334280333138173],[112.78718896916595,-7.334280333138173],[112.78808818594922,-7.336078766704725],[112.78322679521463,-7.338053706690649],[112.78588931990888,-7.339175971386965],[112.78628975238267,-7.339675633837828],[112.78359210203284,-7.339675633837828],[112.78359210203284,-7.342373284187657],[112.78179366846629,-7.342373284187657],[112.78179366846629,-7.343272500970931],[112.77941798048543,-7.343272500970931],[112.7794189,-7.3432563]],[[112.78519383192805,-7.335770539076863],[112.78628975238267,-7.336078766704725],[112.7859824028962,-7.334982846250107],[112.78519383192805,-7.335770539076863]]],[[[112.7601852,-7.3377712],[112.7600583,-7.337738],[112.7598571,-7.3376854],[112.7593231,-7.3375457],[112.75868679190624,-7.337399179006544],[112.75874070069817,-7.33730465208505],[112.76021246566766,-7.336977983488001],[112.76021246566766,-7.337774797607333],[112.7601852,-7.3377712]]],[[[112.7548751,-7.3370107],[112.7547912,-7.3371571],[112.7547759,-7.3371876],[112.7546936,-7.3373587],[112.7546081,-7.3375362],[112.7545857,-7.3375841],[112.7545089,-7.3377488],[112.754158,-7.3384979],[112.7541572,-7.3385015],[112.75413106387978,-7.338631436688757],[112.75275002013615,-7.339311205161012],[112.75408064107405,-7.339545787866718],[112.7540745,-7.3400572],[112.754074,-7.3400987],[112.7539977,-7.3403886],[112.753925,-7.3404857],[112.7539138,-7.3405007],[112.7538565,-7.3405723],[112.7537536,-7.3407009],[112.7536926,-7.3408721],[112.7536636,-7.3411612],[112.753662,-7.3411773],[112.753662,-7.3411804],[112.753662,-7.3416667],[112.753662,-7.3416713],[112.753662,-7.3416768],[112.753662,-7.3417355],[112.753662,-7.3417533],[112.7536391,-7.3420184],[112.7536091,-7.3420703],[112.7536068,-7.3420743],[112.7535705,-7.3421372],[112.7535682,-7.3421391],[112.7534637,-7.3422302],[112.7533263,-7.3422673],[112.7526855,-7.3423484],[112.7524941,-7.3423594],[112.7524108,-7.3423642],[112.751831,-7.3423465],[112.7517165,-7.3423432],[112.7516042,-7.3423425],[112.75147520159847,-7.342341707454707],[112.751770014345,-7.341024459012742],[112.75140997637513,-7.339416582127802],[112.75338579450245,-7.336381725484246],[112.75068814415262,-7.33644582980571],[112.74800278778226,-7.337574241491755],[112.74725636760081,-7.333748179455883],[112.74492578035198,-7.333381116354897],[112.74492578035198,-7.33068346600507],[112.74312734678543,-7.33068346600507],[112.74312734678543,-7.327985815655241],[112.74521205444509,-7.327578358050319],[112.74417584760499,-7.325621859033582],[112.7404296964356,-7.325288165305414],[112.74154317971801,-7.323996419320844],[112.74436376986243,-7.322737164567702],[112.73863126286905,-7.321691298172311],[112.739541017349,-7.320468925357545],[112.74534026308802,-7.321468250259271],[112.74620786678126,-7.32009044641849],[112.73879635345035,-7.318565114824203],[112.74094604357288,-7.317710683251812],[112.74171178286488,-7.313982094910221],[112.74325906799392,-7.312830851548039],[112.7440265635687,-7.311799913556275],[112.74767085033686,-7.309569434425883],[112.74896347446281,-7.315000738922526],[112.75155047899752,-7.314897996379905],[112.755080607385,-7.317177651428132],[112.75619233438462,-7.320351254411296],[112.75524921053186,-7.321224126952874],[112.75481716496802,-7.321691298172311],[112.75248657771917,-7.322058361273296],[112.74995401795064,-7.324021885421152],[112.7467786586847,-7.324836800630996],[112.74545793403426,-7.330730885640126],[112.74808357679012,-7.329520806804817],[112.74903196949123,-7.328146515529596],[112.75166990622654,-7.328737504685011],[112.75248657771917,-7.326554445189675],[112.75391794818474,-7.32618738208869],[112.75391794818474,-7.327086598871965],[112.75571638175128,-7.327086598871965],[112.75611857050788,-7.329078223544299],[112.75751481531785,-7.329784249221794],[112.75751481531785,-7.33068346600507],[112.75571638175128,-7.33068346600507],[112.75462573014501,-7.328612808607643],[112.75159262978423,-7.329974805903406],[112.7512202978349,-7.33068346600507],[112.74885458493047,-7.331056676095784],[112.74970813836147,-7.334866931586639],[112.75077068944327,-7.33462895526997],[112.75237593190404,-7.334988993239836],[112.75301873140145,-7.33248189957162],[112.75481716496802,-7.33248189957162],[112.75481716496802,-7.334280333138173],[112.7535631790632,-7.335179549921449],[112.75481716496802,-7.336078766704725],[112.75499934318086,-7.336900300394549],[112.7548751,-7.3370107]],[[112.74908465797463,-7.317660629192588],[112.74626933667855,-7.313862667681192],[112.74541051439921,-7.315960547461707],[112.7435910054393,-7.314862870724308],[112.74183647894225,-7.31550479208034],[112.74364720648826,-7.318508035633858],[112.74762343070181,-7.318993647822483],[112.74801508176171,-7.31848608209911],[112.74908465797463,-7.317660629192588]],[[112.7500102189996,-7.317703658120694],[112.75301873140145,-7.318094431039206],[112.75240930127686,-7.316937918828685],[112.7500102189996,-7.317703658120694]],[[112.74965193731252,-7.319525801504772],[112.74635715081754,-7.322702917053496],[112.74942186426836,-7.323489731738862],[112.75135377532618,-7.320566399051826],[112.74965193731252,-7.319525801504772]],[[112.74652751024719,-7.33217367194376],[112.74762343070181,-7.33248189957162],[112.74731608121533,-7.331385979117004],[112.74652751024719,-7.33217367194376]]]],"type":"MultiPolygon"},"properties":{"Kelas":"Sedang"}},{"type":"Feature","geometry":{"coordinates":[[[[112.676585304823,-7.345070934537484],[112.67568608803973,-7.345070934537484],[112.67503626341119,-7.344701237012329],[112.67540508279495,-7.34372210936257],[112.6744602026594,-7.341213259411575],[112.67614974669361,-7.34040624747424],[112.676585304823,-7.342373284187657],[112.676585304823,-7.345070934537484]]]],"type":"MultiPolygon"},"properties":{"Kelas":"Sangat Rendah"}},{"type":"Feature","geometry":{"coordinates":[[[[112.67748452160629,-7.345070934537484],[112.676585304823,-7.345070934537484],[112.676585304823,-7.342373284187657],[112.67748452160629,-7.342373284187657],[112.67748452160629,-7.345070934537484]]]],"type":"MultiPolygon"},"properties":{"Kelas":"Cukup Rendah"}},{"type":"Feature","geometry":{"coordinates":[[[[112.67748452160629,-7.345070934537484],[112.67748452160629,-7.342373284187657],[112.67748452160629,-7.340574850621104],[112.67838373838956,-7.340574850621104],[112.67838373838956,-7.345070934537484],[112.67748452160629,-7.345070934537484]]]],"type":"MultiPolygon"},"properties":{"Kelas":"Sedang"}},{"type":"Feature","geometry":{"coordinates":[[[[112.7799606,-7.3448437],[112.7798919,-7.3448299],[112.7798232,-7.344817],[112.7797812,-7.3448069],[112.7797698,-7.3448041],[112.7797164,-7.3447912],[112.7796706,-7.3447793],[112.7796325,-7.3447679],[112.7795944,-7.3447564],[112.7795774,-7.3447503],[112.7795638,-7.3447454],[112.7795409,-7.344735],[112.7795028,-7.3447149],[112.7794723,-7.3446964],[112.7794494,-7.3446773],[112.7794341,-7.3446563],[112.7794189,-7.3446315],[112.7794112,-7.344601],[112.779396,-7.3445624],[112.7793883,-7.344539],[112.7793883,-7.3445123],[112.7793807,-7.3444827],[112.7793731,-7.3444494],[112.7793731,-7.3444117],[112.7793731,-7.3443687],[112.7793731,-7.3443187],[112.7793731,-7.3442605],[112.7793731,-7.3441928],[112.7793731,-7.344171717754207],[112.77999523489973,-7.344171717754207],[112.77999523489973,-7.344850199725277],[112.7799606,-7.3448437]]]],"type":"MultiPolygon"},"properties":{"Kelas":"Sedang"}},{"type":"Feature","geometry":{"coordinates":[[[[112.7809142,-7.3450278],[112.780815,-7.3450087],[112.7807235,-7.3449901],[112.7806319,-7.3449715],[112.780548,-7.3449538],[112.7804565,-7.3449362],[112.7803726,-7.3449195],[112.7803536,-7.3449161],[112.780281,-7.3449033],[112.7801971,-7.3448875],[112.7801208,-7.3448723],[112.7800368,-7.344858],[112.77999523489973,-7.344850199725277],[112.77999523489973,-7.344171717754207],[112.7793731,-7.344171717754207],[112.7793731,-7.3441137],[112.7793731,-7.3440226],[112.7793807,-7.3439172],[112.7793883,-7.3437975],[112.779396,-7.3436673],[112.7794036,-7.3435305],[112.7794112,-7.3433922],[112.7794147,-7.3433303],[112.77941798048543,-7.343272500970931],[112.78179366846629,-7.343272500970931],[112.78091585617268,-7.345028125558139],[112.7809142,-7.3450278]]]],"type":"MultiPolygon"},"properties":{"Kelas":"Cukup Tinggi"}},{"type":"Feature","geometry":{"coordinates":[[[[112.80517330483147,-7.345070934537484],[112.80230353876921,-7.344709140284838],[112.80157643769836,-7.343272500970931],[112.80247565448164,-7.343272500970931],[112.80247565448164,-7.342373284187657],[112.80337487126491,-7.342373284187657],[112.80337487126491,-7.341474067404381],[112.80427408804819,-7.341474067404381],[112.80427408804819,-7.336977983488001],[112.80517330483147,-7.336977983488001],[112.80494498807008,-7.342144967426277],[112.80327651942923,-7.34383187703631],[112.80494498807008,-7.344400034515587],[112.80517330483147,-7.345070934537484]]]],"type":"MultiPolygon"},"properties":{"Kelas":"Cukup Tinggi"}},{"type":"Feature","geometry":{"coordinates":[[[[112.81416547266423,-7.345070934537484],[112.81326625588095,-7.345070934537484],[112.81326625588095,-7.344171717754207],[112.81416547266423,-7.344171717754207],[112.81416547266423,-7.345070934537484]]]],"type":"MultiPolygon"},"properties":{"Kelas":"Cukup Tinggi"}},{"type":"Feature","geometry":{"coordinates":[[[[112.8159408,-7.3447812],[112.8159026,-7.3447922],[112.8158721,-7.3448032],[112.815834,-7.3448132],[112.8158034,-7.3448227],[112.8157729,-7.3448322],[112.8157424,-7.3448413],[112.8157195,-7.3448499],[112.8156966,-7.3448594],[112.8156737,-7.3448689],[112.8156509,-7.3448804],[112.8156204,-7.3448933],[112.8155975,-7.344908],[112.8155669,-7.3449257],[112.8155288,-7.3449467],[112.8154907,-7.344971],[112.8154449,-7.3449987],[112.8153915,-7.3450282],[112.815338,-7.3450597],[112.81531948381785,-7.345070934537484],[112.8150646894475,-7.345070934537484],[112.81416547266423,-7.345070934537484],[112.81416547266423,-7.344171717754207],[112.8150646894475,-7.344171717754207],[112.81596390623078,-7.344171717754207],[112.81596390623078,-7.344775183279076],[112.8159408,-7.3447812]]]],"type":"MultiPolygon"},"properties":{"Kelas":"Sedang"}},{"type":"Feature","geometry":{"coordinates":[[[[112.8168563,-7.3443597],[112.8168029,-7.3443926],[112.8167495,-7.3444245],[112.8167037,-7.3444546],[112.8166503,-7.3444827],[112.8166045,-7.3445085],[112.8165587,-7.3445323],[112.816513,-7.3445542],[112.8164748,-7.3445752],[112.816429,-7.3445948],[112.8163909,-7.3446134],[112.8163528,-7.3446315],[112.816307,-7.3446491],[112.8162689,-7.3446663],[112.8162231,-7.344683],[112.8161849,-7.3446987],[112.8161468,-7.3447144],[112.816101,-7.3447292],[112.8160628,-7.3447435],[112.8160247,-7.3447569],[112.8159865,-7.3447693],[112.81596390623078,-7.344775183279076],[112.81596390623078,-7.344171717754207],[112.81686312301404,-7.344171717754207],[112.81686312301404,-7.344355496307825],[112.8168563,-7.3443597]]]],"type":"MultiPolygon"},"properties":{"Kelas":"Cukup Rendah"}},{"type":"Feature","geometry":{"coordinates":[[[[112.8171462,-7.3441837],[112.8171081,-7.3442071],[112.8170623,-7.3442338],[112.8170165,-7.3442629],[112.8169631,-7.3442944],[112.8169097,-7.3443268],[112.81686312301404,-7.344355496307825],[112.81686312301404,-7.344171717754207],[112.81716447292483,-7.344171717754207],[112.8171462,-7.3441837]]]],"type":"MultiPolygon"},"properties":{"Kelas":"Sedang"}},{"type":"Feature","geometry":{"coordinates":[[[[112.8230972,-7.343457],[112.8229675,-7.3434489],[112.8228378,-7.3434404],[112.822708,-7.3434323],[112.8225936,-7.3434237],[112.8224792,-7.3434156],[112.8223723,-7.3434075],[112.8222655,-7.3433994],[112.8221965473568,-7.343393694534064],[112.82315764049699,-7.343272500970931],[112.82315764049699,-7.343460169494379],[112.8230972,-7.343457]]]],"type":"MultiPolygon"},"properties":{"Kelas":"Sedang"}},{"type":"Feature","geometry":{"coordinates":[[[[112.67388765447318,-7.34597015132076],[112.67298843768991,-7.34597015132076],[112.67343804608154,-7.344818029817187],[112.67388765447318,-7.34597015132076]]]],"type":"MultiPolygon"},"properties":{"Kelas":"Sangat Rendah"}},{"type":"Feature","geometry":{"coordinates":[[[[112.676585304823,-7.34597015132076],[112.67568608803973,-7.34597015132076],[112.67568608803973,-7.345070934537484],[112.676585304823,-7.345070934537484],[112.676585304823,-7.34597015132076]]]],"type":"MultiPolygon"},"properties":{"Kelas":"Cukup Rendah"}},{"type":"Feature","geometry":{"coordinates":[[[[112.67748452160629,-7.34597015132076],[112.676585304823,-7.34597015132076],[112.676585304823,-7.345070934537484],[112.67748452160629,-7.345070934537484],[112.67748452160629,-7.34597015132076]]]],"type":"MultiPolygon"},"properties":{"Kelas":"Sedang"}},{"type":"Feature","geometry":{"coordinates":[[[[112.68287982230595,-7.343272500970931],[112.68467825587248,-7.343272500970931],[112.68467825587248,-7.34597015132076],[112.68287982230595,-7.34597015132076],[112.68287982230595,-7.343272500970931]]]],"type":"MultiPolygon"},"properties":{"Kelas":"Cukup Rendah"}},{"type":"Feature","geometry":{"coordinates":[[[[112.72784066146974,-7.34597015132076],[112.72604222790318,-7.34597015132076],[112.72694144468646,-7.344715287274568],[112.72784066146974,-7.34597015132076]]]],"type":"MultiPolygon"},"properties":{"Kelas":"Sedang"}},{"type":"Feature","geometry":{"coordinates":[[[[112.7835082,-7.3454617],[112.7833938,-7.3454474],[112.7832717,-7.3454307],[112.783142,-7.345413],[112.7830123,-7.3453935],[112.7828826,-7.3453725],[112.7827453,-7.3453506],[112.782737,-7.3453492],[112.7826079,-7.3453277],[112.7824706,-7.3453048],[112.7824459,-7.3453003],[112.7823409,-7.3452809],[112.7822036,-7.3452576],[112.7820739,-7.3452347],[112.7819442,-7.3452123],[112.7818145,-7.3451903],[112.7816924,-7.3451689],[112.7815704,-7.3451474],[112.7814483,-7.3451269],[112.7813338,-7.3451064],[112.781227,-7.3450864],[112.78114229685146,-7.345070934537484],[112.78359210203284,-7.345070934537484],[112.78359210203284,-7.345471152718111],[112.7835082,-7.3454617]]]],"type":"MultiPolygon"},"properties":{"Kelas":"Cukup Tinggi"}},{"type":"Feature","geometry":{"coordinates":[[[[112.8078155,-7.3457339],[112.8077468,-7.3457339],[112.8076781,-7.3457334],[112.8076095,-7.3457325],[112.8075332,-7.3457316],[112.8074645,-7.3457301],[112.8073959,-7.3457282],[112.8073272,-7.3457263],[112.8072585,-7.3457244],[112.8071975,-7.345723],[112.8071804,-7.3457226],[112.8071364,-7.3457215],[112.807083,-7.3457211],[112.8070373,-7.3457206],[112.8069915,-7.3457211],[112.8069534,-7.3457225],[112.8069228,-7.3457244],[112.8068923,-7.3457268],[112.8068618,-7.3457296],[112.8068237,-7.3457368],[112.8067931,-7.3457449],[112.8067626,-7.345754],[112.8067397,-7.3457649],[112.8067169,-7.345784],[112.806694,-7.3457997],[112.8066787,-7.3458198],[112.8066558,-7.3458446],[112.8066405,-7.345876],[112.8066281,-7.3459084],[112.8065677,-7.3459209],[112.80632926106617,-7.34597015132076],[112.80607252161474,-7.34597015132076],[112.80568829422995,-7.34597015132076],[112.80517330483147,-7.345839856590076],[112.80517330483147,-7.345070934537484],[112.80787095518129,-7.345070934537484],[112.80787095518129,-7.345734354550666],[112.8078155,-7.3457339]]]],"type":"MultiPolygon"},"properties":{"Kelas":"Cukup Tinggi"}},{"type":"Feature","geometry":{"coordinates":[[[[112.8086411,-7.3458051],[112.8086395,-7.345804],[112.8086166,-7.3457916],[112.8085784,-7.3457745],[112.8085555,-7.3457687],[112.808525,-7.3457606],[112.8084945,-7.3457545],[112.808464,-7.3457482],[112.8084258,-7.345743],[112.80838,-7.3457382],[112.8083343,-7.3457354],[112.8083037,-7.3457344],[112.8082732,-7.3457339],[112.8082351,-7.3457334],[112.8081969,-7.3457334],[112.8081512,-7.3457334],[112.8081054,-7.3457334],[112.808052,-7.3457339],[112.8079986,-7.3457339],[112.8079375,-7.3457339],[112.8078765,-7.3457344],[112.80787095518129,-7.345734354550666],[112.80787095518129,-7.345070934537484],[112.80877017196457,-7.345070934537484],[112.80877017196457,-7.345799984342868],[112.8086411,-7.3458051]]]],"type":"MultiPolygon"},"properties":{"Kelas":"Sedang"}},{"type":"Feature","geometry":{"coordinates":[[[[112.8087723,-7.3457999],[112.80877017196457,-7.345799984342868],[112.80877017196457,-7.345070934537484],[112.81056860553112,-7.345070934537484],[112.81056860553112,-7.34597015132076],[112.80966938874784,-7.34597015132076],[112.80951468793724,-7.34597015132076],[112.8087723,-7.3457999]]]],"type":"MultiPolygon"},"properties":{"Kelas":"Cukup Tinggi"}},{"type":"Feature","geometry":{"coordinates":[[[[112.81236703909767,-7.34597015132076],[112.81056860553112,-7.34597015132076],[112.81056860553112,-7.345070934537484],[112.80877017196457,-7.345070934537484],[112.80787095518129,-7.345070934537484],[112.80517330483147,-7.345070934537484],[112.80494498807008,-7.344400034515587],[112.80327651942923,-7.34383187703631],[112.80494498807008,-7.342144967426277],[112.80517330483147,-7.336977983488001],[112.80517330483147,-7.335179549921449],[112.80607252161474,-7.335179549921449],[112.80607252161474,-7.333381116354897],[112.80791661853357,-7.332482777713011],[112.80872450861229,-7.334280333138173],[112.80759873135042,-7.336786548664998],[112.81025774347908,-7.338187184181917],[112.81056860553112,-7.339675633837828],[112.80838730231856,-7.340267501134633],[112.80935501413025,-7.34244177921607],[112.81720735443889,-7.341090319616987],[112.81888284821086,-7.342290738897004],[112.8154475590935,-7.343656248758325],[112.8150646894475,-7.344171717754207],[112.81416547266423,-7.344171717754207],[112.81326625588095,-7.344171717754207],[112.81326625588095,-7.345070934537484],[112.81236703909767,-7.345070934537484],[112.81236703909767,-7.34597015132076]],[[112.80787095518129,-7.342373284187657],[112.80787095518129,-7.339675633837828],[112.80607252161474,-7.339675633837828],[112.80607252161474,-7.342373284187657],[112.80787095518129,-7.342373284187657]]]],"type":"MultiPolygon"},"properties":{"Kelas":"Tinggi"}},{"type":"Feature","geometry":{"coordinates":[[[[112.81326625588095,-7.34597015132076],[112.81236703909767,-7.34597015132076],[112.81236703909767,-7.345070934537484],[112.81326625588095,-7.345070934537484],[112.81326625588095,-7.34597015132076]]]],"type":"MultiPolygon"},"properties":{"Kelas":"Cukup Tinggi"}},{"type":"Feature","geometry":{"coordinates":[[[[112.8141106,-7.3458777],[112.81384575957922,-7.34597015132076],[112.81326625588095,-7.34597015132076],[112.81326625588095,-7.345070934537484],[112.81416547266423,-7.345070934537484],[112.81416547266423,-7.345873451793738],[112.8141106,-7.3458777]]]],"type":"MultiPolygon"},"properties":{"Kelas":"Sedang"}},{"type":"Feature","geometry":{"coordinates":[[[[112.66669392020697,-7.346869368104036],[112.66526254974141,-7.34650230500305],[112.66342020910537,-7.343834511460479],[112.66402963922997,-7.341119298282853],[112.66610556547573,-7.344125176260542],[112.66669392020697,-7.343272500970931],[112.67066487557219,-7.345606600785334],[112.66713825975027,-7.345466976304337],[112.66669392020697,-7.346869368104036]]]],"type":"MultiPolygon"},"properties":{"Kelas":"Sangat Rendah"}},{"type":"Feature","geometry":{"coordinates":[[[[112.67388765447318,-7.346869368104036],[112.67298843768991,-7.346869368104036],[112.67298843768991,-7.34597015132076],[112.67388765447318,-7.34597015132076],[112.67388765447318,-7.346869368104036]]]],"type":"MultiPolygon"},"properties":{"Kelas":"Cukup Rendah"}},{"type":"Feature","geometry":{"coordinates":[[[[112.67388765447318,-7.346869368104036],[112.67388765447318,-7.34597015132076],[112.67503977597676,-7.346419759712397],[112.67388765447318,-7.346869368104036]]]],"type":"MultiPolygon"},"properties":{"Kelas":"Sangat Rendah"}},{"type":"Feature","geometry":{"coordinates":[[[[112.67748452160629,-7.34597015132076],[112.67748452160629,-7.345070934537484],[112.67838373838956,-7.345070934537484],[112.67838373838956,-7.340574850621104],[112.68049127772537,-7.341115785717294],[112.68198060552267,-7.343272500970931],[112.68162232383558,-7.347171448742166],[112.67868581902769,-7.346567287465904],[112.67748452160629,-7.34597015132076]]]],"type":"MultiPolygon"},"properties":{"Kelas":"Cukup Tinggi"}},{"type":"Feature","geometry":{"coordinates":[[[[112.73641794803787,-7.345294953019264],[112.7350993781988,-7.345160504959255],[112.73140240294724,-7.347277703850347],[112.73013085421465,-7.345003317650461],[112.73364341977431,-7.342781619933968],[112.73503439573594,-7.342373284187657],[112.73615666043226,-7.343826608187969],[112.73953047965233,-7.343272500970931],[112.73921230060868,-7.345059356243939],[112.7389373,-7.3450425],[112.7378621,-7.3449563],[112.7377776,-7.3449496],[112.7377695,-7.3449489],[112.7377517,-7.3449475],[112.7377166,-7.3449446],[112.737564,-7.3449324],[112.7371825,-7.3448003],[112.7369689,-7.3447827],[112.7367706,-7.3447965],[112.7366561,-7.3448566],[112.7365264,-7.3449777],[112.7364425,-7.3451665],[112.73641794803787,-7.345294953019264]]]],"type":"MultiPolygon"},"properties":{"Kelas":"Tinggi"}},{"type":"Feature","geometry":{"coordinates":[[[[112.7968291,-7.3454431],[112.7968062,-7.3454593],[112.7967834,-7.3454769],[112.7967605,-7.3454955],[112.7967376,-7.3455151],[112.7967147,-7.345536],[112.7966994,-7.345557],[112.7966766,-7.3455785],[112.7966613,-7.3456],[112.7966384,-7.3456205],[112.7966232,-7.34564],[112.7966079,-7.3456581],[112.7965774,-7.3456891],[112.7965469,-7.3457115],[112.796524,-7.3457277],[112.7965011,-7.3457392],[112.7964782,-7.3457473],[112.7964597,-7.3457527],[112.7964553,-7.345754],[112.7964248,-7.3457626],[112.7963943,-7.3457697],[112.7963561,-7.3457792],[112.796318,-7.3457897],[112.7962874,-7.3458007],[112.7962646,-7.3458059],[112.7962341,-7.345816],[112.7962112,-7.345825],[112.7961883,-7.3458341],[112.7961654,-7.3458522],[112.7961425,-7.3458818],[112.7961196,-7.3459161],[112.796112,-7.3459395],[112.7960967,-7.3459681],[112.7960815,-7.3460029],[112.7960586,-7.3460439],[112.7960433,-7.3460897],[112.7960204,-7.3461383],[112.7959976,-7.3461888],[112.7959823,-7.3462384],[112.7959594,-7.3462866],[112.7959441,-7.34633],[112.7959212,-7.3463681],[112.795906,-7.3463991],[112.7958984,-7.3464239],[112.7958866,-7.3464387],[112.7958831,-7.346443],[112.7958679,-7.3464673],[112.795845,-7.3464845],[112.7958221,-7.3464959],[112.7957992,-7.346505],[112.7957763,-7.3465126],[112.7957458,-7.3465174],[112.7956847,-7.3465169],[112.7956542,-7.346515],[112.7956237,-7.3465126],[112.7955856,-7.3465088],[112.7955398,-7.346504],[112.795494,-7.3464988],[112.7954406,-7.3464931],[112.7953872,-7.3464864],[112.7953338,-7.3464792],[112.7952727,-7.3464716],[112.7952117,-7.3464635],[112.7951507,-7.3464554],[112.7950897,-7.3464473],[112.7950286,-7.3464392],[112.7949676,-7.3464311],[112.7949142,-7.3464239],[112.7948607,-7.3464172],[112.7948074,-7.3464115],[112.7947616,-7.3464063],[112.7947158,-7.3464025],[112.7946777,-7.3463991],[112.7946319,-7.3463963],[112.7945937,-7.3463939],[112.7945632,-7.346392],[112.7945251,-7.3463906],[112.7944793,-7.3463891],[112.7944412,-7.3463877],[112.7943954,-7.3463863],[112.7943496,-7.3463848],[112.7943038,-7.3463839],[112.794258,-7.3463834],[112.7942046,-7.3463834],[112.7941589,-7.3463834],[112.7941054,-7.3463843],[112.79406097466101,-7.346385133496041],[112.79404725342121,-7.346381999632632],[112.79527665136709,-7.342937929101373],[112.79709264776145,-7.344876865290312],[112.7968355984532,-7.345438758238693],[112.7968291,-7.3454431]]]],"type":"MultiPolygon"},"properties":{"Kelas":"Sangat Rendah"}},{"type":"Feature","geometry":{"coordinates":[[[[112.8062627,-7.3459839],[112.8061744,-7.3460022],[112.80608516617322,-7.346002553001858],[112.80607252161474,-7.34597015132076],[112.80632926106617,-7.34597015132076],[112.8062627,-7.3459839]]]],"type":"MultiPolygon"},"properties":{"Kelas":"Sedang"}},{"type":"Feature","geometry":{"coordinates":[[[[112.810503,-7.3461967],[112.8098354,-7.3460437],[112.80966938874784,-7.346005628752444],[112.80966938874784,-7.34597015132076],[112.81056860553112,-7.34597015132076],[112.81056860553112,-7.346217402929871],[112.810503,-7.3461967]]]],"type":"MultiPolygon"},"properties":{"Kelas":"Sedang"}},{"type":"Feature","geometry":{"coordinates":[[[[112.812355,-7.3463019],[112.8123421,-7.3462982],[112.8123168,-7.3462909],[112.8122787,-7.3462828],[112.8122558,-7.3462775],[112.8122176,-7.3462742],[112.8121871,-7.3462775],[112.8121642,-7.3462837],[112.8121337,-7.3462942],[112.8121032,-7.3463104],[112.8120979,-7.3463145],[112.8120848,-7.3463245],[112.8120463,-7.346316],[112.8120266,-7.3463116],[112.8109259,-7.346242],[112.8109054,-7.3462318],[112.8108749,-7.3462218],[112.8108444,-7.3462131],[112.8108215,-7.346206],[112.8107909,-7.3462017],[112.8107528,-7.3461989],[112.8107147,-7.3462017],[112.8106918,-7.346207],[112.8106612,-7.346216],[112.8106231,-7.3462332],[112.8106212,-7.346234],[112.81056860553112,-7.346217402929871],[112.81056860553112,-7.34597015132076],[112.81236703909767,-7.34597015132076],[112.81236703909767,-7.346304517195144],[112.812355,-7.3463019]]]],"type":"MultiPolygon"},"properties":{"Kelas":"Cukup Tinggi"}},{"type":"Feature","geometry":{"coordinates":[[[[112.8129357,-7.3462804],[112.8128261,-7.3462809],[112.8128127,-7.346289],[112.8128098,-7.3462909],[112.8127898,-7.346281],[112.8126861,-7.3462879],[112.8123757,-7.3463064],[112.81236703909767,-7.346304517195144],[112.81236703909767,-7.34597015132076],[112.81326625588095,-7.34597015132076],[112.81326625588095,-7.346168960564798],[112.8129357,-7.3462804]]]],"type":"MultiPolygon"},"properties":{"Kelas":"Sedang"}},{"type":"Feature","geometry":{"coordinates":[[[[112.66759313699025,-7.347768584887312],[112.66669392020697,-7.347768584887312],[112.66669392020697,-7.346869368104036],[112.66713825975027,-7.345466976304337],[112.67066487557219,-7.345606600785334],[112.66669392020697,-7.343272500970931],[112.66709786524633,-7.341503046070248],[112.6707070263589,-7.340263988569074],[112.67119000412336,-7.342373284187657],[112.67003788261978,-7.342822892579294],[112.67119000412336,-7.343272500970931],[112.67119000412336,-7.34597015132076],[112.67119000412336,-7.346869368104036],[112.66759313699025,-7.346869368104036],[112.66759313699025,-7.347768584887312]]]],"type":"MultiPolygon"},"properties":{"Kelas":"Cukup Rendah"}},{"type":"Feature","geometry":{"coordinates":[[[[112.7226257,-7.3452957],[112.7217483,-7.345033],[112.7212142,-7.3448856],[112.72004214901057,-7.344563854793094],[112.72115976177524,-7.344183133592276],[112.72288028708337,-7.345370877875038],[112.7226257,-7.3452957]]]],"type":"MultiPolygon"},"properties":{"Kelas":"Tinggi"}},{"type":"Feature","geometry":{"coordinates":[[[[112.724891,-7.3475991],[112.7248907,-7.3475988],[112.724891,-7.3475984],[112.7248928,-7.3475896],[112.7248774,-7.3475878],[112.7247946,-7.3475325],[112.7246556,-7.3474396],[112.7244887,-7.3471918],[112.7244699,-7.3469901],[112.7244656,-7.3469434],[112.7244102,-7.346927],[112.72424379433663,-7.346911572302929],[112.72424379433663,-7.346869368104036],[112.72514301111991,-7.346869368104036],[112.72514301111991,-7.347768584887312],[112.72510086301276,-7.347768584887312],[112.724891,-7.3475991]]]],"type":"MultiPolygon"},"properties":{"Kelas":"Sedang"}},{"type":"Feature","geometry":{"coordinates":[[[[112.7995834,-7.3455103],[112.7995528,-7.3455017],[112.7995299,-7.3454912],[112.7994994,-7.3454788],[112.7994766,-7.345464],[112.7994537,-7.3454464],[112.7994308,-7.3454254],[112.7994079,-7.3454002],[112.799385,-7.3453696],[112.7993621,-7.3453329],[112.7993469,-7.3453124],[112.7993316,-7.34529],[112.7993163,-7.3452671],[112.7993011,-7.3452438],[112.7992858,-7.3452209],[112.7992706,-7.3451985],[112.7992553,-7.345177],[112.7992401,-7.3451574],[112.7992095,-7.3451245],[112.799179,-7.3450979],[112.7991485,-7.345074],[112.7991297,-7.3450646],[112.7991256,-7.3450626],[112.7991027,-7.3450506],[112.7990798,-7.3450387],[112.7990569,-7.3450259],[112.7990264,-7.3450134],[112.7990035,-7.3450006],[112.798973,-7.3449882],[112.7989425,-7.3449762],[112.7989196,-7.3449653],[112.7988891,-7.3449552],[112.7988662,-7.3449462],[112.7988433,-7.3449386],[112.7988204,-7.3449314],[112.7987823,-7.3449209],[112.7987441,-7.3449133],[112.7987136,-7.3449085],[112.7986831,-7.3449062],[112.7986526,-7.3449085],[112.7986144,-7.3449171],[112.7985763,-7.3449276],[112.7985381,-7.3449429],[112.7985,-7.3449648],[112.7984771,-7.3449781],[112.7984542,-7.3449939],[112.7984313,-7.3450111],[112.7984084,-7.3450292],[112.7983855,-7.3450482],[112.7983626,-7.3450673],[112.7983398,-7.3450864],[112.7983169,-7.345105],[112.7982787,-7.3451388],[112.7982482,-7.3451675],[112.7982253,-7.3451899],[112.7982024,-7.345207],[112.7981796,-7.3452185],[112.7981567,-7.3452251],[112.7981185,-7.3452299],[112.798088,-7.3452323],[112.7980575,-7.3452347],[112.7980193,-7.3452376],[112.7979659,-7.3452414],[112.7979049,-7.3452461],[112.7978439,-7.3452509],[112.7977752,-7.3452566],[112.7977065,-7.3452628],[112.7976379,-7.3452695],[112.7975615,-7.3452757],[112.7975522,-7.3452766],[112.7974929,-7.3452824],[112.7974319,-7.3452895],[112.7973708,-7.3452957],[112.7973098,-7.3453024],[112.7973021,-7.3453034],[112.7972564,-7.3453091],[112.7972106,-7.3453153],[112.7971649,-7.3453215],[112.7971267,-7.3453277],[112.7970885,-7.3453334],[112.797058,-7.3453391],[112.7970351,-7.3453449],[112.7970122,-7.345351],[112.7969894,-7.3453572],[112.7969665,-7.3453639],[112.7969283,-7.3453801],[112.7968902,-7.3454011],[112.796852,-7.3454278],[112.7968355984532,-7.345438758238693],[112.79709264776145,-7.344876865290312],[112.79527665136709,-7.342937929101373],[112.79404725342121,-7.346381999632632],[112.79406097466101,-7.346385133496041],[112.7940521,-7.3463853],[112.7939986,-7.3463872],[112.7939452,-7.3463891],[112.7938918,-7.346391],[112.7938384,-7.3463925],[112.7937927,-7.3463939],[112.7937469,-7.3463944],[112.7937087,-7.3463944],[112.79370237038643,-7.346394088707529],[112.79313223009291,-7.341995683389991],[112.79695214513904,-7.341069244223627],[112.79494295763892,-7.339782767087398],[112.79611791081862,-7.335600179647219],[112.79438270343215,-7.335179549921449],[112.79438270343215,-7.334280333138173],[112.79168505308232,-7.334280333138173],[112.79079461771295,-7.330656243621982],[112.79407886651124,-7.328517969337533],[112.79528192021543,-7.329575251570994],[112.7945442814479,-7.332870916207355],[112.79833960853512,-7.33549304639765],[112.79605819720412,-7.338996830543422],[112.80025571304793,-7.339938198113414],[112.80337487126491,-7.337877200271276],[112.80337487126491,-7.341474067404381],[112.80337487126491,-7.342373284187657],[112.80247565448164,-7.342373284187657],[112.80157643769836,-7.342373284187657],[112.80157643769836,-7.343272500970931],[112.80102847747105,-7.343623757526899],[112.79997470780314,-7.345268516350215],[112.79959352924887,-7.345512657956293],[112.7995834,-7.3455103]]]],"type":"MultiPolygon"},"properties":{"Kelas":"Cukup Rendah"}},{"type":"Feature","geometry":{"coordinates":[[[[112.67119000412336,-7.348667801670587],[112.67009408366874,-7.348359574042727],[112.67088265463688,-7.34757188121597],[112.67119000412336,-7.348667801670587]]]],"type":"MultiPolygon"},"properties":{"Kelas":"Cukup Tinggi"}},{"type":"Feature","geometry":{"coordinates":[[[[112.7421035,-7.3446692],[112.7420425,-7.3449753],[112.7419814,-7.3452018],[112.7418897,-7.3452209],[112.741867,-7.3452256],[112.7418525965254,-7.345225245347329],[112.74132891321888,-7.344171717754207],[112.74222079706266,-7.344171717754207],[112.7421035,-7.3446692]]]],"type":"MultiPolygon"},"properties":{"Kelas":"Sedang"}},{"type":"Feature","geometry":{"coordinates":[[[[112.7874145,-7.3443564],[112.7873077,-7.3443869],[112.7872161,-7.344416],[112.7871169,-7.3444441],[112.787033,-7.3444703],[112.7869491,-7.3444942],[112.7868728,-7.3445161],[112.7868041,-7.3445357],[112.7867507,-7.3445523],[112.7867049,-7.3445662],[112.7866668,-7.3445786],[112.7866286,-7.3445891],[112.7866057,-7.3445986],[112.7865829,-7.3446076],[112.78656,-7.3446158],[112.7865295,-7.3446339],[112.7864989,-7.3446558],[112.7864684,-7.3446854],[112.7864532,-7.3447035],[112.7864303,-7.344725],[112.7864074,-7.3447497],[112.7863845,-7.3447779],[112.7863616,-7.3448093],[112.7863311,-7.3448423],[112.7863006,-7.3448756],[112.7862701,-7.3449085],[112.7862472,-7.3449405],[112.7862167,-7.3449696],[112.7861938,-7.3449953],[112.7861709,-7.3450163],[112.7861404,-7.3450468],[112.7861098,-7.3450659],[112.7860869,-7.3450773],[112.7860564,-7.3450854],[112.7860183,-7.3450926],[112.7859725,-7.3450993],[112.785942,-7.3451026],[112.7858962,-7.3451055],[112.7858504,-7.3451078],[112.7857971,-7.3451107],[112.785736,-7.3451131],[112.785675,-7.3451155],[112.7856063,-7.3451183],[112.7855376,-7.3451212],[112.7854766,-7.345124],[112.7854156,-7.3451274],[112.7853622,-7.3451317],[112.7853164,-7.345136],[112.7852783,-7.3451417],[112.7852401,-7.3451484],[112.7852096,-7.345157],[112.7851867,-7.3451679],[112.7851562,-7.3451808],[112.7851333,-7.345197],[112.7851028,-7.3452161],[112.7850722,-7.345239],[112.7850341,-7.3452643],[112.784996,-7.3452914],[112.7849578,-7.3453196],[112.7849197,-7.3453472],[112.7848815,-7.3453744],[112.7848434,-7.3453992],[112.7848128,-7.3454211],[112.7847823,-7.3454397],[112.7847518,-7.3454545],[112.7847213,-7.3454669],[112.7846908,-7.3454765],[112.7846602,-7.3454841],[112.7846298,-7.3454903],[112.7845916,-7.345495],[112.7845534,-7.3454993],[112.7845077,-7.3455036],[112.7844619,-7.3455075],[112.7844009,-7.3455103],[112.7843398,-7.3455122],[112.7842712,-7.3455137],[112.7841949,-7.3455132],[112.7841186,-7.3455117],[112.784027,-7.3455079],[112.7839355,-7.3455027],[112.7838363,-7.345495],[112.7837371,-7.345486],[112.7836227,-7.3454746],[112.78359210203284,-7.345471152718111],[112.78359210203284,-7.345070934537484],[112.78114229685146,-7.345070934537484],[112.7811202,-7.3450669],[112.7810134,-7.3450473],[112.78091585617268,-7.345028125558139],[112.78179366846629,-7.343272500970931],[112.78359210203284,-7.343272500970931],[112.78359210203284,-7.342373284187657],[112.78418923817799,-7.342071203549525],[112.78485311306876,-7.340760138454376],[112.78628975238267,-7.341474067404381],[112.78628975238267,-7.343272500970931],[112.78718896916595,-7.343272500970931],[112.78744189554665,-7.344347692031083],[112.7874145,-7.3443564]]]],"type":"MultiPolygon"},"properties":{"Kelas":"Tinggi"}},{"type":"Feature","geometry":{"coordinates":[[[[112.6557083,-7.3491597],[112.65581144285498,-7.347768584887312],[112.65590331880766,-7.347768584887312],[112.65590331880766,-7.349567018453863],[112.65565230087714,-7.349567018453863],[112.6557083,-7.3491597]]]],"type":"MultiPolygon"},"properties":{"Kelas":"Sedang"}},{"type":"Feature","geometry":{"coordinates":[[[[112.66849235377353,-7.349567018453863],[112.66849235377353,-7.348667801670587],[112.6696444752771,-7.349117410062226],[112.66849235377353,-7.349567018453863]]]],"type":"MultiPolygon"},"properties":{"Kelas":"Cukup Tinggi"}},{"type":"Feature","geometry":{"coordinates":[[[[112.67568608803973,-7.349567018453863],[112.6760636888374,-7.34809788790853],[112.67838373838956,-7.348667801670587],[112.67838373838956,-7.349567018453863],[112.67568608803973,-7.349567018453863]]]],"type":"MultiPolygon"},"properties":{"Kelas":"Cukup Rendah"}},{"type":"Feature","geometry":{"coordinates":[[[[112.8151244,-7.3451899],[112.815071,-7.3452209],[112.8150252,-7.3452504],[112.8149795,-7.3452786],[112.8149337,-7.3453058],[112.8148955,-7.345332],[112.8148574,-7.3453572],[112.8148193,-7.3453816],[112.8147811,-7.3454049],[112.8147506,-7.3454283],[112.8147201,-7.3454512],[112.8146896,-7.3454746],[112.814659,-7.3454979],[112.8146285,-7.3455227],[112.814598,-7.3455489],[112.8145599,-7.3455771],[112.8145293,-7.3456071],[112.8144912,-7.3456395],[112.8144454,-7.3456743],[112.8144073,-7.3457106],[112.8143615,-7.3457478],[112.8143157,-7.3457854],[112.8142776,-7.3458226],[112.8142318,-7.3458593],[112.8142191,-7.3458693],[112.81416547266423,-7.345873451793738],[112.81416547266423,-7.345070934537484],[112.8150646894475,-7.345070934537484],[112.81514021223093,-7.345180424505812],[112.8151244,-7.3451899]]],[[[112.8133635,-7.3461385],[112.8133544,-7.3461369],[112.8133269,-7.3461308],[112.8133047,-7.346156],[112.81326625588095,-7.346168960564798],[112.81326625588095,-7.34597015132076],[112.81384575957922,-7.34597015132076],[112.8133635,-7.3461385]]],[[[112.80951468793724,-7.34597015132076],[112.80966938874784,-7.34597015132076],[112.80966938874784,-7.346005628752444],[112.80951468793724,-7.34597015132076]]],[[[112.8058205,-7.3460036],[112.80568829422995,-7.34597015132076],[112.80607252161474,-7.34597015132076],[112.80608516617322,-7.346002553001858],[112.8058205,-7.3460036]]]],"type":"MultiPolygon"},"properties":{"Kelas":"Cukup Rendah"}},{"type":"Feature","geometry":{"coordinates":[[[[112.8152846,-7.3450921],[112.8152312,-7.345125],[112.8151778,-7.3451579],[112.81514021223093,-7.345180424505812],[112.8150646894475,-7.345070934537484],[112.81531948381785,-7.345070934537484],[112.8152846,-7.3450921]]]],"type":"MultiPolygon"},"properties":{"Kelas":"Sangat Rendah"}},{"type":"Feature","geometry":{"coordinates":[[[[112.65860096915749,-7.350466235237139],[112.65680253559094,-7.350466235237139],[112.65680253559094,-7.349567018453863],[112.65860096915749,-7.349567018453863],[112.65860096915749,-7.350466235237139]]]],"type":"MultiPolygon"},"properties":{"Kelas":"Sedang"}},{"type":"Feature","geometry":{"coordinates":[[[[112.65860096915749,-7.350466235237139],[112.65860096915749,-7.349567018453863],[112.65899262021739,-7.349000617257365],[112.66129861950732,-7.349567018453863],[112.66129861950732,-7.350466235237139],[112.65860096915749,-7.350466235237139]]]],"type":"MultiPolygon"},"properties":{"Kelas":"Cukup Rendah"}},{"type":"Feature","geometry":{"coordinates":[[[[112.66759313699025,-7.350466235237139],[112.6657947034237,-7.350466235237139],[112.6657947034237,-7.349567018453863],[112.66759313699025,-7.349567018453863],[112.66759313699025,-7.350466235237139]]]],"type":"MultiPolygon"},"properties":{"Kelas":"Cukup Rendah"}},{"type":"Feature","geometry":{"coordinates":[[[[112.7922668,-7.3457244],[112.7922286,-7.345692],[112.7921828,-7.3456591],[112.7921371,-7.3456262],[112.7920913,-7.3455933],[112.7920531,-7.3455609],[112.7920074,-7.3455289],[112.7919692,-7.3454979],[112.7919311,-7.3454679],[112.7918929,-7.3454393],[112.7918548,-7.3454116],[112.7918243,-7.3453854],[112.7917937,-7.3453596],[112.7917709,-7.3453353],[112.7917404,-7.3453115],[112.7917175,-7.3452886],[112.7916946,-7.3452667],[112.7916717,-7.3452447],[112.7916488,-7.3452237],[112.7916259,-7.3452023],[112.791603,-7.3451808],[112.7915877,-7.3451584],[112.7915649,-7.3451355],[112.791542,-7.3451112],[112.7915191,-7.3450854],[112.7914886,-7.3450592],[112.7914657,-7.3450316],[112.7914352,-7.3450039],[112.7914046,-7.3449758],[112.7913741,-7.3449476],[112.7913436,-7.34492],[112.7913131,-7.3448933],[112.7912826,-7.3448671],[112.7912444,-7.3448423],[112.7912139,-7.3448179],[112.7911758,-7.3447946],[112.7911376,-7.3447722],[112.7910995,-7.3447502],[112.7910613,-7.3447288],[112.7910156,-7.3447078],[112.7909774,-7.3446873],[112.7909316,-7.3446668],[112.7908782,-7.3446463],[112.7908324,-7.3446263],[112.790779,-7.3446053],[112.7907256,-7.3445843],[112.7906722,-7.3445624],[112.7906188,-7.3445399],[112.7905654,-7.3445161],[112.7905044,-7.3444913],[112.7904434,-7.344466],[112.7903823,-7.3444393],[112.7903136,-7.3444117],[112.790245,-7.3443831],[112.7901763,-7.3443535],[112.7901076,-7.344323],[112.790039,-7.3442915],[112.7899627,-7.3442595],[112.7898864,-7.3442276],[112.7898178,-7.3441971],[112.7897491,-7.3441675],[112.7896804,-7.3441399],[112.7896194,-7.3441151],[112.789566,-7.3440931],[112.7895126,-7.344075],[112.7894744,-7.3440602],[112.7894362,-7.3440483],[112.7894057,-7.3440388],[112.7893752,-7.3440307],[112.7893447,-7.344024],[112.7893142,-7.3440183],[112.7892913,-7.344013],[112.7892608,-7.3440073],[112.7892303,-7.3440016],[112.7891997,-7.3439959],[112.7891693,-7.3439901],[112.7891311,-7.3439849],[112.7891006,-7.3439797],[112.7890701,-7.3439754],[112.7890319,-7.3439711],[112.7890014,-7.3439673],[112.7889632,-7.3439644],[112.7889327,-7.3439625],[112.7888946,-7.343962],[112.7888564,-7.3439625],[112.7888183,-7.3439639],[112.7887801,-7.3439673],[112.7887344,-7.343972],[112.7886886,-7.3439787],[112.7886428,-7.3439878],[112.7885894,-7.3439982],[112.788536,-7.3440111],[112.788475,-7.3440259],[112.7884063,-7.3440436],[112.7883376,-7.3440631],[112.7882938,-7.344076],[112.7882613,-7.3440855],[112.7881774,-7.3441108],[112.7880935,-7.3441375],[112.7880019,-7.3441666],[112.7879104,-7.3441971],[112.7878112,-7.3442286],[112.787712,-7.3442605],[112.7876128,-7.3442925],[112.7875136,-7.3443249],[112.78744189554665,-7.344347692031083],[112.78718896916595,-7.343272500970931],[112.78942120457911,-7.341731362831625],[112.79025368261676,-7.33644582980571],[112.79131798998134,-7.335711703603739],[112.79168505308232,-7.335179549921449],[112.79438270343215,-7.335179549921449],[112.79395768299943,-7.338915163394159],[112.79157440726719,-7.342574378565947],[112.79228419773185,-7.3457365441498],[112.7922668,-7.3457244]]]],"type":"MultiPolygon"},"properties":{"Kelas":"Cukup Tinggi"}},{"type":"Feature","geometry":{"coordinates":[[[[112.8048387,-7.3457552],[112.8044346,-7.3457175],[112.8044094,-7.3457112],[112.804367,-7.3457006],[112.8041152,-7.345639],[112.8039169,-7.3455918],[112.8038024,-7.3455661],[112.8036956,-7.3455461],[112.8036041,-7.3455303],[112.8035277,-7.3455184],[112.8034591,-7.3455103],[112.803398,-7.3455051],[112.8033523,-7.3455017],[112.8033065,-7.3454998],[112.8032607,-7.3454984],[112.8032302,-7.3454984],[112.8031921,-7.3454984],[112.8031615,-7.3454993],[112.803131,-7.3455003],[112.8031005,-7.3455017],[112.8030471,-7.3455051],[112.8030013,-7.3455084],[112.8029708,-7.3455108],[112.8029174,-7.345516],[112.8028869,-7.3455198],[112.8028487,-7.3455241],[112.8028182,-7.3455294],[112.8027801,-7.3455356],[112.8027434,-7.3455413],[112.8027343,-7.3455427],[112.8026962,-7.3455504],[112.8026504,-7.3455585],[112.8026046,-7.345567],[112.8025665,-7.3455752],[112.8025207,-7.3455833],[112.8024971,-7.345588],[112.8024825,-7.3455909],[112.8024444,-7.345598],[112.8024139,-7.3456042],[112.8023833,-7.34561],[112.8023528,-7.3456152],[112.8023071,-7.3456224],[112.8022689,-7.3456262],[112.8022307,-7.3456257],[112.8022002,-7.3456209],[112.8021697,-7.3456104],[112.8021468,-7.3456033],[112.8021239,-7.3455947],[112.8020934,-7.3455842],[112.8020629,-7.3455723],[112.8020248,-7.3455594],[112.8019866,-7.3455451],[112.8019485,-7.3455294],[112.8019027,-7.3455132],[112.8018569,-7.3454955],[112.8018535,-7.3454942],[112.8018111,-7.3454779],[112.8017654,-7.3454593],[112.8017196,-7.3454402],[112.8016738,-7.3454216],[112.801628,-7.3454035],[112.8015899,-7.3453863],[112.8015517,-7.3453706],[112.8015136,-7.3453563],[112.8014831,-7.3453439],[112.8014525,-7.3453339],[112.8014144,-7.3453196],[112.8013686,-7.3453105],[112.8013229,-7.3453034],[112.8012924,-7.3452995],[112.8012542,-7.3452952],[112.8012161,-7.345291],[112.8011703,-7.3452862],[112.8011245,-7.3452819],[112.8010711,-7.3452776],[112.8010253,-7.3452738],[112.8009719,-7.3452709],[112.8009261,-7.345269],[112.8008727,-7.3452681],[112.8008269,-7.3452681],[112.8007888,-7.3452695],[112.800743,-7.3452714],[112.8007049,-7.3452743],[112.8006667,-7.3452776],[112.8006286,-7.3452809],[112.8005904,-7.3452852],[112.8005599,-7.3452895],[112.8005218,-7.3452943],[112.8004913,-7.3453],[112.8004531,-7.3453062],[112.800415,-7.3453143],[112.8003768,-7.3453238],[112.8003387,-7.3453353],[112.8003005,-7.3453486],[112.8002547,-7.3453644],[112.800209,-7.345382],[112.8001555,-7.3454006],[112.8001098,-7.3454197],[112.8000564,-7.3454388],[112.8000106,-7.3454564],[112.7999648,-7.3454731],[112.7999267,-7.3454874],[112.7998809,-7.3454993],[112.7998504,-7.3455084],[112.7998122,-7.3455151],[112.7997588,-7.3455232],[112.7996902,-7.3455251],[112.799652,-7.3455222],[112.7996139,-7.3455174],[112.79959352924887,-7.345512657956293],[112.79997470780314,-7.345268516350215],[112.80102847747105,-7.343623757526899],[112.80157643769836,-7.343272500970931],[112.80230353876921,-7.344709140284838],[112.80517330483147,-7.345070934537484],[112.80517330483147,-7.345839856590076],[112.8048387,-7.3457552]]],[[[112.7936782,-7.3463929],[112.7936477,-7.346391],[112.7936172,-7.3463877],[112.793579,-7.3463782],[112.7935561,-7.346372],[112.7935332,-7.3463648],[112.7935104,-7.3463562],[112.7934875,-7.3463472],[112.7934569,-7.3463367],[112.7934264,-7.3463248],[112.7933883,-7.3463109],[112.7933501,-7.3462956],[112.7933044,-7.346278],[112.7932591,-7.3462611],[112.793251,-7.346258],[112.7931976,-7.3462356],[112.7931289,-7.3462103],[112.7930679,-7.3461826],[112.7929916,-7.3461531],[112.7929229,-7.3461226],[112.7928466,-7.3460906],[112.7927779,-7.3460587],[112.7927169,-7.3460267],[112.7926482,-7.3459952],[112.7925948,-7.3459642],[112.7925491,-7.3459342],[112.7925033,-7.3459051],[112.7924651,-7.3458756],[112.7924194,-7.3458465],[112.7923888,-7.3458169],[112.7923507,-7.3457869],[112.7923125,-7.3457563],[112.79228419773185,-7.3457365441498],[112.79157440726719,-7.342574378565947],[112.79395768299943,-7.338915163394159],[112.79438270343215,-7.335179549921449],[112.79611791081862,-7.335600179647219],[112.79494295763892,-7.339782767087398],[112.79695214513904,-7.341069244223627],[112.79313223009291,-7.341995683389991],[112.79370237038643,-7.346394088707529],[112.7936782,-7.3463929]]]],"type":"MultiPolygon"},"properties":{"Kelas":"Sedang"}},{"type":"Feature","geometry":{"coordinates":[[[[112.6690368,-7.3510407],[112.6688156,-7.3510394],[112.6687372804018,-7.351038905411156],[112.66849235377353,-7.350466235237139],[112.6705594986054,-7.350830663913955],[112.66978847760032,-7.351210170915896],[112.6690368,-7.3510407]]]],"type":"MultiPolygon"},"properties":{"Kelas":"Cukup Tinggi"}},{"type":"Feature","geometry":{"coordinates":[[[[112.6609792,-7.3529194],[112.6609152,-7.3529942],[112.6607818,-7.353083],[112.6597976,-7.353587],[112.6596206,-7.3536414],[112.6595303,-7.3536417],[112.6589998,-7.3536437],[112.6583602,-7.354026],[112.65804201059325,-7.35448705725502],[112.6562053994458,-7.352193539351108],[112.65521082973765,-7.352778128428151],[112.65565230087714,-7.349567018453863],[112.65590331880766,-7.349567018453863],[112.65680253559094,-7.349567018453863],[112.65680253559094,-7.350466235237139],[112.65860096915749,-7.350466235237139],[112.65963015086648,-7.351750956090589],[112.66135661372553,-7.352478317957835],[112.6609792,-7.3529194]]]],"type":"MultiPolygon"},"properties":{"Kelas":"Cukup Tinggi"}},{"type":"Feature","geometry":{"coordinates":[[[[112.7312621,-7.348153],[112.7295989,-7.3482316],[112.7295532,-7.3482335],[112.7294311,-7.3482335],[112.7293588,-7.348234],[112.7293472,-7.348234],[112.7290725,-7.3482722],[112.7290316,-7.348278],[112.7289357,-7.3482916],[112.7287902,-7.3483122],[112.72851757428252,-7.348339742949074],[112.72784066146974,-7.34597015132076],[112.73000615813727,-7.347401521786326],[112.73200136935978,-7.348147722039008],[112.7312621,-7.348153]]]],"type":"MultiPolygon"},"properties":{"Kelas":"Sedang"}},{"type":"Feature","geometry":{"coordinates":[[[[112.7682745,-7.3415824],[112.7681929,-7.3415824],[112.7681359,-7.3415824],[112.7680339,-7.3415783],[112.7680374,-7.3417434],[112.7679061,-7.3417395],[112.7678713,-7.3417347],[112.7677993,-7.3417247],[112.7676849,-7.3417085],[112.7675781,-7.3416918],[112.7674713,-7.3416741],[112.7673721,-7.341657],[112.7672805,-7.3416393],[112.7672042,-7.3416227],[112.7671355,-7.3416074],[112.7670745,-7.3415926],[112.7670287,-7.3415793],[112.7669982,-7.3415664],[112.7669525,-7.3415406],[112.7669219,-7.3415125],[112.7669067,-7.3414782],[112.7668914,-7.3414548],[112.7668838,-7.3414233],[112.7668761,-7.3413804],[112.7668609,-7.3413227],[112.7668533,-7.3412469],[112.7668456,-7.3411501],[112.7668304,-7.341029],[112.7668228,-7.3408821],[112.76681944262889,-7.34080871745995],[112.76830541671715,-7.341474067404381],[112.76830541671715,-7.341564317830049],[112.7682745,-7.3415824]]],[[[112.7513275,-7.3423408],[112.7504958,-7.3423226],[112.7501373,-7.3422712],[112.7499999,-7.3422669],[112.7499084,-7.342264],[112.7494506,-7.3422302],[112.7491073,-7.342202],[112.7490539,-7.3421998],[112.7489165,-7.3421939],[112.7485732,-7.3422964],[112.7480621,-7.3423951],[112.7478256,-7.3423699],[112.7474898,-7.3422426],[112.7471872,-7.3421431],[112.7470168,-7.3420871],[112.7464698,-7.3419311],[112.7464599,-7.3419283],[112.7456825,-7.3417337],[112.7452926,-7.341636],[112.7447738,-7.3414777],[112.7446718,-7.3414466],[112.7443237,-7.3413404],[112.7442553,-7.3413221],[112.7441024,-7.3412812],[112.7438049,-7.3412021],[112.743431,-7.3410652],[112.74313332626079,-7.340880580741932],[112.74405466409318,-7.339361259220238],[112.74088808624114,-7.341085928910037],[112.74222813000215,-7.342373284187657],[112.74274126649041,-7.341527102382488],[112.7427369,-7.3415472],[112.7427367,-7.3415478],[112.7426449,-7.3420007],[112.7425634,-7.3424026],[112.7425613,-7.3424133],[112.7424962,-7.3427656],[112.7424239,-7.3431575],[112.7423934,-7.3433226],[112.7423248,-7.3437136],[112.7422942,-7.3438604],[112.74222079706266,-7.344171717754207],[112.74132891321888,-7.344171717754207],[112.74132891321888,-7.343272500970931],[112.7404296964356,-7.343272500970931],[112.7404296964356,-7.342373284187657],[112.73953047965233,-7.342373284187657],[112.73953047965233,-7.339675633837828],[112.74132891321888,-7.339675633837828],[112.74132891321888,-7.337877200271276],[112.74222813000215,-7.337877200271276],[112.74222813000215,-7.336977983488001],[112.74517165994115,-7.336502030854666],[112.74710005843342,-7.335193600183688],[112.74530162486687,-7.333904488623288],[112.74492578035198,-7.333381116354897],[112.74725636760081,-7.333748179455883],[112.74800278778226,-7.337574241491755],[112.75068814415262,-7.33644582980571],[112.75338579450245,-7.336381725484246],[112.75140997637513,-7.339416582127802],[112.751770014345,-7.341024459012742],[112.75147520159847,-7.342341707454707],[112.7513275,-7.3423408]],[[112.74641686443206,-7.338579713383211],[112.74562829346391,-7.339367406209966],[112.74672421391853,-7.339675633837828],[112.74641686443206,-7.338579713383211]],[[112.75001373156516,-7.339478930166488],[112.74922516059702,-7.340266622993243],[112.75032108105164,-7.340574850621104],[112.75001373156516,-7.339478930166488]]]],"type":"MultiPolygon"},"properties":{"Kelas":"Cukup Rendah"}},{"type":"Feature","geometry":{"coordinates":[[[[112.6543808,-7.3562112],[112.6544166870093,-7.356071452092507],[112.65490223762316,-7.35633573228735],[112.65453996800785,-7.356459156264913],[112.6543808,-7.3562112]]]],"type":"MultiPolygon"},"properties":{"Kelas":"Cukup Rendah"}},{"type":"Feature","geometry":{"coordinates":[[[[112.6569366,-7.3560888],[112.6568659,-7.3561914],[112.6563434,-7.3568201],[112.65623253851788,-7.356845384846204],[112.65602977116781,-7.355469884876891],[112.65696771412823,-7.356043715549517],[112.6569366,-7.3560888]]]],"type":"MultiPolygon"},"properties":{"Kelas":"Cukup Tinggi"}},{"type":"Feature","geometry":{"coordinates":[[[[112.736408,-7.345347],[112.7363815,-7.345486],[112.7363754,-7.3455713],[112.7363414,-7.3460488],[112.7363357,-7.3461297],[112.7363204,-7.346185],[112.7363196,-7.3461895],[112.7363128,-7.3462275],[112.7362365,-7.3462551],[112.7360763,-7.3462594],[112.7358391,-7.346268],[112.7352676,-7.3462885],[112.7347201,-7.346376],[112.7338714,-7.3465117],[112.7334289,-7.3465903],[112.7333907,-7.3468211],[112.7332992,-7.3473166],[112.7331924,-7.3479966],[112.7331542,-7.3481267],[112.7330703,-7.3481401],[112.7329289,-7.3481411],[112.73200136935978,-7.348147722039008],[112.73000615813727,-7.347401521786326],[112.72784066146974,-7.34597015132076],[112.72694144468646,-7.344715287274568],[112.72604222790318,-7.34597015132076],[112.72514301111991,-7.34597015132076],[112.72514301111991,-7.346869368104036],[112.72424379433663,-7.346869368104036],[112.72424379433663,-7.346911572302929],[112.7242387,-7.3469111],[112.724215,-7.3465081],[112.7242071,-7.3458952],[112.7239557,-7.3457344],[112.7235025,-7.3455604],[112.7234578,-7.3455433],[112.7234576,-7.345543],[112.7234344,-7.3455341],[112.7231712,-7.3454566],[112.723091,-7.3454331],[112.72288028708337,-7.345370877875038],[112.72115976177524,-7.344183133592276],[112.72004214901057,-7.344563854793094],[112.7200088,-7.3445547],[112.7197952,-7.3445109],[112.7197265,-7.3444999],[112.7197036,-7.3444255],[112.7197495,-7.3441823],[112.719818,-7.3438194],[112.71989722070542,-7.343537111372845],[112.72291428827229,-7.343750209887046],[112.72466881476936,-7.342797426478986],[112.72694144468646,-7.342373284187657],[112.7284887298155,-7.344530877582685],[112.732712589901,-7.341849911919265],[112.73503439573594,-7.341474067404381],[112.73503439573594,-7.342373284187657],[112.73364341977431,-7.342781619933968],[112.73013085421465,-7.345003317650461],[112.73140240294724,-7.347277703850347],[112.7350993781988,-7.345160504959255],[112.73641794803787,-7.345294953019264],[112.736408,-7.345347]],[[112.72494630744856,-7.343863490126347],[112.72604222790318,-7.344171717754207],[112.72573487841672,-7.343075797299591],[112.72494630744856,-7.343863490126347]]],[[[112.7416152,-7.3452194],[112.7411269,-7.345178],[112.7408683,-7.345162],[112.7406081,-7.345146],[112.7404287,-7.3451354],[112.7401733,-7.3451203],[112.7397155,-7.3450902],[112.73921230060868,-7.345059356243939],[112.73953047965233,-7.343272500970931],[112.7404296964356,-7.343272500970931],[112.7404296964356,-7.344171717754207],[112.74132891321888,-7.344171717754207],[112.7418525965254,-7.345225245347329],[112.7416152,-7.3452194]]]],"type":"MultiPolygon"},"properties":{"Kelas":"Cukup Tinggi"}},{"type":"Feature","geometry":{"coordinates":[[[[112.7282943,-7.3483623],[112.7277145,-7.3484266],[112.7274551,-7.3484562],[112.7271899,-7.3484439],[112.7271893,-7.3484439],[112.7271768,-7.3483787],[112.7258469,-7.3482934],[112.7258112,-7.3482814],[112.7255976,-7.3482096],[112.7255107,-7.3481451],[112.7253653,-7.3480371],[112.7253026,-7.3479905],[112.7252569,-7.3478946],[112.72510086301276,-7.347768584887312],[112.72514301111991,-7.347768584887312],[112.72514301111991,-7.346869368104036],[112.72514301111991,-7.34597015132076],[112.72604222790318,-7.34597015132076],[112.72784066146974,-7.34597015132076],[112.72851757428252,-7.348339742949074],[112.7282943,-7.3483623]]]],"type":"MultiPolygon"},"properties":{"Kelas":"Cukup Rendah"}},{"type":"Feature","geometry":{"coordinates":[[[[112.70647297023562,-7.337028327222313],[112.7072622961384,-7.336599504548946],[112.70691615226713,-7.337159311557746],[112.70647297023562,-7.337028327222313]]]],"type":"MultiPolygon"},"properties":{"Kelas":"Cukup Rendah"}},{"type":"Feature","geometry":{"coordinates":[[[[112.701126,-7.3389395],[112.7011218,-7.3389419],[112.7006344,-7.3392212],[112.7005385,-7.3392762],[112.6994747,-7.340348],[112.6994683,-7.3403544],[112.6992034,-7.3406213],[112.6991468,-7.3406766],[112.6991424,-7.3406809],[112.6983044,-7.3414965],[112.6982936,-7.341507],[112.6980939,-7.3417013],[112.6980743,-7.3417204],[112.6977549,-7.3419418],[112.6976348,-7.3420251],[112.6970672,-7.3424185],[112.6970224,-7.3424423],[112.697003,-7.3424527],[112.6961246,-7.3429208],[112.6961179,-7.3429244],[112.6956329,-7.3431829],[112.6952292,-7.3434122],[112.6952262,-7.3434139],[112.6952245,-7.3434149],[112.6952104,-7.3434229],[112.6952073,-7.3434246],[112.6952056,-7.3434256],[112.6946944,-7.3435796],[112.6940615,-7.3438258],[112.6940587,-7.3438269],[112.6940213,-7.3438414],[112.6934906,-7.3440478],[112.6934152,-7.3440771],[112.6933898,-7.344087],[112.6927063,-7.3444112],[112.6926819,-7.3444228],[112.692414,-7.3445498],[112.6916801,-7.344898],[112.6916427,-7.3449157],[112.6916391,-7.3449171],[112.6915205,-7.3449641],[112.6914721,-7.3449833],[112.691012,-7.3451655],[112.6902389,-7.3454717],[112.689921,-7.3455653],[112.6898778,-7.345578],[112.6894936,-7.345691],[112.6887215,-7.3459183],[112.6885032,-7.3459825],[112.6879577,-7.3461431],[112.6871243,-7.3463235],[112.6863899,-7.3464826],[112.6863338,-7.3464948],[112.6863326,-7.346495],[112.6856384,-7.3466957],[112.6853594,-7.3467816],[112.6852492,-7.3468155],[112.683792,-7.3472641],[112.6828339,-7.3476332],[112.6823136,-7.3478336],[112.6821337,-7.3479193],[112.6817718,-7.3481415],[112.6817702,-7.3481425],[112.6817593,-7.3481491],[112.6815583,-7.3482707],[112.681076,-7.3485626],[112.6803004,-7.3492172],[112.6800155,-7.3494576],[112.6795471,-7.3497326],[112.6792831,-7.3498877],[112.6792798,-7.3498896],[112.6792243,-7.3499222],[112.6785935,-7.3502934],[112.6783599,-7.3504308],[112.6783028,-7.3504501],[112.6777343,-7.350642],[112.6771488,-7.3508136],[112.6769306,-7.3508775],[112.6764678,-7.351013],[112.676357,-7.3510326],[112.6759276,-7.3511084],[112.6753484,-7.3512107],[112.6748046,-7.3513068],[112.6744984,-7.3513261],[112.6738289,-7.3513683],[112.6736896,-7.3513771],[112.6732711,-7.3514035],[112.6725507,-7.3513838],[112.6718293,-7.351364],[112.6718292,-7.351364],[112.6715485,-7.3513564],[112.6714731,-7.3513544],[112.671173,-7.3513464],[112.670667,-7.3513017],[112.6705985,-7.3512957],[112.6698913,-7.3512333],[112.6698028,-7.3512134],[112.66978847760032,-7.351210170915896],[112.6705594986054,-7.350830663913955],[112.66849235377353,-7.350466235237139],[112.66849235377353,-7.349567018453863],[112.6696444752771,-7.349117410062226],[112.66849235377353,-7.348667801670587],[112.66849235377353,-7.347768584887312],[112.66759313699025,-7.347768584887312],[112.66759313699025,-7.346869368104036],[112.67119000412336,-7.346869368104036],[112.67119000412336,-7.34597015132076],[112.67298843768991,-7.346869368104036],[112.67298843768991,-7.349567018453863],[112.67568608803973,-7.349567018453863],[112.67838373838956,-7.349567018453863],[112.67838373838956,-7.348667801670587],[112.67778660224442,-7.34746650424918],[112.67748452160629,-7.34597015132076],[112.67868581902769,-7.346567287465904],[112.68162232383558,-7.347171448742166],[112.68198060552267,-7.343272500970931],[112.68287982230595,-7.343272500970931],[112.68287982230595,-7.34597015132076],[112.68467825587248,-7.34597015132076],[112.68467825587248,-7.343272500970931],[112.68557747265577,-7.343272500970931],[112.68647668943905,-7.343272500970931],[112.68647668943905,-7.342373284187657],[112.68702816223191,-7.341188671452656],[112.69068649926231,-7.341759463356103],[112.69284321451595,-7.343557896922656],[112.69472770593872,-7.341634767278736],[112.69340171243994,-7.339320864716301],[112.69456964048852,-7.338776417054552],[112.69501924888016,-7.339928538558125],[112.6954688572718,-7.338776417054552],[112.69774851232003,-7.340282429538261],[112.69816650762164,-7.339675633837828],[112.6990657244049,-7.339675633837828],[112.69996494118818,-7.339675633837828],[112.69996494118818,-7.338776417054552],[112.69996494118818,-7.337877200271276],[112.70086415797147,-7.337877200271276],[112.70086415797147,-7.336977983488001],[112.70176337475473,-7.336977983488001],[112.70176337475473,-7.338586473988103],[112.701126,-7.3389395]],[[112.67009408366874,-7.348359574042727],[112.67119000412336,-7.348667801670587],[112.67088265463688,-7.34757188121597],[112.67009408366874,-7.348359574042727]]],[[[112.6685464,-7.3510377],[112.6677017,-7.3510326],[112.6676503,-7.3510419],[112.6673175,-7.3511021],[112.6661987,-7.3513044],[112.6659774,-7.3513371],[112.6655349,-7.3514026],[112.6648068,-7.3514312],[112.6645692,-7.3514405],[112.6644668,-7.3514446],[112.6637649,-7.351404],[112.6636317,-7.3513818],[112.6631469,-7.351301],[112.6630912,-7.3513227],[112.6630905,-7.3513162],[112.6624249,-7.3513429],[112.6619544,-7.3517796],[112.6614801,-7.352334],[112.66135661372553,-7.352478317957835],[112.65963015086648,-7.351750956090589],[112.65860096915749,-7.350466235237139],[112.66129861950732,-7.350466235237139],[112.66129861950732,-7.349567018453863],[112.6657947034237,-7.349567018453863],[112.6657947034237,-7.350466235237139],[112.66759313699025,-7.350466235237139],[112.66849235377353,-7.350466235237139],[112.6687372804018,-7.351038905411156],[112.6685464,-7.3510377]]],[[[112.65696771412823,-7.356043715549517],[112.65602977116781,-7.355469884876891],[112.65623253851788,-7.356845384846204],[112.6560435,-7.3568885],[112.655109,-7.3568885],[112.6547085,-7.3567217],[112.65453996800785,-7.356459156264913],[112.65490223762316,-7.35633573228735],[112.6544166870093,-7.356071452092507],[112.6551514,-7.3532104],[112.65521082973765,-7.352778128428151],[112.6562053994458,-7.352193539351108],[112.65804201059325,-7.35448705725502],[112.65696771412823,-7.356043715549517]]]],"type":"MultiPolygon"},"properties":{"Kelas":"Sedang"}},{"type":"Feature","geometry":{"coordinates":[[[[112.8266312,-7.3433086],[112.8263392,-7.3431894],[112.8260439,-7.3432459],[112.82592,-7.3432855],[112.82592,-7.3432143],[112.8256835,-7.3433002],[112.825592,-7.3433283],[112.825508,-7.3433536],[112.8254241,-7.343376],[112.8253478,-7.343396],[112.8252868,-7.3434132],[112.8252257,-7.343427],[112.82518,-7.3434384],[112.8251266,-7.3434475],[112.8250808,-7.3434546],[112.825035,-7.3434604],[112.824974,-7.3434651],[112.824913,-7.343469],[112.824829,-7.3434728],[112.8247375,-7.3434761],[112.8246307,-7.3434794],[112.8245086,-7.3434828],[112.8243865,-7.3434852],[112.8242492,-7.3434866],[112.8241042,-7.3434875],[112.8239593,-7.3434871],[112.8238143,-7.3434852],[112.8236617,-7.3434818],[112.8235168,-7.3434771],[112.8233794,-7.3434713],[112.8232345,-7.3434642],[112.82315764049699,-7.343460169494379],[112.82315764049699,-7.343272500970931],[112.8221965473568,-7.343393694534064],[112.8221664,-7.3433912],[112.8220748,-7.3433826],[112.8219832,-7.3433741],[112.8218917,-7.343365],[112.8218078,-7.3433555],[112.8217238,-7.3433459],[112.8216399,-7.3433364],[112.8215713,-7.3433269],[112.8215026,-7.3433178],[112.8214339,-7.3433097],[112.8213805,-7.3433025],[112.8213271,-7.3432963],[112.821289,-7.3432916],[112.8212508,-7.3432882],[112.8212203,-7.3432863],[112.8211898,-7.3432849],[112.8211593,-7.3432854],[112.8211211,-7.3432863],[112.821083,-7.3432882],[112.8210372,-7.3432911],[112.8209838,-7.3432949],[112.8209228,-7.3432997],[112.8208617,-7.3433049],[112.8207854,-7.3433106],[112.8207168,-7.3433164],[112.8206405,-7.3433231],[112.8205642,-7.3433297],[112.8204879,-7.3433364],[112.8204192,-7.3433431],[112.8203506,-7.3433497],[112.8202819,-7.3433559],[112.8202209,-7.3433617],[112.8201598,-7.3433669],[112.8201064,-7.3433717],[112.8200606,-7.343376],[112.8200149,-7.3433788],[112.8199767,-7.3433807],[112.8199386,-7.3433822],[112.819908,-7.3433822],[112.8198775,-7.3433812],[112.8198241,-7.3433769],[112.8197783,-7.3433693],[112.8197555,-7.343364],[112.819725,-7.3433579],[112.8197021,-7.3433512],[112.8196715,-7.3433431],[112.8196487,-7.343334],[112.8196249,-7.3433262],[112.8191395,-7.3434807],[112.8190045,-7.3435236],[112.8187579,-7.3435198],[112.818756,-7.3435362],[112.818756,-7.3435441],[112.8186853,-7.3435379],[112.8184959,-7.3436048],[112.8183777,-7.3436533],[112.8180771,-7.343779],[112.817801,-7.3439079],[112.8175219,-7.3440183],[112.8174361,-7.3440617],[112.817398,-7.344066],[112.8173675,-7.3440736],[112.8173293,-7.3440841],[112.8172912,-7.3440988],[112.817253,-7.3441189],[112.8172301,-7.3441313],[112.8172072,-7.3441461],[112.8171969,-7.3441521],[112.8171767,-7.3441637],[112.81716447292483,-7.344171717754207],[112.81686312301404,-7.344171717754207],[112.81596390623078,-7.344171717754207],[112.8150646894475,-7.344171717754207],[112.8154475590935,-7.343656248758325],[112.81888284821086,-7.342290738897004],[112.81720735443889,-7.341090319616987],[112.80935501413025,-7.34244177921607],[112.80838730231856,-7.340267501134633],[112.81056860553112,-7.339675633837828],[112.81025774347908,-7.338187184181917],[112.80759873135042,-7.336786548664998],[112.80872450861229,-7.334280333138173],[112.80791661853357,-7.332482777713011],[112.80607252161474,-7.333381116354897],[112.80550699855964,-7.330052082345718],[112.80330286367094,-7.330376994659987],[112.80427408804819,-7.32618738208869],[112.80542620955177,-7.325737773697051],[112.80427408804819,-7.325288165305414],[112.80427408804819,-7.322590514955586],[112.80697173839802,-7.322590514955586],[112.80537176478558,-7.329035194616193],[112.80787446774684,-7.330665025035881],[112.81056860553112,-7.328885032438517],[112.81056860553112,-7.33068346600507],[112.80930232564685,-7.331558094829427],[112.81005401467662,-7.333047422626729],[112.81136947047872,-7.332752367119715],[112.81453253576521,-7.334812486820462],[112.81687190442796,-7.335687115644822],[112.81812940289831,-7.337510137170291],[112.82279057739599,-7.338244263372262],[112.82442392038124,-7.339308570736844],[112.82585529084682,-7.339675633837828],[112.82585529084682,-7.341474067404381],[112.82675450763008,-7.341474067404381],[112.82697384585195,-7.342623308296074],[112.8266312,-7.3433086]],[[112.82457496070032,-7.342399628429353],[112.82480327746168,-7.340232375479037],[112.81940622047925,-7.34191313809934],[112.82281516535491,-7.342715759329725],[112.82315764049699,-7.343272500970931],[112.82457496070032,-7.342399628429353]],[[112.81085136705867,-7.341618960733717],[112.81256374276902,-7.339966298637892],[112.81056860553112,-7.339675633837828],[112.81085136705867,-7.341618960733717]],[[112.81293080587,-7.339272566939856],[112.81686312301404,-7.339675633837828],[112.8161623661849,-7.338494533668388],[112.81293080587,-7.339272566939856]],[[112.81924991131184,-7.339284860919316],[112.8222584237137,-7.339675633837828],[112.82164899358911,-7.338519121627307],[112.81924991131184,-7.339284860919316]]]],"type":"MultiPolygon"},"properties":{"Kelas":"Cukup Tinggi"}}]}