{"type":"FeatureCollection","features":[{"type":"Feature","geometry":{"coordinates":[[[[112.6003951,-7.2177781],[112.6006469,-7.2174452],[112.6007461,-7.216823],[112.6004943,-7.2162846],[112.6001434,-7.2160266],[112.5996856,-7.2160071],[112.5994338,-7.2159251],[112.59932928796142,-7.215890294981702],[112.59932928796142,-7.213471731479758],[112.59612127966018,-7.213471731479758],[112.596199,-7.2134074],[112.5966415,-7.2130502],[112.5970611,-7.2127727],[112.5974349,-7.212561],[112.5976562,-7.212468],[112.597969,-7.2124012],[112.598236,-7.2124003],[112.5984496,-7.2124523],[112.5981121,-7.2119876],[112.5960028,-7.2102298],[112.5949481,-7.2090579],[112.5944794,-7.2080033],[112.5923386,-7.207057],[112.5924454,-7.2069783],[112.5924454,-7.2066874],[112.5921631,-7.2045426],[112.5926895,-7.2023039],[112.5962296,-7.2025285],[112.5991669,-7.2032261],[112.5991693,-7.2032271],[112.6015015,-7.2041736],[112.6040792,-7.2054951],[112.6061433,-7.2065533],[112.6068039,-7.206892],[112.6103287,-7.2086592],[112.6134415,-7.209043],[112.616127,-7.2083116],[112.6187469,-7.2070814],[112.6197395,-7.2066153],[112.620903,-7.206069],[112.62178717006441,-7.205555065276925],[112.62178717006441,-7.20898015505916],[112.6172955936438,-7.20898015505916],[112.6172955936438,-7.213471731479758],[112.60382086438202,-7.213471731479758],[112.60382086438202,-7.217963307900356],[112.59996367412478,-7.217963307900356],[112.6003951,-7.2177781]]],[[[112.77007,-7.19992],[112.77017069520811,-7.199997002217965],[112.77000919194413,-7.199997002217965],[112.77000919194413,-7.199864259282113],[112.77007,-7.19992]]],[[[112.8160985,-7.2516817],[112.8174905,-7.2518958],[112.8204529,-7.2530023],[112.8234511,-7.2550724],[112.8234868,-7.2557506],[112.8232369,-7.2567499],[112.8237723,-7.2561432],[112.8246289,-7.2559647],[112.8255569,-7.2561432],[112.8266276,-7.2568213],[112.8292688,-7.2583204],[112.8306965,-7.2588201],[112.8316721,-7.2586475],[112.8325347,-7.2587368],[112.833427,-7.2591532],[112.8345572,-7.2600752],[112.8351818,-7.2609675],[112.8358956,-7.2625439],[112.8362228,-7.2645665],[112.8362228,-7.2654588],[112.8362526,-7.2660834],[112.8364013,-7.2664105],[112.8371677,-7.2672808],[112.8375672,-7.2672612],[112.8380907,-7.2674516],[112.8383762,-7.2678323],[112.8383762,-7.2684509],[112.8388045,-7.2693075],[112.8397563,-7.2702593],[112.8402798,-7.2711635],[112.8406605,-7.2718298],[112.8408509,-7.2725436],[112.8403274,-7.2734954],[112.8397087,-7.2737333],[112.839566,-7.2742092],[112.8402322,-7.2742568],[112.8404702,-7.2744948],[112.841184,-7.2743996],[112.842802,-7.2759224],[112.8431827,-7.2765411],[112.843611,-7.2777784],[112.843849,-7.2785398],[112.8433255,-7.2789681],[112.8434683,-7.2795868],[112.843849,-7.2804434],[112.8447532,-7.2807289],[112.8455622,-7.2826325],[112.8457526,-7.2842505],[112.846514,-7.2858686],[112.8467995,-7.2873914],[112.8463236,-7.289295],[112.8462285,-7.2912938],[112.84611,-7.29383],[112.84615,-7.29402],[112.8461775,-7.2951093],[112.84627,-7.29878],[112.84584,-7.29911],[112.84564,-7.29922],[112.8456,-7.29929],[112.84561,-7.2994],[112.84568,-7.29953],[112.84584,-7.29972],[112.8459,-7.29986],[112.8459,-7.29999],[112.84592,-7.30013],[112.84615,-7.30057],[112.84614,-7.30118],[112.84591,-7.30185],[112.84583,-7.30229],[112.84569,-7.30289],[112.84563,-7.30314],[112.84557,-7.3033],[112.84555,-7.30352],[112.84558,-7.30373],[112.84568,-7.30415],[112.84585,-7.30489],[112.84595,-7.30503],[112.84629,-7.30546],[112.84644,-7.3062],[112.84644,-7.307],[112.84645,-7.30731],[112.84642,-7.30764],[112.84637,-7.30774],[112.84629,-7.30775],[112.84614,-7.30775],[112.84607,-7.30783],[112.84599,-7.30792],[112.84591,-7.30792],[112.84567,-7.30791],[112.84566,-7.30798],[112.84569,-7.30806],[112.84579,-7.30816],[112.84584,-7.30826],[112.84584,-7.30841],[112.84584,-7.30894],[112.84583,-7.30917],[112.84577,-7.30937],[112.84573,-7.30955],[112.84575,-7.30966],[112.84579,-7.30978],[112.8456,-7.30999],[112.84545,-7.31021],[112.84528,-7.31065],[112.84521,-7.31064],[112.84511,-7.31062],[112.84507,-7.31068],[112.84507,-7.31079],[112.84505,-7.31095],[112.84498,-7.31116],[112.84487,-7.31131],[112.84477,-7.31138],[112.84463,-7.31145],[112.84448,-7.31155],[112.84451,-7.31165],[112.8446,-7.31173],[112.84469,-7.31182],[112.84473,-7.31204],[112.84473,-7.31243],[112.84474,-7.31254],[112.84451,-7.31315],[112.84444,-7.31317],[112.84429,-7.31314],[112.84406,-7.31312],[112.84401,-7.31316],[112.84407,-7.31326],[112.8441,-7.31337],[112.84384,-7.31349],[112.84382,-7.31357],[112.84385,-7.31378],[112.84386,-7.31387],[112.84379,-7.31405],[112.84375,-7.31419],[112.84384,-7.31433],[112.84378,-7.3144],[112.84348,-7.31465],[112.84331,-7.31469],[112.84316,-7.31474],[112.84312,-7.31482],[112.84309,-7.31499],[112.84307,-7.31578],[112.84303,-7.31593],[112.84294,-7.31603],[112.84291,-7.31617],[112.84289,-7.31636],[112.84277,-7.31656],[112.84253,-7.31697],[112.8419,-7.31773],[112.84161,-7.31801],[112.84134,-7.31824],[112.84061,-7.31871],[112.84017,-7.31894],[112.8391662,-7.3206087],[112.8382525,-7.321294],[112.83768,-7.32229],[112.83769,-7.32239],[112.83766,-7.32244],[112.83751,-7.32252],[112.8371,-7.3227],[112.83665,-7.32293],[112.83641,-7.323],[112.83592,-7.3231],[112.83587,-7.32318],[112.83579,-7.32331],[112.83572,-7.32344],[112.83565,-7.32354],[112.83556,-7.32357],[112.8339528,-7.3255721],[112.8327631,-7.3289628],[112.8321087,-7.332294],[112.8314544,-7.3335433],[112.8305845,-7.3346668],[112.8278257,-7.3380048],[112.8275283,-7.3406816],[112.8269929,-7.3425852],[112.8266312,-7.3433086],[112.8263392,-7.3431894],[112.8260439,-7.3432459],[112.82592,-7.3432855],[112.82592,-7.3432143],[112.8256835,-7.3433002],[112.825592,-7.3433283],[112.825508,-7.3433536],[112.8254241,-7.343376],[112.8253478,-7.343396],[112.8252868,-7.3434132],[112.8252257,-7.343427],[112.82518,-7.3434384],[112.8251266,-7.3434475],[112.8250808,-7.3434546],[112.825035,-7.3434604],[112.824974,-7.3434651],[112.824913,-7.343469],[112.824829,-7.3434728],[112.8247375,-7.3434761],[112.8246307,-7.3434794],[112.8245086,-7.3434828],[112.8243865,-7.3434852],[112.8242492,-7.3434866],[112.8241042,-7.3434875],[112.8239593,-7.3434871],[112.8239081089913,-7.343486429221265],[112.8239081089913,-7.325761141994698],[112.8283996854119,-7.325761141994698],[112.8283996854119,-7.280845377788721],[112.8328912618325,-7.280845377788721],[112.8328912618325,-7.271862224947527],[112.8283996854119,-7.271862224947527],[112.8283996854119,-7.262879072106332],[112.8239081089913,-7.262879072106332],[112.8239081089913,-7.258387495685734],[112.8194165325707,-7.258387495685734],[112.8194165325707,-7.253895919265136],[112.81492495615011,-7.253895919265136],[112.81492495615011,-7.252321778594983],[112.8160985,-7.2516817]]]],"type":"MultiPolygon"},"properties":{"fid":37509,"DN":1,"KELAS":"TIDAK ADA CAHAYA","CLASS":"NO LIGHTS","INTENSITAS (nW/sr/cm²)":"0 - 3"}},{"type":"Feature","geometry":{"coordinates":[[[[112.6803004,-7.3492172],[112.6800155,-7.3494576],[112.6795471,-7.3497326],[112.6792831,-7.3498877],[112.6792798,-7.3498896],[112.6792243,-7.3499222],[112.6785935,-7.3502934],[112.6783599,-7.3504308],[112.6783028,-7.3504501],[112.6777343,-7.350642],[112.6771488,-7.3508136],[112.6769306,-7.3508775],[112.6764678,-7.351013],[112.676357,-7.3510326],[112.6759276,-7.3511084],[112.6753484,-7.3512107],[112.6748046,-7.3513068],[112.6744984,-7.3513261],[112.6738289,-7.3513683],[112.6736896,-7.3513771],[112.6732711,-7.3514035],[112.6725507,-7.3513838],[112.6718293,-7.351364],[112.6718292,-7.351364],[112.6715485,-7.3513564],[112.6714731,-7.3513544],[112.671173,-7.3513464],[112.670667,-7.3513017],[112.6705985,-7.3512957],[112.6698913,-7.3512333],[112.6698028,-7.3512134],[112.6690368,-7.3510407],[112.6688156,-7.3510394],[112.6685464,-7.3510377],[112.6677017,-7.3510326],[112.6676503,-7.3510419],[112.6673175,-7.3511021],[112.6661987,-7.3513044],[112.6659774,-7.3513371],[112.6655349,-7.3514026],[112.6648068,-7.3514312],[112.6645692,-7.3514405],[112.6644668,-7.3514446],[112.6637649,-7.351404],[112.6636317,-7.3513818],[112.6631469,-7.351301],[112.6630912,-7.3513227],[112.6630905,-7.3513162],[112.6624249,-7.3513429],[112.6619544,-7.3517796],[112.6614801,-7.352334],[112.6609792,-7.3529194],[112.6609152,-7.3529942],[112.6607818,-7.353083],[112.6597976,-7.353587],[112.6596206,-7.3536414],[112.6595303,-7.3536417],[112.6589998,-7.3536437],[112.6583602,-7.354026],[112.6577197814292,-7.354953968128589],[112.6577197814292,-7.348219024097687],[112.66670293427038,-7.348219024097687],[112.66670293427038,-7.343727447677089],[112.67119451069098,-7.343727447677089],[112.67119451069098,-7.33923587125649],[112.67568608711159,-7.33923587125649],[112.67568608711159,-7.330252718415296],[112.66670293427038,-7.330252718415296],[112.66670293427038,-7.325761141994698],[112.65322820500859,-7.325761141994698],[112.65322820500859,-7.321269565574101],[112.66221135784978,-7.321269565574101],[112.66221135784978,-7.316777989153503],[112.69814396921457,-7.316777989153503],[112.69814396921457,-7.321269565574101],[112.68916081637337,-7.321269565574101],[112.68916081637337,-7.330252718415296],[112.69365239279396,-7.330252718415296],[112.69365239279396,-7.334744294835894],[112.70263554563516,-7.334744294835894],[112.70263554563516,-7.338096207483369],[112.7026137,-7.3381155],[112.701126,-7.3389395],[112.7011218,-7.3389419],[112.7006344,-7.3392212],[112.70060881866368,-7.33923587125649],[112.69814396921457,-7.33923587125649],[112.69814396921457,-7.341652584685075],[112.6980939,-7.3417013],[112.6980743,-7.3417204],[112.6977549,-7.3419418],[112.6976348,-7.3420251],[112.6970672,-7.3424185],[112.6970224,-7.3424423],[112.697003,-7.3424527],[112.6961246,-7.3429208],[112.6961179,-7.3429244],[112.6956329,-7.3431829],[112.6952292,-7.3434122],[112.6952262,-7.3434139],[112.6952245,-7.3434149],[112.6952104,-7.3434229],[112.6952073,-7.3434246],[112.6952056,-7.3434256],[112.6946944,-7.3435796],[112.6943143317838,-7.343727447677089],[112.69365239279396,-7.343727447677089],[112.69365239279396,-7.343984875499014],[112.6934906,-7.3440478],[112.6934152,-7.3440771],[112.6933898,-7.344087],[112.6927063,-7.3444112],[112.6926819,-7.3444228],[112.692414,-7.3445498],[112.6916801,-7.344898],[112.6916427,-7.3449157],[112.6916391,-7.3449171],[112.6915205,-7.3449641],[112.6914721,-7.3449833],[112.691012,-7.3451655],[112.6902389,-7.3454717],[112.689921,-7.3455653],[112.6898778,-7.345578],[112.6894936,-7.345691],[112.6887215,-7.3459183],[112.6885032,-7.3459825],[112.6879577,-7.3461431],[112.6871243,-7.3463235],[112.6863899,-7.3464826],[112.6863338,-7.3464948],[112.6863326,-7.346495],[112.6856384,-7.3466957],[112.6853594,-7.3467816],[112.6852492,-7.3468155],[112.683792,-7.3472641],[112.6828339,-7.3476332],[112.6823136,-7.3478336],[112.6821337,-7.3479193],[112.6817718,-7.3481415],[112.6817702,-7.3481425],[112.6817593,-7.3481491],[112.6815583,-7.3482707],[112.681076,-7.3485626],[112.6803004,-7.3492172]]],[[[112.8058205,-7.3460036],[112.8048387,-7.3457552],[112.8044346,-7.3457175],[112.8044094,-7.3457112],[112.804367,-7.3457006],[112.8041152,-7.345639],[112.8039169,-7.3455918],[112.8038024,-7.3455661],[112.8036956,-7.3455461],[112.8036041,-7.3455303],[112.8035277,-7.3455184],[112.8034591,-7.3455103],[112.803398,-7.3455051],[112.8033523,-7.3455017],[112.8033065,-7.3454998],[112.8032607,-7.3454984],[112.8032302,-7.3454984],[112.8031921,-7.3454984],[112.8031615,-7.3454993],[112.803131,-7.3455003],[112.8031005,-7.3455017],[112.8030471,-7.3455051],[112.8030013,-7.3455084],[112.8029708,-7.3455108],[112.8029174,-7.345516],[112.8028869,-7.3455198],[112.8028487,-7.3455241],[112.8028182,-7.3455294],[112.8027801,-7.3455356],[112.8027434,-7.3455413],[112.8027343,-7.3455427],[112.8026962,-7.3455504],[112.8026504,-7.3455585],[112.8026046,-7.345567],[112.8025665,-7.3455752],[112.8025207,-7.3455833],[112.8024971,-7.345588],[112.8024825,-7.3455909],[112.8024444,-7.345598],[112.8024139,-7.3456042],[112.8023833,-7.34561],[112.8023528,-7.3456152],[112.8023071,-7.3456224],[112.8022689,-7.3456262],[112.8022307,-7.3456257],[112.8022002,-7.3456209],[112.8021697,-7.3456104],[112.8021468,-7.3456033],[112.8021239,-7.3455947],[112.8020934,-7.3455842],[112.8020629,-7.3455723],[112.8020248,-7.3455594],[112.8019866,-7.3455451],[112.8019485,-7.3455294],[112.8019027,-7.3455132],[112.8018569,-7.3454955],[112.8018535,-7.3454942],[112.8018111,-7.3454779],[112.8017654,-7.3454593],[112.8017196,-7.3454402],[112.8016738,-7.3454216],[112.801628,-7.3454035],[112.8015899,-7.3453863],[112.8015517,-7.3453706],[112.8015136,-7.3453563],[112.8014831,-7.3453439],[112.8014525,-7.3453339],[112.8014144,-7.3453196],[112.8013686,-7.3453105],[112.8013229,-7.3453034],[112.8012924,-7.3452995],[112.8012542,-7.3452952],[112.8012161,-7.345291],[112.8011703,-7.3452862],[112.8011245,-7.3452819],[112.8010711,-7.3452776],[112.8010253,-7.3452738],[112.8009719,-7.3452709],[112.8009261,-7.345269],[112.8008727,-7.3452681],[112.8008269,-7.3452681],[112.8007888,-7.3452695],[112.800743,-7.3452714],[112.8007049,-7.3452743],[112.8006667,-7.3452776],[112.8006286,-7.3452809],[112.8005904,-7.3452852],[112.8005599,-7.3452895],[112.8005218,-7.3452943],[112.8004913,-7.3453],[112.8004531,-7.3453062],[112.800415,-7.3453143],[112.8003768,-7.3453238],[112.8003387,-7.3453353],[112.8003005,-7.3453486],[112.8002547,-7.3453644],[112.800209,-7.345382],[112.8001555,-7.3454006],[112.8001098,-7.3454197],[112.8000564,-7.3454388],[112.8000106,-7.3454564],[112.7999648,-7.3454731],[112.7999267,-7.3454874],[112.7998809,-7.3454993],[112.7998504,-7.3455084],[112.7998122,-7.3455151],[112.7997588,-7.3455232],[112.7996902,-7.3455251],[112.799652,-7.3455222],[112.7996139,-7.3455174],[112.7995834,-7.3455103],[112.7995528,-7.3455017],[112.7995299,-7.3454912],[112.7994994,-7.3454788],[112.7994766,-7.345464],[112.7994537,-7.3454464],[112.7994308,-7.3454254],[112.7994079,-7.3454002],[112.799385,-7.3453696],[112.7993621,-7.3453329],[112.7993469,-7.3453124],[112.7993316,-7.34529],[112.7993163,-7.3452671],[112.7993011,-7.3452438],[112.7992858,-7.3452209],[112.7992706,-7.3451985],[112.7992553,-7.345177],[112.7992401,-7.3451574],[112.7992095,-7.3451245],[112.799179,-7.3450979],[112.7991485,-7.345074],[112.7991297,-7.3450646],[112.7991256,-7.3450626],[112.7991027,-7.3450506],[112.7990798,-7.3450387],[112.7990569,-7.3450259],[112.7990264,-7.3450134],[112.7990035,-7.3450006],[112.798973,-7.3449882],[112.7989425,-7.3449762],[112.7989196,-7.3449653],[112.7988891,-7.3449552],[112.7988662,-7.3449462],[112.7988433,-7.3449386],[112.7988204,-7.3449314],[112.7987823,-7.3449209],[112.7987441,-7.3449133],[112.7987136,-7.3449085],[112.7986831,-7.3449062],[112.7986526,-7.3449085],[112.7986144,-7.3449171],[112.7985763,-7.3449276],[112.7985381,-7.3449429],[112.7985,-7.3449648],[112.7984771,-7.3449781],[112.7984542,-7.3449939],[112.7984313,-7.3450111],[112.7984084,-7.3450292],[112.7983855,-7.3450482],[112.7983626,-7.3450673],[112.7983398,-7.3450864],[112.7983169,-7.345105],[112.7982787,-7.3451388],[112.7982482,-7.3451675],[112.7982253,-7.3451899],[112.7982024,-7.345207],[112.7981796,-7.3452185],[112.7981567,-7.3452251],[112.7981185,-7.3452299],[112.798088,-7.3452323],[112.7980575,-7.3452347],[112.7980193,-7.3452376],[112.7979659,-7.3452414],[112.7979049,-7.3452461],[112.7978439,-7.3452509],[112.7977752,-7.3452566],[112.7977065,-7.3452628],[112.7976379,-7.3452695],[112.7975615,-7.3452757],[112.7975522,-7.3452766],[112.7974929,-7.3452824],[112.7974319,-7.3452895],[112.7973708,-7.3452957],[112.7973098,-7.3453024],[112.7973021,-7.3453034],[112.7972564,-7.3453091],[112.7972106,-7.3453153],[112.7971649,-7.3453215],[112.7971267,-7.3453277],[112.7970885,-7.3453334],[112.797058,-7.3453391],[112.7970351,-7.3453449],[112.7970122,-7.345351],[112.7969894,-7.3453572],[112.7969665,-7.3453639],[112.7969283,-7.3453801],[112.7968902,-7.3454011],[112.796852,-7.3454278],[112.7968291,-7.3454431],[112.7968062,-7.3454593],[112.7967834,-7.3454769],[112.7967605,-7.3454955],[112.7967376,-7.3455151],[112.7967147,-7.345536],[112.7966994,-7.345557],[112.7966766,-7.3455785],[112.7966613,-7.3456],[112.7966384,-7.3456205],[112.7966232,-7.34564],[112.7966079,-7.3456581],[112.7965774,-7.3456891],[112.7965469,-7.3457115],[112.796524,-7.3457277],[112.7965011,-7.3457392],[112.7964782,-7.3457473],[112.7964597,-7.3457527],[112.7964553,-7.345754],[112.7964248,-7.3457626],[112.7963943,-7.3457697],[112.7963561,-7.3457792],[112.796318,-7.3457897],[112.7962874,-7.3458007],[112.7962646,-7.3458059],[112.7962341,-7.345816],[112.7962112,-7.345825],[112.7961883,-7.3458341],[112.7961654,-7.3458522],[112.7961425,-7.3458818],[112.7961196,-7.3459161],[112.796112,-7.3459395],[112.7960967,-7.3459681],[112.7960815,-7.3460029],[112.7960586,-7.3460439],[112.7960433,-7.3460897],[112.7960204,-7.3461383],[112.7959976,-7.3461888],[112.7959823,-7.3462384],[112.7959594,-7.3462866],[112.7959441,-7.34633],[112.7959212,-7.3463681],[112.795906,-7.3463991],[112.7958984,-7.3464239],[112.7958866,-7.3464387],[112.7958831,-7.346443],[112.7958679,-7.3464673],[112.795845,-7.3464845],[112.7958221,-7.3464959],[112.7957992,-7.346505],[112.7957763,-7.3465126],[112.7957458,-7.3465174],[112.7956847,-7.3465169],[112.7956542,-7.346515],[112.7956237,-7.3465126],[112.7955856,-7.3465088],[112.7955398,-7.346504],[112.795494,-7.3464988],[112.7954406,-7.3464931],[112.7953872,-7.3464864],[112.7953338,-7.3464792],[112.7952727,-7.3464716],[112.7952117,-7.3464635],[112.7951507,-7.3464554],[112.7950897,-7.3464473],[112.7950286,-7.3464392],[112.7949676,-7.3464311],[112.7949142,-7.3464239],[112.7948607,-7.3464172],[112.7948074,-7.3464115],[112.7947616,-7.3464063],[112.7947158,-7.3464025],[112.7946777,-7.3463991],[112.7946319,-7.3463963],[112.7945937,-7.3463939],[112.7945632,-7.346392],[112.7945251,-7.3463906],[112.7944793,-7.3463891],[112.7944412,-7.3463877],[112.7943954,-7.3463863],[112.7943496,-7.3463848],[112.7943038,-7.3463839],[112.794258,-7.3463834],[112.7942046,-7.3463834],[112.7941589,-7.3463834],[112.7941054,-7.3463843],[112.7940521,-7.3463853],[112.7939986,-7.3463872],[112.7939452,-7.3463891],[112.7938918,-7.346391],[112.7938384,-7.3463925],[112.7937927,-7.3463939],[112.7937469,-7.3463944],[112.7937087,-7.3463944],[112.7936782,-7.3463929],[112.7936477,-7.346391],[112.7936172,-7.3463877],[112.793579,-7.3463782],[112.7935561,-7.346372],[112.7935332,-7.3463648],[112.7935104,-7.3463562],[112.7934875,-7.3463472],[112.7934569,-7.3463367],[112.7934264,-7.3463248],[112.7933883,-7.3463109],[112.7933501,-7.3462956],[112.7933044,-7.346278],[112.7932591,-7.3462611],[112.793251,-7.346258],[112.7931976,-7.3462356],[112.7931289,-7.3462103],[112.7930679,-7.3461826],[112.7929916,-7.3461531],[112.7929229,-7.3461226],[112.7928466,-7.3460906],[112.7927779,-7.3460587],[112.7927169,-7.3460267],[112.7926482,-7.3459952],[112.7925948,-7.3459642],[112.7925491,-7.3459342],[112.7925033,-7.3459051],[112.7924651,-7.3458756],[112.7924194,-7.3458465],[112.7923888,-7.3458169],[112.7923507,-7.3457869],[112.7923125,-7.3457563],[112.7922668,-7.3457244],[112.7922286,-7.345692],[112.7921828,-7.3456591],[112.7921371,-7.3456262],[112.7920913,-7.3455933],[112.7920531,-7.3455609],[112.7920074,-7.3455289],[112.7919692,-7.3454979],[112.7919311,-7.3454679],[112.7918929,-7.3454393],[112.7918548,-7.3454116],[112.7918243,-7.3453854],[112.7917937,-7.3453596],[112.7917709,-7.3453353],[112.7917404,-7.3453115],[112.7917175,-7.3452886],[112.7916946,-7.3452667],[112.7916717,-7.3452447],[112.7916488,-7.3452237],[112.7916259,-7.3452023],[112.791603,-7.3451808],[112.7915877,-7.3451584],[112.7915649,-7.3451355],[112.791542,-7.3451112],[112.7915191,-7.3450854],[112.7914886,-7.3450592],[112.7914657,-7.3450316],[112.7914352,-7.3450039],[112.7914046,-7.3449758],[112.7913741,-7.3449476],[112.7913436,-7.34492],[112.7913131,-7.3448933],[112.7912826,-7.3448671],[112.7912444,-7.3448423],[112.7912139,-7.3448179],[112.7911758,-7.3447946],[112.7911376,-7.3447722],[112.7910995,-7.3447502],[112.7910613,-7.3447288],[112.7910156,-7.3447078],[112.7909774,-7.3446873],[112.7909316,-7.3446668],[112.7908782,-7.3446463],[112.7908324,-7.3446263],[112.790779,-7.3446053],[112.7907256,-7.3445843],[112.7906722,-7.3445624],[112.7906188,-7.3445399],[112.7905654,-7.3445161],[112.7905044,-7.3444913],[112.7904434,-7.344466],[112.7903823,-7.3444393],[112.7903136,-7.3444117],[112.790245,-7.3443831],[112.7901763,-7.3443535],[112.7901076,-7.344323],[112.790039,-7.3442915],[112.7899627,-7.3442595],[112.7898864,-7.3442276],[112.7898178,-7.3441971],[112.7897491,-7.3441675],[112.7896804,-7.3441399],[112.7896194,-7.3441151],[112.789566,-7.3440931],[112.7895126,-7.344075],[112.7894744,-7.3440602],[112.7894362,-7.3440483],[112.7894057,-7.3440388],[112.7893752,-7.3440307],[112.7893447,-7.344024],[112.7893142,-7.3440183],[112.7892913,-7.344013],[112.7892608,-7.3440073],[112.7892303,-7.3440016],[112.7891997,-7.3439959],[112.7891693,-7.3439901],[112.7891311,-7.3439849],[112.7891006,-7.3439797],[112.7890701,-7.3439754],[112.7890319,-7.3439711],[112.7890014,-7.3439673],[112.7889632,-7.3439644],[112.7889327,-7.3439625],[112.7888946,-7.343962],[112.7888564,-7.3439625],[112.7888183,-7.3439639],[112.7887801,-7.3439673],[112.7887344,-7.343972],[112.7886886,-7.3439787],[112.7886428,-7.3439878],[112.7885894,-7.3439982],[112.788536,-7.3440111],[112.788475,-7.3440259],[112.7884063,-7.3440436],[112.7883376,-7.3440631],[112.7882938,-7.344076],[112.7882613,-7.3440855],[112.7881774,-7.3441108],[112.7880935,-7.3441375],[112.7880019,-7.3441666],[112.7879104,-7.3441971],[112.7878112,-7.3442286],[112.787712,-7.3442605],[112.7876128,-7.3442925],[112.7875136,-7.3443249],[112.7874145,-7.3443564],[112.7873077,-7.3443869],[112.7872161,-7.344416],[112.7871169,-7.3444441],[112.787033,-7.3444703],[112.7869491,-7.3444942],[112.7868728,-7.3445161],[112.7868041,-7.3445357],[112.7867507,-7.3445523],[112.7867049,-7.3445662],[112.7866668,-7.3445786],[112.7866286,-7.3445891],[112.7866057,-7.3445986],[112.7865829,-7.3446076],[112.78656,-7.3446158],[112.7865295,-7.3446339],[112.7864989,-7.3446558],[112.7864684,-7.3446854],[112.7864532,-7.3447035],[112.7864303,-7.344725],[112.7864074,-7.3447497],[112.7863845,-7.3447779],[112.7863616,-7.3448093],[112.7863311,-7.3448423],[112.7863006,-7.3448756],[112.7862701,-7.3449085],[112.7862472,-7.3449405],[112.7862167,-7.3449696],[112.7861938,-7.3449953],[112.7861709,-7.3450163],[112.7861404,-7.3450468],[112.7861098,-7.3450659],[112.7860869,-7.3450773],[112.7860564,-7.3450854],[112.7860183,-7.3450926],[112.7859725,-7.3450993],[112.785942,-7.3451026],[112.7858962,-7.3451055],[112.7858504,-7.3451078],[112.7857971,-7.3451107],[112.785736,-7.3451131],[112.785675,-7.3451155],[112.7856063,-7.3451183],[112.7855376,-7.3451212],[112.7854766,-7.345124],[112.7854156,-7.3451274],[112.7853622,-7.3451317],[112.7853164,-7.345136],[112.7852783,-7.3451417],[112.7852401,-7.3451484],[112.7852096,-7.345157],[112.7851867,-7.3451679],[112.7851562,-7.3451808],[112.7851333,-7.345197],[112.7851028,-7.3452161],[112.7850722,-7.345239],[112.7850341,-7.3452643],[112.784996,-7.3452914],[112.7849578,-7.3453196],[112.7849197,-7.3453472],[112.7848815,-7.3453744],[112.7848434,-7.3453992],[112.7848128,-7.3454211],[112.7847823,-7.3454397],[112.7847518,-7.3454545],[112.7847213,-7.3454669],[112.7846908,-7.3454765],[112.7846602,-7.3454841],[112.7846298,-7.3454903],[112.7845916,-7.345495],[112.7845534,-7.3454993],[112.7845077,-7.3455036],[112.7844619,-7.3455075],[112.7844009,-7.3455103],[112.7843398,-7.3455122],[112.7842712,-7.3455137],[112.7841949,-7.3455132],[112.7841186,-7.3455117],[112.784027,-7.3455079],[112.7839355,-7.3455027],[112.7838363,-7.345495],[112.7837371,-7.345486],[112.7836227,-7.3454746],[112.7835082,-7.3454617],[112.7833938,-7.3454474],[112.7832717,-7.3454307],[112.783142,-7.345413],[112.7830123,-7.3453935],[112.7828826,-7.3453725],[112.7827453,-7.3453506],[112.782737,-7.3453492],[112.7826079,-7.3453277],[112.7824706,-7.3453048],[112.7824459,-7.3453003],[112.7823409,-7.3452809],[112.7822036,-7.3452576],[112.7820739,-7.3452347],[112.7819442,-7.3452123],[112.7818145,-7.3451903],[112.7816924,-7.3451689],[112.7815704,-7.3451474],[112.7814483,-7.3451269],[112.7813338,-7.3451064],[112.781227,-7.3450864],[112.7811202,-7.3450669],[112.7810134,-7.3450473],[112.7809142,-7.3450278],[112.780815,-7.3450087],[112.7807235,-7.3449901],[112.7806319,-7.3449715],[112.780548,-7.3449538],[112.7804565,-7.3449362],[112.7803726,-7.3449195],[112.7803536,-7.3449161],[112.780281,-7.3449033],[112.7801971,-7.3448875],[112.7801208,-7.3448723],[112.7800368,-7.344858],[112.7799606,-7.3448437],[112.7798919,-7.3448299],[112.7798232,-7.344817],[112.7797812,-7.3448069],[112.7797698,-7.3448041],[112.7797164,-7.3447912],[112.7796706,-7.3447793],[112.7796325,-7.3447679],[112.7795944,-7.3447564],[112.7795774,-7.3447503],[112.7795638,-7.3447454],[112.7795409,-7.344735],[112.7795028,-7.3447149],[112.7794723,-7.3446964],[112.7794494,-7.3446773],[112.7794341,-7.3446563],[112.7794189,-7.3446315],[112.7794112,-7.344601],[112.779396,-7.3445624],[112.7793883,-7.344539],[112.7793883,-7.3445123],[112.7793807,-7.3444827],[112.7793731,-7.3444494],[112.7793731,-7.3444117],[112.7793731,-7.3443687],[112.7793731,-7.3443187],[112.7793731,-7.3442605],[112.7793731,-7.3441928],[112.7793731,-7.3441137],[112.7793731,-7.3440226],[112.7793807,-7.3439172],[112.7793883,-7.3437975],[112.77939244287931,-7.343727447677089],[112.78348392120591,-7.343727447677089],[112.78348392120591,-7.33923587125649],[112.79695865046772,-7.33923587125649],[112.79695865046772,-7.334744294835894],[112.8014502268883,-7.334744294835894],[112.8014502268883,-7.330252718415296],[112.80594180330891,-7.330252718415296],[112.80594180330891,-7.316777989153503],[112.8104333797295,-7.316777989153503],[112.8104333797295,-7.321269565574101],[112.81492495615011,-7.321269565574101],[112.81492495615011,-7.325761141994698],[112.8104333797295,-7.325761141994698],[112.8104333797295,-7.330252718415296],[112.81492495615011,-7.330252718415296],[112.81492495615011,-7.33923587125649],[112.8104333797295,-7.33923587125649],[112.8104333797295,-7.343727447677089],[112.80594180330891,-7.343727447677089],[112.80594180330891,-7.346003120133845],[112.8058205,-7.3460036]]],[[[112.7789916,-7.3424762],[112.7788848,-7.3424504],[112.778778,-7.3424237],[112.7786636,-7.3423961],[112.7785585,-7.3423727],[112.7785415,-7.3423689],[112.7784271,-7.3423417],[112.7783126,-7.342315],[112.7782058,-7.3422898],[112.778099,-7.3422655],[112.7779998,-7.3422426],[112.7779006,-7.3422211],[112.7778167,-7.3422015],[112.777748,-7.3421839],[112.7776794,-7.3421686],[112.777626,-7.3421553],[112.7775878,-7.3421443],[112.7775573,-7.3421353],[112.7775115,-7.3421205],[112.777481,-7.3421052],[112.7774581,-7.34209],[112.7774352,-7.3420709],[112.7774276,-7.3420432],[112.7774276,-7.342016],[112.77742,-7.3419746],[112.7774276,-7.3419469],[112.7774276,-7.3419135],[112.7774276,-7.3418735],[112.7774276,-7.3418267],[112.7774276,-7.3417733],[112.7774352,-7.3417147],[112.7774352,-7.3416522],[112.7774352,-7.341586],[112.7774429,-7.3415178],[112.7774505,-7.3414477],[112.7774505,-7.3413776],[112.7774581,-7.341308],[112.7774658,-7.3412388],[112.7774734,-7.3411702],[112.7774781,-7.3411278],[112.7771149,-7.3410974],[112.7758656,-7.3411156],[112.7756424,-7.3411188],[112.77450076836473,-7.34092845182568],[112.77450076836473,-7.33923587125649],[112.77899234478532,-7.33923587125649],[112.77899234478532,-7.342476397579513],[112.7789916,-7.3424762]]]],"type":"MultiPolygon"},"properties":{"fid":34212,"DN":4,"KELAS":"CAHAYA SEDANG","CLASS":"MEDIUM LIGHTS","INTENSITAS (nW/sr/cm²)":"10 - 20"}},{"type":"Feature","geometry":{"coordinates":[[[[112.8098354,-7.3460437],[112.8087723,-7.3457999],[112.8086411,-7.3458051],[112.8086395,-7.345804],[112.8086166,-7.3457916],[112.8085784,-7.3457745],[112.8085555,-7.3457687],[112.808525,-7.3457606],[112.8084945,-7.3457545],[112.808464,-7.3457482],[112.8084258,-7.345743],[112.80838,-7.3457382],[112.8083343,-7.3457354],[112.8083037,-7.3457344],[112.8082732,-7.3457339],[112.8082351,-7.3457334],[112.8081969,-7.3457334],[112.8081512,-7.3457334],[112.8081054,-7.3457334],[112.808052,-7.3457339],[112.8079986,-7.3457339],[112.8079375,-7.3457339],[112.8078765,-7.3457344],[112.8078155,-7.3457339],[112.8077468,-7.3457339],[112.8076781,-7.3457334],[112.8076095,-7.3457325],[112.8075332,-7.3457316],[112.8074645,-7.3457301],[112.8073959,-7.3457282],[112.8073272,-7.3457263],[112.8072585,-7.3457244],[112.8071975,-7.345723],[112.8071804,-7.3457226],[112.8071364,-7.3457215],[112.807083,-7.3457211],[112.8070373,-7.3457206],[112.8069915,-7.3457211],[112.8069534,-7.3457225],[112.8069228,-7.3457244],[112.8068923,-7.3457268],[112.8068618,-7.3457296],[112.8068237,-7.3457368],[112.8067931,-7.3457449],[112.8067626,-7.345754],[112.8067397,-7.3457649],[112.8067169,-7.345784],[112.806694,-7.3457997],[112.8066787,-7.3458198],[112.8066558,-7.3458446],[112.8066405,-7.345876],[112.8066281,-7.3459084],[112.8065677,-7.3459209],[112.8062627,-7.3459839],[112.8061744,-7.3460022],[112.80594180330891,-7.346003120133845],[112.80594180330891,-7.343727447677089],[112.8104333797295,-7.343727447677089],[112.8104333797295,-7.346180744485642],[112.8098354,-7.3460437]]]],"type":"MultiPolygon"},"properties":{"fid":34836,"DN":3,"KELAS":"CAHAYA RENDAH","CLASS":"LOW LIGHTS","INTENSITAS (nW/sr/cm²)":"5 - 10"}},{"type":"Feature","geometry":{"coordinates":[[[[112.7740487,-7.2054559],[112.7741915,-7.2062173],[112.7749064,-7.2065992],[112.775107,-7.2067113],[112.7753424,-7.2068391],[112.7754634,-7.2069063],[112.7753558,-7.2072357],[112.7752953,-7.2074172],[112.7757344,-7.20759],[112.77574,-7.20759],[112.77589,-7.20764],[112.7760128,-7.2076963],[112.776018,-7.2076963],[112.7760286,-7.2077035],[112.77613,-7.20775],[112.7762,-7.20781],[112.77625,-7.20795],[112.77634,-7.20818],[112.77636,-7.20832],[112.7763483,-7.2083825],[112.7763922,-7.2085415],[112.7763945,-7.2085501],[112.7765828,-7.2085703],[112.7766635,-7.2085703],[112.7767643,-7.2082005],[112.776845,-7.2079719],[112.776966,-7.2077904],[112.7769996,-7.2077366],[112.777341,-7.2079023],[112.77808,-7.20808],[112.77853,-7.20823],[112.77908,-7.20837],[112.7795,-7.20849],[112.7800197,-7.2086608],[112.7802972,-7.2087586],[112.7803685,-7.2089585],[112.7803257,-7.209244],[112.7802829,-7.2098436],[112.7810253,-7.2101434],[112.7817534,-7.2105003],[112.7819961,-7.2107716],[112.7821103,-7.2113427],[112.782453,-7.2129988],[112.7825386,-7.2132558],[112.783024,-7.2135841],[112.7834666,-7.214041],[112.78348392120591,-7.214054542394692],[112.78348392120591,-7.217963307900356],[112.77899234478532,-7.217963307900356],[112.77899234478532,-7.20898015505916],[112.76551761552354,-7.20898015505916],[112.76551761552354,-7.204488578638563],[112.774206630827,-7.204488578638563],[112.7740487,-7.2054559]]]],"type":"MultiPolygon"},"properties":{"fid":33427,"DN":4,"KELAS":"CAHAYA SEDANG","CLASS":"MEDIUM LIGHTS","INTENSITAS (nW/sr/cm²)":"10 - 20"}},{"type":"Feature","geometry":{"coordinates":[[[[112.7842518,-7.2146549],[112.7845346,-7.2159191],[112.78483,-7.21715],[112.78487,-7.21723],[112.78499,-7.21732],[112.78518,-7.21739],[112.78524,-7.21743],[112.78531,-7.21759],[112.78543443596679,-7.217963307900356],[112.78348392120591,-7.217963307900356],[112.78348392120591,-7.214054542394692],[112.7842518,-7.2146549]]]],"type":"MultiPolygon"},"properties":{"fid":33459,"DN":3,"KELAS":"CAHAYA RENDAH","CLASS":"LOW LIGHTS","INTENSITAS (nW/sr/cm²)":"5 - 10"}},{"type":"Feature","geometry":{"coordinates":[[[[112.8059904,-7.2517562],[112.8061333,-7.2517055],[112.8062761,-7.2516778],[112.8064373,-7.2516825],[112.8066585,-7.2517562],[112.8067691,-7.2518391],[112.8069142,-7.2520027],[112.8070248,-7.2521639],[112.8070502,-7.2524105],[112.8070545,-7.2524236],[112.8070359,-7.2525126],[112.80703,-7.25252],[112.80699,-7.25268],[112.80687,-7.25289],[112.8067,-7.25308],[112.8065,-7.25318],[112.80633,-7.25327],[112.8064,-7.25387],[112.80640239254755,-7.253895919265136],[112.80594180330891,-7.253895919265136],[112.80594180330891,-7.251776315247135],[112.8059904,-7.2517562]]],[[[112.8104467,-7.2563912],[112.8107333,-7.2566426],[112.8108481,-7.2571525],[112.8108744,-7.2572693],[112.8109448,-7.2571834],[112.8128506,-7.2548583],[112.8149207,-7.2523241],[112.81492495615011,-7.252321778594983],[112.81492495615011,-7.253895919265136],[112.8194165325707,-7.253895919265136],[112.8194165325707,-7.258387495685734],[112.8104333797295,-7.258387495685734],[112.8104333797295,-7.256328542252014],[112.8104467,-7.2563912]]]],"type":"MultiPolygon"},"properties":{"fid":33479,"DN":2,"KELAS":"CAHAYA SANGAT RENDAH","CLASS":"VERY LOW LIGHTS","INTENSITAS (nW/sr/cm²)":"3 - 5"}},{"type":"Feature","geometry":{"coordinates":[[[[112.7881234,-7.2231037],[112.7883045,-7.223828],[112.78834,-7.22397],[112.7883907,-7.224202],[112.78841,-7.22429],[112.78855,-7.22509],[112.78867,-7.22559],[112.78873,-7.22576],[112.78883,-7.22585],[112.78967,-7.22611],[112.79053,-7.22648],[112.79082,-7.22664],[112.7909876,-7.2267406],[112.79127,-7.22691],[112.79130314612868,-7.226946460741551],[112.78797549762652,-7.226946460741551],[112.78797549762652,-7.222511998067109],[112.7881234,-7.2231037]]]],"type":"MultiPolygon"},"properties":{"fid":33485,"DN":3,"KELAS":"CAHAYA RENDAH","CLASS":"LOW LIGHTS","INTENSITAS (nW/sr/cm²)":"5 - 10"}},{"type":"Feature","geometry":{"coordinates":[[[[112.79251,-7.2297],[112.79279,-7.23025],[112.79294,-7.23059],[112.7929821,-7.2306657],[112.79299,-7.23068],[112.7930004,-7.2306846],[112.7937871,-7.2305885],[112.79403332351004,-7.231438037162149],[112.79246707404712,-7.231438037162149],[112.79246707404712,-7.22961057093152],[112.79251,-7.2297]]]],"type":"MultiPolygon"},"properties":{"fid":33507,"DN":3,"KELAS":"CAHAYA RENDAH","CLASS":"LOW LIGHTS","INTENSITAS (nW/sr/cm²)":"5 - 10"}},{"type":"Feature","geometry":{"coordinates":[[[[112.7970414,-7.2394703],[112.797227,-7.2399414],[112.7975554,-7.2405268],[112.7986178,-7.2402222],[112.7993114,-7.2417117],[112.7994739,-7.2416727],[112.7995108,-7.2417559],[112.799736,-7.2422628],[112.7997451,-7.2422876],[112.7998189,-7.2424885],[112.799822,-7.2424959],[112.8008533,-7.2423256],[112.8012453,-7.2423748],[112.8012673,-7.2426397],[112.8008819,-7.2427968],[112.8010104,-7.2434249],[112.8011246,-7.2434392],[112.801196,-7.2438104],[112.8010818,-7.2438533],[112.8013245,-7.2449097],[112.8018948,-7.2447932],[112.8020074,-7.2452022],[112.802194,-7.2459601],[112.80159,-7.2461175],[112.801718,-7.246705],[112.8021433,-7.2468908],[112.8026778,-7.2467434],[112.8027238,-7.2467342],[112.802922,-7.2473562],[112.802452,-7.247499],[112.8027607,-7.2484896],[112.8031638,-7.2487821],[112.8038181,-7.2494502],[112.8039296,-7.2496955],[112.80395,-7.24972],[112.80396,-7.24982],[112.80397,-7.24994],[112.80398,-7.25],[112.80405,-7.25094],[112.80408,-7.25142],[112.80409,-7.2515],[112.80408,-7.2519],[112.8040888,-7.2519619],[112.8057186,-7.2519128],[112.8058568,-7.2518115],[112.80594180330891,-7.251776315247135],[112.80594180330891,-7.253895919265136],[112.80640239254755,-7.253895919265136],[112.80646,-7.25452],[112.80648,-7.25472],[112.80654,-7.25534],[112.8065482,-7.2556676],[112.8065485,-7.2556796],[112.8100228,-7.2543972],[112.8104333797295,-7.256328542252014],[112.8104333797295,-7.258387495685734],[112.8014502268883,-7.258387495685734],[112.8014502268883,-7.244912766423941],[112.79695865046772,-7.244912766423941],[112.79695865046772,-7.238957134779989],[112.7970414,-7.2394703]]]],"type":"MultiPolygon"},"properties":{"fid":33516,"DN":3,"KELAS":"CAHAYA RENDAH","CLASS":"LOW LIGHTS","INTENSITAS (nW/sr/cm²)":"5 - 10"}},{"type":"Feature","geometry":{"coordinates":[[[[112.78546,-7.21804],[112.78551,-7.21814],[112.78575,-7.21827],[112.78643,-7.21867],[112.78699,-7.21901],[112.78738,-7.21926],[112.78749,-7.21956],[112.7875,-7.21991],[112.78749,-7.2205],[112.7876519,-7.2211477],[112.78766,-7.22118],[112.7878,-7.22178],[112.7878173,-7.2218543],[112.7879,-7.22221],[112.7879634,-7.2224636],[112.78797549762652,-7.222511998067109],[112.78797549762652,-7.226946460741551],[112.79130314612868,-7.226946460741551],[112.79137,-7.22702],[112.7916,-7.22754],[112.79227,-7.2292],[112.79246707404712,-7.22961057093152],[112.79246707404712,-7.231438037162149],[112.79403332351004,-7.231438037162149],[112.7942717,-7.2322605],[112.7943859,-7.2323319],[112.7945144,-7.2323462],[112.7945858,-7.2324461],[112.794543,-7.232646],[112.7946287,-7.2328601],[112.7948986,-7.2327434],[112.7957714,-7.2351198],[112.7952854,-7.2352586],[112.7952854,-7.2354442],[112.795371,-7.2357583],[112.7956709,-7.2365007],[112.795628,-7.2366292],[112.7957851,-7.2372574],[112.7959564,-7.2372574],[112.7960563,-7.237857],[112.7960706,-7.2379998],[112.7961991,-7.2384852],[112.7965823,-7.2386703],[112.7969153,-7.2386883],[112.79695865046772,-7.238957134779989],[112.79695865046772,-7.244912766423941],[112.8014502268883,-7.244912766423941],[112.8014502268883,-7.258387495685734],[112.81492495615011,-7.258387495685734],[112.81492495615011,-7.267370648526929],[112.8194165325707,-7.267370648526929],[112.8194165325707,-7.271862224947527],[112.8104333797295,-7.271862224947527],[112.8104333797295,-7.262879072106332],[112.79695865046772,-7.262879072106332],[112.79695865046772,-7.258387495685734],[112.79246707404712,-7.258387495685734],[112.79246707404712,-7.253895919265136],[112.78797549762652,-7.253895919265136],[112.78797549762652,-7.24940434284454],[112.78348392120591,-7.24940434284454],[112.78348392120591,-7.217963307900356],[112.78543443596679,-7.217963307900356],[112.78546,-7.21804]]]],"type":"MultiPolygon"},"properties":{"fid":33567,"DN":4,"KELAS":"CAHAYA SEDANG","CLASS":"MEDIUM LIGHTS","INTENSITAS (nW/sr/cm²)":"10 - 20"}},{"type":"Feature","geometry":{"coordinates":[[[[112.81492495615011,-7.258387495685734],[112.8194165325707,-7.258387495685734],[112.8194165325707,-7.267370648526929],[112.81492495615011,-7.267370648526929],[112.81492495615011,-7.258387495685734]]]],"type":"MultiPolygon"},"properties":{"fid":33581,"DN":3,"KELAS":"CAHAYA RENDAH","CLASS":"LOW LIGHTS","INTENSITAS (nW/sr/cm²)":"5 - 10"}},{"type":"Feature","geometry":{"coordinates":[[[[112.8194165325707,-7.258387495685734],[112.8239081089913,-7.258387495685734],[112.8239081089913,-7.262879072106332],[112.8283996854119,-7.262879072106332],[112.8283996854119,-7.271862224947527],[112.8239081089913,-7.271862224947527],[112.8239081089913,-7.267370648526929],[112.8194165325707,-7.267370648526929],[112.8194165325707,-7.258387495685734]]]],"type":"MultiPolygon"},"properties":{"fid":33582,"DN":2,"KELAS":"CAHAYA SANGAT RENDAH","CLASS":"VERY LOW LIGHTS","INTENSITAS (nW/sr/cm²)":"3 - 5"}},{"type":"Feature","geometry":{"coordinates":[[[[112.8194165325707,-7.267370648526929],[112.8239081089913,-7.267370648526929],[112.8239081089913,-7.271862224947527],[112.8194165325707,-7.271862224947527],[112.8194165325707,-7.267370648526929]]]],"type":"MultiPolygon"},"properties":{"fid":33597,"DN":3,"KELAS":"CAHAYA RENDAH","CLASS":"LOW LIGHTS","INTENSITAS (nW/sr/cm²)":"5 - 10"}},{"type":"Feature","geometry":{"coordinates":[[[[112.8194165325707,-7.271862224947527],[112.8239081089913,-7.271862224947527],[112.8239081089913,-7.276353801368125],[112.8194165325707,-7.276353801368125],[112.8194165325707,-7.271862224947527]]]],"type":"MultiPolygon"},"properties":{"fid":33602,"DN":4,"KELAS":"CAHAYA SEDANG","CLASS":"MEDIUM LIGHTS","INTENSITAS (nW/sr/cm²)":"10 - 20"}},{"type":"Feature","geometry":{"coordinates":[[[[112.8239081089913,-7.271862224947527],[112.8283996854119,-7.271862224947527],[112.8283996854119,-7.276353801368125],[112.8239081089913,-7.276353801368125],[112.8239081089913,-7.271862224947527]]]],"type":"MultiPolygon"},"properties":{"fid":33603,"DN":3,"KELAS":"CAHAYA RENDAH","CLASS":"LOW LIGHTS","INTENSITAS (nW/sr/cm²)":"5 - 10"}},{"type":"Feature","geometry":{"coordinates":[[[[112.8194165325707,-7.276353801368125],[112.8239081089913,-7.276353801368125],[112.8239081089913,-7.294320107050514],[112.8194165325707,-7.294320107050514],[112.8194165325707,-7.276353801368125]]]],"type":"MultiPolygon"},"properties":{"fid":33609,"DN":3,"KELAS":"CAHAYA RENDAH","CLASS":"LOW LIGHTS","INTENSITAS (nW/sr/cm²)":"5 - 10"}},{"type":"Feature","geometry":{"coordinates":[[[[112.81492495615011,-7.276353801368125],[112.8194165325707,-7.276353801368125],[112.8194165325707,-7.294320107050514],[112.8104333797295,-7.294320107050514],[112.8104333797295,-7.312286412732905],[112.80594180330891,-7.312286412732905],[112.80594180330891,-7.316777989153503],[112.8014502268883,-7.316777989153503],[112.8014502268883,-7.298811683471112],[112.79246707404712,-7.298811683471112],[112.79246707404712,-7.289828530629918],[112.79695865046772,-7.289828530629918],[112.79695865046772,-7.28533695420932],[112.80594180330891,-7.28533695420932],[112.80594180330891,-7.280845377788721],[112.81492495615011,-7.280845377788721],[112.81492495615011,-7.276353801368125]]]],"type":"MultiPolygon"},"properties":{"fid":33629,"DN":4,"KELAS":"CAHAYA SEDANG","CLASS":"MEDIUM LIGHTS","INTENSITAS (nW/sr/cm²)":"10 - 20"}},{"type":"Feature","geometry":{"coordinates":[[[[112.8104333797295,-7.294320107050514],[112.8194165325707,-7.294320107050514],[112.8194165325707,-7.312286412732905],[112.8239081089913,-7.312286412732905],[112.8239081089913,-7.316777989153503],[112.81492495615011,-7.316777989153503],[112.81492495615011,-7.321269565574101],[112.8104333797295,-7.321269565574101],[112.8104333797295,-7.316777989153503],[112.80594180330891,-7.316777989153503],[112.80594180330891,-7.312286412732905],[112.8104333797295,-7.312286412732905],[112.8104333797295,-7.294320107050514]]]],"type":"MultiPolygon"},"properties":{"fid":33681,"DN":3,"KELAS":"CAHAYA RENDAH","CLASS":"LOW LIGHTS","INTENSITAS (nW/sr/cm²)":"5 - 10"}},{"type":"Feature","geometry":{"coordinates":[[[[112.6436539,-7.1980839],[112.6463623,-7.1979337],[112.6467308,-7.1978793],[112.6485748,-7.197607],[112.6512833,-7.1969647],[112.6541789,-7.1961316],[112.6544571,-7.1960516],[112.6577197814292,-7.196261131269726],[112.6577197814292,-7.199997002217965],[112.65322820500859,-7.199997002217965],[112.65322820500859,-7.204488578638563],[112.648736628588,-7.204488578638563],[112.648736628588,-7.199997002217965],[112.6397534757468,-7.199997002217965],[112.6397534757468,-7.1987208798459],[112.6436539,-7.1980839]]],[[[112.6591492,-7.1951499],[112.6598439,-7.1943423],[112.660347,-7.1937575],[112.6610288,-7.1933075],[112.6631613,-7.1935178],[112.6635877,-7.1936571],[112.6638732,-7.1938998],[112.6640017,-7.1943138],[112.6638709,-7.1952543],[112.66388773759752,-7.195505425797367],[112.65915595927004,-7.195505425797367],[112.6591492,-7.1951499]]],[[[112.66602,-7.19385],[112.66605,-7.19418],[112.66604,-7.19448],[112.66603,-7.19467],[112.66614,-7.19524],[112.6661556132822,-7.195505425797367],[112.66437242248759,-7.195505425797367],[112.664449,-7.1941474],[112.6644113,-7.1940043],[112.6642675,-7.1937472],[112.6635847,-7.1931386],[112.6640367,-7.1927036],[112.6646082,-7.1922857],[112.6649582,-7.1921009],[112.6652438,-7.1921295],[112.6654579,-7.1923865],[112.6657431,-7.1933147],[112.66584,-7.19348],[112.66602,-7.19385]]]],"type":"MultiPolygon"},"properties":{"fid":33310,"DN":4,"KELAS":"CAHAYA SEDANG","CLASS":"MEDIUM LIGHTS","INTENSITAS (nW/sr/cm²)":"10 - 20"}},{"type":"Feature","geometry":{"coordinates":[[[[112.6242065,-7.2041488],[112.6256814,-7.2033173],[112.62571,-7.2033012],[112.62883,-7.2015424],[112.6310086,-7.2008487],[112.6336835993642,-7.199997002217965],[112.6352618993262,-7.199997002217965],[112.6352618993262,-7.204488578638563],[112.6397534757468,-7.204488578638563],[112.6397534757468,-7.213471731479758],[112.6352618993262,-7.213471731479758],[112.6352618993262,-7.222454884320952],[112.6307703229056,-7.222454884320952],[112.6307703229056,-7.213471731479758],[112.6172955936438,-7.213471731479758],[112.6172955936438,-7.20898015505916],[112.62178717006441,-7.20898015505916],[112.62178717006441,-7.205555065276925],[112.6242065,-7.2041488]]]],"type":"MultiPolygon"},"properties":{"fid":33441,"DN":2,"KELAS":"CAHAYA SANGAT RENDAH","CLASS":"VERY LOW LIGHTS","INTENSITAS (nW/sr/cm²)":"3 - 5"}},{"type":"Feature","geometry":{"coordinates":[[[[112.60382086438202,-7.213471731479758],[112.6172955936438,-7.213471731479758],[112.6172955936438,-7.217963307900356],[112.60382086438202,-7.217963307900356],[112.60382086438202,-7.213471731479758]]]],"type":"MultiPolygon"},"properties":{"fid":33458,"DN":2,"KELAS":"CAHAYA SANGAT RENDAH","CLASS":"VERY LOW LIGHTS","INTENSITAS (nW/sr/cm²)":"3 - 5"}},{"type":"Feature","geometry":{"coordinates":[[[[112.60382086438202,-7.217963307900356],[112.6172955936438,-7.217963307900356],[112.6172955936438,-7.222454884320952],[112.60382086438202,-7.222454884320952],[112.60382086438202,-7.217963307900356]]]],"type":"MultiPolygon"},"properties":{"fid":33472,"DN":3,"KELAS":"CAHAYA RENDAH","CLASS":"LOW LIGHTS","INTENSITAS (nW/sr/cm²)":"5 - 10"}},{"type":"Feature","geometry":{"coordinates":[[[[112.64424505216739,-7.226946460741551],[112.648736628588,-7.226946460741551],[112.648736628588,-7.231438037162149],[112.65322820500859,-7.231438037162149],[112.65322820500859,-7.235929613582747],[112.64424505216739,-7.235929613582747],[112.64424505216739,-7.226946460741551]]]],"type":"MultiPolygon"},"properties":{"fid":33506,"DN":2,"KELAS":"CAHAYA SANGAT RENDAH","CLASS":"VERY LOW LIGHTS","INTENSITAS (nW/sr/cm²)":"3 - 5"}},{"type":"Feature","geometry":{"coordinates":[[[[112.6352618993262,-7.235929613582747],[112.6397534757468,-7.235929613582747],[112.6397534757468,-7.240421190003343],[112.648736628588,-7.240421190003343],[112.648736628588,-7.244912766423941],[112.6352618993262,-7.244912766423941],[112.6352618993262,-7.235929613582747]]]],"type":"MultiPolygon"},"properties":{"fid":33526,"DN":4,"KELAS":"CAHAYA SEDANG","CLASS":"MEDIUM LIGHTS","INTENSITAS (nW/sr/cm²)":"10 - 20"}},{"type":"Feature","geometry":{"coordinates":[[[[112.66670293427038,-7.240421190003343],[112.67119451069098,-7.240421190003343],[112.67119451069098,-7.244912766423941],[112.66670293427038,-7.244912766423941],[112.66670293427038,-7.240421190003343]]]],"type":"MultiPolygon"},"properties":{"fid":33536,"DN":5,"KELAS":"CAHAYA TINGGI","CLASS":"HIGH LIGHTS","INTENSITAS (nW/sr/cm²)":"≥20"}},{"type":"Feature","geometry":{"coordinates":[[[[112.6769865,-7.1908817],[112.67751,-7.1903582],[112.6778431,-7.1905486],[112.6781287,-7.1903582],[112.6786045,-7.1907865],[112.67844212708877,-7.191013849376771],[112.67666348533145,-7.191013849376771],[112.6769865,-7.1908817]]],[[[112.6802702,-7.1924521],[112.6804129,-7.1928328],[112.6808412,-7.1930708],[112.6816978,-7.1936895],[112.6824117,-7.1949744],[112.68235268335756,-7.195505425797367],[112.68017766353218,-7.195505425797367],[112.68017766353218,-7.192371133629023],[112.6802702,-7.1924521]]]],"type":"MultiPolygon"},"properties":{"fid":33323,"DN":4,"KELAS":"CAHAYA SEDANG","CLASS":"MEDIUM LIGHTS","INTENSITAS (nW/sr/cm²)":"10 - 20"}},{"type":"Feature","geometry":{"coordinates":[[[[112.6720372,-7.1999712],[112.6734649,-7.1982104],[112.6741788,-7.1977345],[112.67568608711159,-7.195932310385156],[112.67568608711159,-7.197222596120667],[112.6738932,-7.1989243],[112.67287361400545,-7.199997002217965],[112.67200987962929,-7.199997002217965],[112.6720372,-7.1999712]]],[[[112.6755112,-7.1945936],[112.6752257,-7.1941653],[112.6750829,-7.1934991],[112.6751781,-7.1924521],[112.6752733,-7.1918811],[112.67568608711159,-7.191527291326093],[112.67568608711159,-7.194807310090834],[112.6755112,-7.1945936]]]],"type":"MultiPolygon"},"properties":{"fid":33353,"DN":4,"KELAS":"CAHAYA SEDANG","CLASS":"MEDIUM LIGHTS","INTENSITAS (nW/sr/cm²)":"10 - 20"}},{"type":"Feature","geometry":{"coordinates":[[[[112.6763679,-7.1951171],[112.6759396,-7.1951171],[112.67568608711159,-7.194807310090834],[112.67568608711159,-7.191527291326093],[112.6759396,-7.19131],[112.67666348533145,-7.191013849376771],[112.67844212708877,-7.191013849376771],[112.6783666,-7.1911196],[112.679128,-7.1918811],[112.6798895,-7.192119],[112.68017766353218,-7.192371133629023],[112.68017766353218,-7.195505425797367],[112.68235268335756,-7.195505425797367],[112.6823165,-7.195831],[112.6827448,-7.1964972],[112.6814123,-7.1984008],[112.6804129,-7.1991622],[112.6776528,-7.1970683],[112.676701,-7.1962593],[112.67568608711159,-7.197222596120667],[112.67568608711159,-7.195932310385156],[112.6763679,-7.1951171]]]],"type":"MultiPolygon"},"properties":{"fid":33354,"DN":5,"KELAS":"CAHAYA TINGGI","CLASS":"HIGH LIGHTS","INTENSITAS (nW/sr/cm²)":"≥20"}},{"type":"Feature","geometry":{"coordinates":[[[[112.7616561,-7.1957935],[112.7618256,-7.1958096],[112.7621513,-7.1957252],[112.7625611,-7.1957423],[112.7630393,-7.1958106],[112.7636199,-7.1959301],[112.7639577,-7.1960325],[112.7639614,-7.1960326],[112.7647982,-7.1962546],[112.7652763,-7.1964936],[112.7655017,-7.1966726],[112.76552,-7.19668],[112.76582,-7.19682],[112.76598,-7.19695],[112.76627,-7.19714],[112.76658,-7.19737],[112.76706,-7.19777],[112.76769,-7.19825],[112.76799,-7.19844],[112.76827,-7.19854],[112.76865,-7.19873],[112.76958,-7.19945],[112.76983,-7.1997],[112.77000919194413,-7.199864259282113],[112.77000919194413,-7.199997002217965],[112.76102603910293,-7.199997002217965],[112.76102603910293,-7.19576345526676],[112.7616561,-7.1957935]]]],"type":"MultiPolygon"},"properties":{"fid":33355,"DN":2,"KELAS":"CAHAYA SANGAT RENDAH","CLASS":"VERY LOW LIGHTS","INTENSITAS (nW/sr/cm²)":"3 - 5"}},{"type":"Feature","geometry":{"coordinates":[[[[112.73941,-7.19504],[112.7401445,-7.1949176],[112.74061,-7.19484],[112.74332,-7.19434],[112.74335,-7.19444],[112.74323,-7.19447],[112.74329,-7.19467],[112.7433554,-7.1947231],[112.74345,-7.1948],[112.74351,-7.19482],[112.74388,-7.1948],[112.7444177,-7.1947173],[112.74453,-7.1947],[112.74494,-7.19464],[112.7453,-7.19461],[112.74551,-7.19458],[112.74614,-7.19446],[112.74762,-7.19423],[112.74768,-7.19427],[112.74781,-7.19433],[112.74796,-7.19441],[112.74817,-7.19462],[112.74815,-7.19489],[112.74852,-7.19509],[112.74865,-7.1952],[112.74777,-7.19545],[112.74744,-7.19548],[112.74732812649158,-7.195505425797367],[112.73774162752636,-7.195505425797367],[112.73941,-7.19504]]],[[[112.74778,-7.19751],[112.74788,-7.19749],[112.74798,-7.19743],[112.74808,-7.1974],[112.74838,-7.19742],[112.74855,-7.19748],[112.74931,-7.19797],[112.74966,-7.19821],[112.74982,-7.19824],[112.74992,-7.19836],[112.75,-7.19846],[112.75018,-7.19867],[112.75094,-7.19909],[112.7511,-7.19923],[112.75136,-7.19955],[112.75159,-7.19972],[112.75182,-7.19987],[112.75204,-7.1999],[112.75242,-7.19988],[112.75334,-7.19983],[112.75408,-7.19967],[112.75441,-7.19943],[112.75475,-7.19921],[112.75522,-7.19894],[112.75578,-7.19856],[112.75613,-7.19836],[112.75669,-7.19801],[112.7569,-7.19786],[112.7569909,-7.1977691],[112.75706,-7.1977],[112.7570673,-7.1976318],[112.7570795,-7.1975182],[112.7572845,-7.1972621],[112.7575577,-7.1970913],[112.7581041,-7.1967156],[112.7585994,-7.1964936],[112.7588555,-7.1962887],[112.7593507,-7.1961009],[112.7599655,-7.195896],[112.7604095,-7.1958276],[112.7609389,-7.1957593],[112.76102603910293,-7.19576345526676],[112.76102603910293,-7.199997002217965],[112.77017069520811,-7.199997002217965],[112.77024,-7.20005],[112.77039,-7.20015],[112.77061,-7.20031],[112.77084,-7.20046],[112.7718679,-7.2012239],[112.7723717,-7.2016935],[112.7725424,-7.2021033],[112.7724902,-7.2021793],[112.7727959,-7.2022521],[112.7727959,-7.2028438],[112.7744472,-7.2030151],[112.774206630827,-7.204488578638563],[112.76551761552354,-7.204488578638563],[112.76551761552354,-7.20898015505916],[112.74755130984114,-7.20898015505916],[112.74755130984114,-7.197442239952929],[112.74778,-7.19751]]]],"type":"MultiPolygon"},"properties":{"fid":33379,"DN":3,"KELAS":"CAHAYA RENDAH","CLASS":"LOW LIGHTS","INTENSITAS (nW/sr/cm²)":"5 - 10"}},{"type":"Feature","geometry":{"coordinates":[[[[112.73428,-7.1962],[112.73493,-7.1961],[112.73574,-7.19597],[112.73708,-7.19569],[112.73774162752636,-7.195505425797367],[112.74732812649158,-7.195505425797367],[112.74678,-7.19563],[112.74683,-7.1957],[112.74682,-7.1958],[112.74651,-7.19597],[112.74635,-7.19606],[112.74612,-7.19614],[112.7461,-7.19622],[112.74612,-7.19635],[112.74619,-7.1965],[112.74615,-7.19664],[112.74612,-7.19674],[112.74616,-7.19679],[112.74627,-7.19681],[112.74641,-7.19687],[112.74751,-7.19743],[112.74755130984114,-7.197442239952929],[112.74755130984114,-7.20898015505916],[112.76551761552354,-7.20898015505916],[112.76551761552354,-7.213471731479758],[112.75204288626173,-7.213471731479758],[112.75204288626173,-7.217963307900356],[112.74305973342055,-7.217963307900356],[112.74305973342055,-7.213471731479758],[112.73856815699995,-7.213471731479758],[112.73856815699995,-7.199997002217965],[112.73407658057934,-7.199997002217965],[112.73407658057934,-7.196234253974486],[112.73428,-7.1962]]]],"type":"MultiPolygon"},"properties":{"fid":33382,"DN":4,"KELAS":"CAHAYA SEDANG","CLASS":"MEDIUM LIGHTS","INTENSITAS (nW/sr/cm²)":"10 - 20"}},{"type":"Feature","geometry":{"coordinates":[[[[112.667042,-7.216587],[112.6674036,-7.216568],[112.6678224,-7.21712],[112.66837437603068,-7.217963307900356],[112.66670293427038,-7.217963307900356],[112.66670293427038,-7.216805952173155],[112.667042,-7.216587]]]],"type":"MultiPolygon"},"properties":{"fid":33442,"DN":2,"KELAS":"CAHAYA SANGAT RENDAH","CLASS":"VERY LOW LIGHTS","INTENSITAS (nW/sr/cm²)":"3 - 5"}},{"type":"Feature","geometry":{"coordinates":[[[[112.634819,-7.1996355],[112.6371267,-7.1992069],[112.6396713,-7.1987343],[112.6397534757468,-7.1987208798459],[112.6397534757468,-7.199997002217965],[112.648736628588,-7.199997002217965],[112.648736628588,-7.204488578638563],[112.65322820500859,-7.204488578638563],[112.65322820500859,-7.199997002217965],[112.6577197814292,-7.199997002217965],[112.6577197814292,-7.196261131269726],[112.6591721,-7.1963544],[112.65915595927004,-7.195505425797367],[112.66388773759752,-7.195505425797367],[112.663947,-7.1963893],[112.6639075,-7.1969275],[112.6643431,-7.1976451],[112.6649083,-7.1983292],[112.6652057,-7.1987158],[112.663897,-7.2000543],[112.6644026,-7.2006491],[112.663897,-7.2011548],[112.6621421,-7.2016901],[112.6623206,-7.2033855],[112.6620827,-7.2035342],[112.6617555,-7.2034153],[112.6609822,-7.2035342],[112.66079,-7.20467],[112.66088,-7.20478],[112.6609,-7.20486],[112.6608,-7.20534],[112.66051,-7.20569],[112.66039,-7.20587],[112.66027,-7.20617],[112.66016,-7.20665],[112.66003,-7.20714],[112.66,-7.20735],[112.66002,-7.20769],[112.66005,-7.20779],[112.66013,-7.20786],[112.6603391,-7.2078665],[112.66045,-7.20787],[112.66068,-7.20781],[112.66092,-7.20774],[112.66104,-7.20773],[112.66135,-7.20784],[112.66154,-7.20795],[112.6621,-7.20853],[112.66222,-7.20869],[112.66238,-7.20911],[112.6627163,-7.2096587],[112.6676769,-7.2046211],[112.6674211,-7.2044446],[112.6673735,-7.2027314],[112.6702288,-7.1999712],[112.6711806,-7.2007802],[112.67200987962929,-7.199997002217965],[112.67287361400545,-7.199997002217965],[112.6693247,-7.2037308],[112.6692771,-7.2039211],[112.6701337,-7.2047777],[112.6691819,-7.2056819],[112.667897,-7.2048729],[112.66293,-7.20999],[112.66341,-7.21094],[112.66354,-7.21123],[112.66368,-7.21152],[112.66372,-7.21166],[112.66383,-7.21206],[112.66394,-7.21232],[112.66404,-7.21243],[112.66442,-7.21292],[112.66456,-7.21334],[112.66461,-7.21348],[112.66489,-7.2137],[112.66512,-7.21393],[112.66529,-7.21409],[112.66541,-7.21418],[112.6656,-7.21465],[112.66566,-7.21489],[112.66572,-7.21521],[112.66583,-7.21534],[112.66629,-7.21581],[112.66649,-7.2159],[112.66649,-7.21597],[112.66636,-7.21611],[112.6660902,-7.2163586],[112.6660902,-7.2166822],[112.6661282,-7.2168535],[112.6660902,-7.2171771],[112.6664571,-7.2169647],[112.66670293427038,-7.216805952173155],[112.66670293427038,-7.217963307900356],[112.66221135784978,-7.217963307900356],[112.66221135784978,-7.213471731479758],[112.6577197814292,-7.213471731479758],[112.6577197814292,-7.20898015505916],[112.65322820500859,-7.20898015505916],[112.65322820500859,-7.226946460741551],[112.6577197814292,-7.226946460741551],[112.6577197814292,-7.231438037162149],[112.66670293427038,-7.231438037162149],[112.66670293427038,-7.235929613582747],[112.66221135784978,-7.235929613582747],[112.66221135784978,-7.24940434284454],[112.65322820500859,-7.24940434284454],[112.65322820500859,-7.244912766423941],[112.648736628588,-7.244912766423941],[112.648736628588,-7.240421190003343],[112.6397534757468,-7.240421190003343],[112.6397534757468,-7.235929613582747],[112.6352618993262,-7.235929613582747],[112.6352618993262,-7.231438037162149],[112.62627874648501,-7.231438037162149],[112.62627874648501,-7.217963307900356],[112.6172955936438,-7.217963307900356],[112.6172955936438,-7.213471731479758],[112.6307703229056,-7.213471731479758],[112.6307703229056,-7.222454884320952],[112.6352618993262,-7.222454884320952],[112.6352618993262,-7.213471731479758],[112.6397534757468,-7.213471731479758],[112.6397534757468,-7.204488578638563],[112.6352618993262,-7.204488578638563],[112.6352618993262,-7.199997002217965],[112.6336835993642,-7.199997002217965],[112.634819,-7.1996355]],[[112.64424505216739,-7.235929613582747],[112.65322820500859,-7.235929613582747],[112.65322820500859,-7.231438037162149],[112.648736628588,-7.231438037162149],[112.648736628588,-7.226946460741551],[112.64424505216739,-7.226946460741551],[112.64424505216739,-7.235929613582747]]],[[[112.6685077,-7.218167],[112.6689646,-7.2187951],[112.6689836,-7.219252],[112.66866,-7.219766],[112.66837,-7.22011],[112.6685,-7.22022],[112.66866,-7.22031],[112.66888,-7.22037],[112.6688949,-7.2203719],[112.6692,-7.22041],[112.6694,-7.22045],[112.67017,-7.2209],[112.67039,-7.22104],[112.67097,-7.22131],[112.67113,-7.2214],[112.67123,-7.2215],[112.67126,-7.22161],[112.67101,-7.22225],[112.67096,-7.22237],[112.671,-7.22244],[112.67102232648143,-7.222454884320952],[112.66670293427038,-7.222454884320952],[112.66670293427038,-7.217963307900356],[112.66837437603068,-7.217963307900356],[112.6685077,-7.218167]]],[[[112.6712,-7.22254],[112.6713,-7.22246],[112.67147,-7.22222],[112.67158,-7.22208],[112.67165,-7.22203],[112.67217,-7.22209],[112.67232,-7.22214],[112.67248,-7.22222],[112.67262,-7.22224],[112.67283,-7.22223],[112.67305,-7.22234],[112.67335,-7.2225],[112.67362,-7.22264],[112.6739,-7.22276],[112.67415,-7.22288],[112.67467,-7.22303],[112.6749,-7.22303],[112.67548,-7.22332],[112.6756,-7.2234],[112.67568608711159,-7.223471329321026],[112.67568608711159,-7.226946460741551],[112.67119451069098,-7.226946460741551],[112.67119451069098,-7.222538627672746],[112.6712,-7.22254]]],[[[112.67742,-7.2222],[112.67765,-7.22081],[112.67774,-7.22038],[112.67778,-7.22028],[112.67786,-7.22023],[112.67793,-7.22023],[112.67796,-7.22029],[112.67793,-7.22059],[112.6779,-7.22082],[112.6779,-7.22118],[112.67796,-7.22131],[112.67813,-7.22147],[112.67825,-7.22153],[112.67835,-7.22154],[112.67843,-7.22151],[112.6785,-7.22135],[112.67884,-7.2211],[112.67921,-7.22116],[112.68003,-7.22138],[112.68015,-7.22145],[112.68023,-7.22153],[112.68026,-7.22181],[112.68024,-7.22205],[112.68011,-7.22243],[112.68010095115602,-7.222454884320952],[112.67738078702754,-7.222454884320952],[112.67742,-7.2222]]],[[[112.68486,-7.22526],[112.6853,-7.22539],[112.68583,-7.22549],[112.68604,-7.22551],[112.6861,-7.22549],[112.68617,-7.22547],[112.68627,-7.22541],[112.68632,-7.22497],[112.68635,-7.22473],[112.68642,-7.22446],[112.68647,-7.22436],[112.68664,-7.22423],[112.68784,-7.22388],[112.68799,-7.22381],[112.68815,-7.22362],[112.68822,-7.22352],[112.68839,-7.22342],[112.68872,-7.22335],[112.68901,-7.2233],[112.68917,-7.22332],[112.68926,-7.22336],[112.68948,-7.22336],[112.68978,-7.22342],[112.69007,-7.22347],[112.69035,-7.22358],[112.69056,-7.22362],[112.69124,-7.2236],[112.69141,-7.22357],[112.69151,-7.2235],[112.6915865,-7.223393],[112.69161,-7.22336],[112.6918,-7.22326],[112.69192,-7.22326],[112.69202,-7.22341],[112.69206,-7.22348],[112.69216,-7.22349],[112.69227,-7.22345],[112.6923,-7.22339],[112.69231,-7.22327],[112.69249,-7.22324],[112.69274,-7.2232],[112.69295,-7.22306],[112.69305,-7.22303],[112.69312,-7.22342],[112.69315,-7.22362],[112.69318,-7.22368],[112.69328,-7.22371],[112.6933202,-7.2237078],[112.69346,-7.2237],[112.69365239279396,-7.223638784111012],[112.69365239279396,-7.226946460741551],[112.68466923995277,-7.226946460741551],[112.68466923995277,-7.225183281285352],[112.68486,-7.22526]]],[[[112.69691,-7.22229],[112.6977608,-7.2221374],[112.69836,-7.22203],[112.69852,-7.22201],[112.69859,-7.22228],[112.69857082510087,-7.222454884320952],[112.69689625963991,-7.222454884320952],[112.69691,-7.22229]]],[[[112.6989458,-7.222431],[112.69984,-7.2221],[112.7001419,-7.2219738],[112.7001069,-7.221403],[112.7003354,-7.2208891],[112.7032669,-7.2201467],[112.70353,-7.22096],[112.70399,-7.22087],[112.7047136,-7.2210604],[112.70525,-7.22127],[112.70529,-7.22147],[112.7055,-7.22175],[112.70562,-7.22194],[112.70568,-7.22218],[112.70573,-7.22238],[112.70575396298271,-7.222454884320952],[112.69882631562436,-7.222454884320952],[112.6989458,-7.222431]]],[[[112.7092821,-7.2177101],[112.7103291,-7.2172533],[112.7104057,-7.2174558],[112.71048,-7.21744],[112.71078,-7.21732],[112.71087,-7.21729],[112.71101,-7.2173],[112.71111,-7.21728],[112.71161869847636,-7.217121373593395],[112.71161869847636,-7.217963307900356],[112.70916300777986,-7.217963307900356],[112.7092821,-7.2177101]]],[[[112.66616,-7.19558],[112.66615,-7.1962],[112.66607,-7.1965],[112.6658601,-7.1973179],[112.6654437,-7.1974369],[112.6650867,-7.1974071],[112.6645811,-7.1970799],[112.6643864,-7.1962261],[112.6643693,-7.1955608],[112.66437242248759,-7.195505425797367],[112.6661556132822,-7.195505425797367],[112.66616,-7.19558]]]],"type":"MultiPolygon"},"properties":{"fid":33481,"DN":3,"KELAS":"CAHAYA RENDAH","CLASS":"LOW LIGHTS","INTENSITAS (nW/sr/cm²)":"5 - 10"}},{"type":"Feature","geometry":{"coordinates":[[[[112.6203307,-7.2583311],[112.6202545,-7.2583011],[112.6202162,-7.2582867],[112.6199874,-7.2582005],[112.6198425,-7.2581509],[112.6197128,-7.2581027],[112.6196939,-7.258096],[112.6195449,-7.2580431],[112.6192626,-7.257943],[112.6190643,-7.2578715],[112.6189193,-7.2578219],[112.6187972,-7.2577847],[112.6186218,-7.2577327],[112.6184692,-7.2576893],[112.6183166,-7.257654],[112.6181716,-7.2576226],[112.6179885,-7.2575854],[112.6178359,-7.2575563],[112.6176299,-7.2575515],[112.6175079,-7.2575482],[112.6172027,-7.2575616],[112.6172098,-7.2575257],[112.6173019,-7.2570613],[112.61734,-7.2569064],[112.6173705,-7.2567466],[112.6174468,-7.2564476],[112.6175384,-7.2561448],[112.6175842,-7.2559064],[112.617607,-7.2558344],[112.6176376,-7.2556604],[112.617607,-7.2555011],[112.6175765,-7.2553776],[112.6175765,-7.2553218],[112.6176147,-7.2548369],[112.6176605,-7.2544177],[112.6176986,-7.2541722],[112.6178436,-7.2531985],[112.6179046,-7.252652],[112.6171493,-7.2526434],[112.6167297,-7.2525981],[112.6159133,-7.2525223],[112.6153869,-7.2524775],[112.6149673,-7.2524608],[112.6146087,-7.2524465],[112.6142425,-7.2524007],[112.6143188,-7.2519983],[112.6145705,-7.2513626],[112.6146316,-7.2510966],[112.6147231,-7.2500247],[112.6147308,-7.2500003],[112.6147384,-7.2499421],[112.6147613,-7.2497676],[112.6148223,-7.2494834],[112.6148071,-7.2494219],[112.6147155,-7.2487877],[112.6146011,-7.2483691],[112.6145553,-7.2482074],[112.6139449,-7.2481335],[112.61277,-7.2481111],[112.6104888,-7.2480534],[112.6098556,-7.2480686],[112.6093749,-7.2481364],[112.6088561,-7.2482446],[112.6088527,-7.2482449],[112.608848,-7.2482453],[112.608406,-7.2482799],[112.60831244080262,-7.24829698749256],[112.60831244080262,-7.231438037162149],[112.60382086438202,-7.231438037162149],[112.60382086438202,-7.222454884320952],[112.6172955936438,-7.222454884320952],[112.6172955936438,-7.217963307900356],[112.62627874648501,-7.217963307900356],[112.62627874648501,-7.231438037162149],[112.6352618993262,-7.231438037162149],[112.6352618993262,-7.235929613582747],[112.62178717006441,-7.235929613582747],[112.62178717006441,-7.244912766423941],[112.62627874648501,-7.244912766423941],[112.62627874648501,-7.253895919265136],[112.62178717006441,-7.253895919265136],[112.62178717006441,-7.258387495685734],[112.6204491826792,-7.258387495685734],[112.6203307,-7.2583311]]]],"type":"MultiPolygon"},"properties":{"fid":33498,"DN":4,"KELAS":"CAHAYA SEDANG","CLASS":"MEDIUM LIGHTS","INTENSITAS (nW/sr/cm²)":"10 - 20"}},{"type":"Feature","geometry":{"coordinates":[[[[112.69365239279396,-7.235929613582747],[112.69814396921457,-7.235929613582747],[112.69814396921457,-7.240421190003343],[112.69365239279396,-7.240421190003343],[112.69365239279396,-7.235929613582747]]]],"type":"MultiPolygon"},"properties":{"fid":33527,"DN":3,"KELAS":"CAHAYA RENDAH","CLASS":"LOW LIGHTS","INTENSITAS (nW/sr/cm²)":"5 - 10"}},{"type":"Feature","geometry":{"coordinates":[[[[112.648736628588,-7.244912766423941],[112.65322820500859,-7.244912766423941],[112.65322820500859,-7.24940434284454],[112.648736628588,-7.24940434284454],[112.648736628588,-7.244912766423941]]]],"type":"MultiPolygon"},"properties":{"fid":33544,"DN":4,"KELAS":"CAHAYA SEDANG","CLASS":"MEDIUM LIGHTS","INTENSITAS (nW/sr/cm²)":"10 - 20"}},{"type":"Feature","geometry":{"coordinates":[[[[112.65322820500859,-7.24940434284454],[112.66221135784978,-7.24940434284454],[112.66221135784978,-7.253895919265136],[112.65322820500859,-7.253895919265136],[112.65322820500859,-7.24940434284454]]]],"type":"MultiPolygon"},"properties":{"fid":33553,"DN":4,"KELAS":"CAHAYA SEDANG","CLASS":"MEDIUM LIGHTS","INTENSITAS (nW/sr/cm²)":"10 - 20"}},{"type":"Feature","geometry":{"coordinates":[[[[112.67112,-7.22252],[112.67119451069098,-7.222538627672746],[112.67119451069098,-7.226946460741551],[112.67568608711159,-7.226946460741551],[112.67568608711159,-7.223471329321026],[112.67595,-7.22369],[112.67616,-7.22382],[112.67641,-7.22391],[112.67663,-7.22392],[112.67699,-7.22385],[112.67709,-7.22382],[112.67715,-7.2238],[112.67728,-7.2237],[112.67735,-7.2236],[112.67732,-7.22285],[112.67738078702754,-7.222454884320952],[112.68010095115602,-7.222454884320952],[112.68003,-7.22265],[112.68002,-7.22299],[112.68005,-7.22312],[112.6801073,-7.2231702],[112.68037,-7.2234],[112.68063,-7.22356],[112.68146,-7.22382],[112.68182,-7.22395],[112.68192,-7.22422],[112.68197,-7.2243],[112.6821063,-7.224362],[112.68241,-7.2245],[112.68267,-7.22458],[112.68291,-7.22461],[112.68315,-7.22463],[112.68369,-7.22481],[112.68394,-7.22489],[112.68466923995277,-7.225183281285352],[112.68466923995277,-7.226946460741551],[112.69365239279396,-7.226946460741551],[112.69365239279396,-7.223638784111012],[112.69368,-7.22363],[112.69382,-7.22359],[112.69405,-7.22363],[112.69419,-7.22367],[112.6942049,-7.223668],[112.694282,-7.2230401],[112.69531,-7.2228878],[112.69534,-7.22317],[112.69545,-7.22317],[112.69556,-7.22322],[112.69572,-7.22337],[112.69581,-7.22341],[112.6966234,-7.2230782],[112.69688,-7.22265],[112.69689625963991,-7.222454884320952],[112.69857082510087,-7.222454884320952],[112.6985651,-7.2225071],[112.69882631562436,-7.222454884320952],[112.70575396298271,-7.222454884320952],[112.70581,-7.22263],[112.70585,-7.22322],[112.70603,-7.22475],[112.70624,-7.22476],[112.70648,-7.22478],[112.7064844,-7.2247669],[112.7064268,-7.2242774],[112.70656,-7.22348],[112.70653,-7.22338],[112.70655,-7.22332],[112.70675,-7.22331],[112.70693,-7.22321],[112.7071,-7.22312],[112.70725,-7.22308],[112.70734,-7.22309],[112.70759,-7.22331],[112.70773,-7.22339],[112.70802,-7.22343],[112.7086128,-7.2232921],[112.7087276,-7.2232654],[112.7089514,-7.2230222],[112.7089585,-7.2222025],[112.7094725,-7.2216695],[112.7105004,-7.2213079],[112.7105762,-7.2205858],[112.7103862,-7.2205274],[112.7100626,-7.2203561],[112.7098723,-7.219785],[112.7093964,-7.2186619],[112.7091299,-7.2180337],[112.70916300777986,-7.217963307900356],[112.71161869847636,-7.217963307900356],[112.71161869847636,-7.217121373593395],[112.71204,-7.21699],[112.71211,-7.21697],[112.7123,-7.21691],[112.71236,-7.21684],[112.71246,-7.21676],[112.71266,-7.21678],[112.713017,-7.2166954],[112.71304,-7.21669],[112.7136477,-7.216469],[112.7137555,-7.216054],[112.714022,-7.2157875],[112.7145741,-7.2150832],[112.71519,-7.21421],[112.71539,-7.21401],[112.71557,-7.21382],[112.71566,-7.21365],[112.71568,-7.21353],[112.71564,-7.21316],[112.7155,-7.21239],[112.71542,-7.21219],[112.71513,-7.21177],[112.71513,-7.21164],[112.7151235,-7.2114137],[112.7148843,-7.2107296],[112.7149018,-7.2100064],[112.7148239,-7.2099055],[112.7147287,-7.2096675],[112.7144908,-7.2095486],[112.7143242,-7.2093344],[112.7141815,-7.2090251],[112.7139673,-7.2092392],[112.7136818,-7.2091678],[112.7132773,-7.2089775],[112.7129203,-7.2088823],[112.7125872,-7.2085254],[112.7125396,-7.2080019],[112.7129679,-7.207407],[112.7136342,-7.2070977],[112.7141577,-7.2072405],[112.7144908,-7.2079305],[112.7147049,-7.2080733],[112.7151808,-7.2080971],[112.7157519,-7.2081923],[112.71611027489696,-7.208030113894448],[112.71611027489696,-7.222454884320952],[112.72060185131755,-7.222454884320952],[112.72060185131755,-7.235929613582747],[112.71161869847636,-7.235929613582747],[112.71161869847636,-7.244912766423941],[112.70712712205577,-7.244912766423941],[112.70712712205577,-7.24940434284454],[112.70263554563516,-7.24940434284454],[112.70263554563516,-7.258387495685734],[112.70712712205577,-7.258387495685734],[112.70712712205577,-7.262879072106332],[112.69814396921457,-7.262879072106332],[112.69814396921457,-7.258387495685734],[112.66670293427038,-7.258387495685734],[112.66670293427038,-7.24940434284454],[112.66221135784978,-7.24940434284454],[112.66221135784978,-7.235929613582747],[112.66670293427038,-7.235929613582747],[112.66670293427038,-7.231438037162149],[112.6577197814292,-7.231438037162149],[112.6577197814292,-7.226946460741551],[112.65322820500859,-7.226946460741551],[112.65322820500859,-7.20898015505916],[112.6577197814292,-7.20898015505916],[112.6577197814292,-7.213471731479758],[112.66221135784978,-7.213471731479758],[112.66221135784978,-7.217963307900356],[112.66670293427038,-7.217963307900356],[112.66670293427038,-7.222454884320952],[112.67102232648143,-7.222454884320952],[112.67112,-7.22252]],[[112.69365239279396,-7.240421190003343],[112.69814396921457,-7.240421190003343],[112.69814396921457,-7.235929613582747],[112.69365239279396,-7.235929613582747],[112.69365239279396,-7.240421190003343]],[[112.66670293427038,-7.244912766423941],[112.67119451069098,-7.244912766423941],[112.67119451069098,-7.240421190003343],[112.66670293427038,-7.240421190003343],[112.66670293427038,-7.244912766423941]]],[[[112.7178753,-7.1998443],[112.7175418,-7.1993174],[112.7174485,-7.1991374],[112.7174818,-7.1991374],[112.7175085,-7.1991307],[112.7175485,-7.1991174],[112.7176886,-7.199084],[112.7177419,-7.1990573],[112.7178086,-7.199044],[112.7178686,-7.199044],[112.7179153,-7.1990373],[112.7179486,-7.1990307],[112.717982,-7.1990307],[112.7180287,-7.1990573],[112.718142,-7.1990707],[112.7182221,-7.199104],[112.7183021,-7.199164],[112.7184155,-7.1991907],[112.7184421,-7.1991841],[112.7184688,-7.1991574],[112.7184955,-7.199124],[112.7185422,-7.199084],[112.7186022,-7.1990373],[112.7186555,-7.199024],[112.7187356,-7.1990774],[112.7188623,-7.199164],[112.7189823,-7.1991707],[112.719009,-7.1991574],[112.7190757,-7.199124],[112.719249,-7.1990573],[112.7192824,-7.1989973],[112.7193757,-7.198884],[112.7194958,-7.1988239],[112.7196625,-7.1988239],[112.7197425,-7.1987906],[112.7198426,-7.1986572],[112.7200426,-7.1986439],[112.7199159,-7.1983371],[112.720056,-7.1984038],[112.7204751,-7.1992422],[112.72049,-7.19926],[112.7206,-7.1995],[112.72086,-7.19999],[112.7208633289233,-7.199997002217965],[112.71796316166868,-7.199997002217965],[112.7178753,-7.1998443]]],[[[112.72434,-7.19987],[112.72357,-7.19852],[112.72359,-7.198],[112.72509342773816,-7.197746851828813],[112.72509342773816,-7.199727487938262],[112.72434,-7.19987]]]],"type":"MultiPolygon"},"properties":{"fid":33568,"DN":4,"KELAS":"CAHAYA SEDANG","CLASS":"MEDIUM LIGHTS","INTENSITAS (nW/sr/cm²)":"10 - 20"}},{"type":"Feature","geometry":{"coordinates":[[[[112.6262283,-7.2613333],[112.6253213,-7.2606919],[112.6252822,-7.2606643],[112.6252792,-7.2606622],[112.6249999,-7.2604664],[112.6248779,-7.2604469],[112.6247482,-7.2604273],[112.6246261,-7.2603916],[112.6244582,-7.2603382],[112.6243133,-7.2602881],[112.6241454,-7.2602314],[112.6239928,-7.2602023],[112.6238708,-7.2601813],[112.6237029,-7.2601546],[112.6235656,-7.2601498],[112.623474,-7.2601551],[112.6215744,-7.2589968],[112.6214599,-7.2589448],[112.6214065,-7.2589186],[112.6212692,-7.2588562],[112.6212005,-7.2588223],[112.6210327,-7.2587441],[112.6209259,-7.2586816],[112.620758,-7.2585762],[112.6206741,-7.2585186],[112.6205749,-7.2584608],[112.6204681,-7.2583965],[112.6204491826792,-7.258387495685734],[112.62627874648501,-7.258387495685734],[112.62627874648501,-7.261339435879824],[112.6262283,-7.2613333]]]],"type":"MultiPolygon"},"properties":{"fid":33580,"DN":3,"KELAS":"CAHAYA RENDAH","CLASS":"LOW LIGHTS","INTENSITAS (nW/sr/cm²)":"5 - 10"}},{"type":"Feature","geometry":{"coordinates":[[[[112.68466923995277,-7.289828530629918],[112.68916081637337,-7.289828530629918],[112.68916081637337,-7.298811683471112],[112.68466923995277,-7.298811683471112],[112.68466923995277,-7.289828530629918]]]],"type":"MultiPolygon"},"properties":{"fid":33628,"DN":4,"KELAS":"CAHAYA SEDANG","CLASS":"MEDIUM LIGHTS","INTENSITAS (nW/sr/cm²)":"10 - 20"}},{"type":"Feature","geometry":{"coordinates":[[[[112.69814396921457,-7.294320107050514],[112.71161869847636,-7.294320107050514],[112.71161869847636,-7.298811683471112],[112.72060185131755,-7.298811683471112],[112.72060185131755,-7.307794836312309],[112.71161869847636,-7.307794836312309],[112.71161869847636,-7.30330325989171],[112.70712712205577,-7.30330325989171],[112.70712712205577,-7.307794836312309],[112.69814396921457,-7.307794836312309],[112.69814396921457,-7.294320107050514]]]],"type":"MultiPolygon"},"properties":{"fid":33634,"DN":4,"KELAS":"CAHAYA SEDANG","CLASS":"MEDIUM LIGHTS","INTENSITAS (nW/sr/cm²)":"10 - 20"}},{"type":"Feature","geometry":{"coordinates":[[[[112.66670293427038,-7.30330325989171],[112.67119451069098,-7.30330325989171],[112.67119451069098,-7.307794836312309],[112.66670293427038,-7.307794836312309],[112.66670293427038,-7.30330325989171]]]],"type":"MultiPolygon"},"properties":{"fid":33655,"DN":4,"KELAS":"CAHAYA SEDANG","CLASS":"MEDIUM LIGHTS","INTENSITAS (nW/sr/cm²)":"10 - 20"}},{"type":"Feature","geometry":{"coordinates":[[[[112.644226,-7.3140415],[112.6433486,-7.3138445],[112.642929,-7.313732],[112.6424674,-7.3136196],[112.6424102,-7.3136056],[112.6420364,-7.3135518],[112.6415939,-7.3133262],[112.6413803,-7.3132289],[112.6412811,-7.3132184],[112.6408996,-7.3135971],[112.6407775,-7.3136948],[112.6406097,-7.3137444],[112.6402969,-7.3136323],[112.6400604,-7.3135432],[112.6397534757468,-7.313506912508211],[112.6397534757468,-7.312286412732905],[112.64424505216739,-7.312286412732905],[112.64424505216739,-7.314043484022674],[112.644226,-7.3140415]]]],"type":"MultiPolygon"},"properties":{"fid":33680,"DN":2,"KELAS":"CAHAYA SANGAT RENDAH","CLASS":"VERY LOW LIGHTS","INTENSITAS (nW/sr/cm²)":"3 - 5"}},{"type":"Feature","geometry":{"coordinates":[[[[112.6288559,-7.3042102],[112.628774,-7.3033417],[112.6287156,-7.3027024],[112.6286697,-7.3026918],[112.6286726,-7.3026875],[112.6287383,-7.3025931],[112.628807,-7.3024858],[112.6288299,-7.3024014],[112.6287307,-7.3021897],[112.6286926,-7.3020705],[112.6287307,-7.3016394],[112.6287307,-7.3016017],[112.6287383,-7.3014429],[112.6286926,-7.3012641],[112.6285857,-7.3010515],[112.6284588,-7.3009007],[112.6284332,-7.3008703],[112.6283569,-7.3007802],[112.6277847,-7.3006814],[112.6274261,-7.3004177],[112.62627874648501,-7.300096383909865],[112.62627874648501,-7.300029266260701],[112.6263351,-7.29998],[112.6263732,-7.2999581],[112.6264266,-7.2998699],[112.6265239,-7.2996413],[112.6267623,-7.2990807],[112.6268386,-7.2988885],[112.62687813030362,-7.298811683471112],[112.6307703229056,-7.298811683471112],[112.6307703229056,-7.294320107050514],[112.62828000170745,-7.294320107050514],[112.6282958,-7.2942294],[112.6283418,-7.2938255],[112.6283254,-7.2937749],[112.6283846,-7.2934789],[112.6284714,-7.2929338],[112.6285457,-7.2921657],[112.6285705,-7.2914471],[112.6285705,-7.2907037],[112.6285581,-7.2899604],[112.6286324,-7.2897374],[112.6285916,-7.2896464],[112.6286528,-7.2896401],[112.6286163,-7.2890748],[112.6285552,-7.2885645],[112.6284408,-7.2880925],[112.6283997,-7.2875755],[112.6283416,-7.2868456],[112.6282806,-7.2862032],[112.6281969,-7.2857613],[112.6281966,-7.2857598],[112.6280135,-7.285127],[112.6277465,-7.2847875],[112.6274795,-7.2844675],[112.6272888,-7.284241],[112.6271937,-7.2840295],[112.6270599,-7.2837318],[112.6268539,-7.2833546],[112.6267165,-7.2828635],[112.6266937,-7.2819947],[112.6267089,-7.2812193],[112.6267465,-7.2811028],[112.6268005,-7.2809356],[112.62687315763543,-7.280845377788721],[112.6307703229056,-7.280845377788721],[112.6307703229056,-7.276353801368125],[112.6352618993262,-7.276353801368125],[112.6352618993262,-7.262879072106332],[112.63272072204342,-7.262879072106332],[112.6326827,-7.2627075],[112.6323318,-7.2617358],[112.6318817,-7.2609323],[112.6318206,-7.2608836],[112.6316833,-7.2606977],[112.631546,-7.2605389],[112.6315078,-7.2605079],[112.6315043,-7.2605051],[112.6313247,-7.2603582],[112.6308212,-7.260094],[112.6304244,-7.2599839],[112.630371,-7.2599681],[112.6298141,-7.2598198],[112.6294784,-7.2597559],[112.6293029,-7.2597226],[112.6292953,-7.2597545],[112.6292724,-7.2597626],[112.6291351,-7.2600535],[112.6285552,-7.2605594],[112.6276702,-7.260959],[112.6276203,-7.2609782],[112.627098,-7.2611788],[112.6263656,-7.26135],[112.62627874648501,-7.261339435879824],[112.62627874648501,-7.258387495685734],[112.6577197814292,-7.258387495685734],[112.6577197814292,-7.267370648526929],[112.66221135784978,-7.267370648526929],[112.66221135784978,-7.271862224947527],[112.66670293427038,-7.271862224947527],[112.66670293427038,-7.267370648526929],[112.67119451069098,-7.267370648526929],[112.67119451069098,-7.271862224947527],[112.68017766353218,-7.271862224947527],[112.68017766353218,-7.276353801368125],[112.67568608711159,-7.276353801368125],[112.67568608711159,-7.280845377788721],[112.67119451069098,-7.280845377788721],[112.67119451069098,-7.28533695420932],[112.66670293427038,-7.28533695420932],[112.66670293427038,-7.280845377788721],[112.6577197814292,-7.280845377788721],[112.6577197814292,-7.28533695420932],[112.648736628588,-7.28533695420932],[112.648736628588,-7.294320107050514],[112.64424505216739,-7.294320107050514],[112.64424505216739,-7.298811683471112],[112.65322820500859,-7.298811683471112],[112.65322820500859,-7.30330325989171],[112.66221135784978,-7.30330325989171],[112.66221135784978,-7.316777989153503],[112.65322820500859,-7.316777989153503],[112.65322820500859,-7.312286412732905],[112.648736628588,-7.312286412732905],[112.648736628588,-7.307794836312309],[112.62919394817294,-7.307794836312309],[112.6288559,-7.3042102]]]],"type":"MultiPolygon"},"properties":{"fid":33644,"DN":4,"KELAS":"CAHAYA SEDANG","CLASS":"MEDIUM LIGHTS","INTENSITAS (nW/sr/cm²)":"10 - 20"}},{"type":"Feature","geometry":{"coordinates":[[[[112.6507633,-7.3211859],[112.6507609,-7.3210892],[112.6507318,-7.3210456],[112.6506713,-7.3209561],[112.6505988,-7.3208883],[112.6505322,-7.3208291],[112.6504887,-7.3207928],[112.6503338,-7.3206573],[112.6502516,-7.3205194],[112.6502564,-7.3203718],[112.6502443,-7.3203428],[112.6501838,-7.3202073],[112.6501585,-7.3201662],[112.6501487,-7.3201504],[112.6500689,-7.3200294],[112.6499431,-7.3199375],[112.6499141,-7.319923],[112.6497907,-7.3198794],[112.6497205,-7.3198262],[112.6496479,-7.3197633],[112.649584,-7.3196933],[112.6495221,-7.3196254],[112.6494374,-7.3195286],[112.6493878,-7.3194694],[112.6493128,-7.3194306],[112.6492956,-7.3194199],[112.6492233,-7.319375],[112.6491217,-7.319329],[112.6490975,-7.3193242],[112.6490975,-7.3193213],[112.6489855,-7.319314],[112.6488182,-7.3192773],[112.648736628588,-7.319273301879388],[112.648736628588,-7.31689472907401],[112.6487509,-7.3168024],[112.64876392310683,-7.316777989153503],[112.65322820500859,-7.316777989153503],[112.65322820500859,-7.321269565574101],[112.65075845984282,-7.321269565574101],[112.6507633,-7.3211859]]]],"type":"MultiPolygon"},"properties":{"fid":33695,"DN":4,"KELAS":"CAHAYA SEDANG","CLASS":"MEDIUM LIGHTS","INTENSITAS (nW/sr/cm²)":"10 - 20"}},{"type":"Feature","geometry":{"coordinates":[[[[112.65322820500859,-7.316777989153503],[112.66221135784978,-7.316777989153503],[112.66221135784978,-7.321269565574101],[112.65322820500859,-7.321269565574101],[112.65322820500859,-7.316777989153503]]]],"type":"MultiPolygon"},"properties":{"fid":33696,"DN":3,"KELAS":"CAHAYA RENDAH","CLASS":"LOW LIGHTS","INTENSITAS (nW/sr/cm²)":"5 - 10"}},{"type":"Feature","geometry":{"coordinates":[[[[112.8104333797295,-7.325761141994698],[112.8194165325707,-7.325761141994698],[112.8194165325707,-7.33923587125649],[112.81492495615011,-7.33923587125649],[112.81492495615011,-7.330252718415296],[112.8104333797295,-7.330252718415296],[112.8104333797295,-7.325761141994698]]]],"type":"MultiPolygon"},"properties":{"fid":33721,"DN":3,"KELAS":"CAHAYA RENDAH","CLASS":"LOW LIGHTS","INTENSITAS (nW/sr/cm²)":"5 - 10"}},{"type":"Feature","geometry":{"coordinates":[[[[112.8104333797295,-7.33923587125649],[112.81492495615011,-7.33923587125649],[112.81492495615011,-7.343727447677089],[112.8104333797295,-7.343727447677089],[112.8104333797295,-7.33923587125649]]]],"type":"MultiPolygon"},"properties":{"fid":33744,"DN":3,"KELAS":"CAHAYA RENDAH","CLASS":"LOW LIGHTS","INTENSITAS (nW/sr/cm²)":"5 - 10"}},{"type":"Feature","geometry":{"coordinates":[[[[112.7190118,-7.206717],[112.71931,-7.2073],[112.71956,-7.20779],[112.71969,-7.20807],[112.71987,-7.20844],[112.7201,-7.20892],[112.72028,-7.20925],[112.72071,-7.21011],[112.72079,-7.21014],[112.72104,-7.21019],[112.72118,-7.21022],[112.72142,-7.21029],[112.72152,-7.21032],[112.72159,-7.21028],[112.72168,-7.21021],[112.72169,-7.21013],[112.72164,-7.20993],[112.72155,-7.20982],[112.72129,-7.20958],[112.72139,-7.20949],[112.72144,-7.20941],[112.72141,-7.2093],[112.72122,-7.20906],[112.72124,-7.20899],[112.72123,-7.20892],[112.7212,-7.20879],[112.72165,-7.20857],[112.7216,-7.20847],[112.72112,-7.20866],[112.72132,-7.20849],[112.72131,-7.20843],[112.72178,-7.2082],[112.72166,-7.20802],[112.72098,-7.20831],[112.72074,-7.20786],[112.72142,-7.20757],[112.72113,-7.20708],[112.7201,-7.20745],[112.71954,-7.20619],[112.71995,-7.20598],[112.71992,-7.20588],[112.71986,-7.20582],[112.71976,-7.20583],[112.7197,-7.20581],[112.71964,-7.20571],[112.71963,-7.20561],[112.71971,-7.20553],[112.71981,-7.20535],[112.71972,-7.20528],[112.71963,-7.20529],[112.71938,-7.2053],[112.71928,-7.20498],[112.71848,-7.20337],[112.71803,-7.20245],[112.71801,-7.20239],[112.71792,-7.20218],[112.71754,-7.20135],[112.71739,-7.20104],[112.71739,-7.2009],[112.71748,-7.20076],[112.71758,-7.20067],[112.71774,-7.20057],[112.71797,-7.20023],[112.7180688,-7.2001806],[112.71796316166868,-7.199997002217965],[112.7208633289233,-7.199997002217965],[112.72115,-7.2006],[112.72121,-7.20059],[112.72132,-7.20053],[112.72218,-7.20229],[112.72533,-7.20902],[112.72571,-7.20976],[112.72621,-7.20965],[112.72633,-7.20963],[112.72631,-7.20943],[112.72711,-7.20937],[112.72697,-7.20903],[112.72446,-7.20327],[112.72559,-7.20277],[112.72859,-7.20913],[112.7285979,-7.2091285],[112.7286686,-7.2091149],[112.73047,-7.20877],[112.73037,-7.20811],[112.73002,-7.20818],[112.72984,-7.20715],[112.73273,-7.20665],[112.73217,-7.20382],[112.73259,-7.20374],[112.73257,-7.20358],[112.73292,-7.2035],[112.73291,-7.20344],[112.7327,-7.20347],[112.73252,-7.20292],[112.73239,-7.20289],[112.7322,-7.20199],[112.73191,-7.20203],[112.7319,-7.20197],[112.73219,-7.2019],[112.7321,-7.20135],[112.73198,-7.20122],[112.73141,-7.20129],[112.73142,-7.20141],[112.73135,-7.20142],[112.73132,-7.20132],[112.73117,-7.20135],[112.73117,-7.20144],[112.73105,-7.20147],[112.73102,-7.20134],[112.73086,-7.20134],[112.73087,-7.20152],[112.73076,-7.20151],[112.73072,-7.20128],[112.73063,-7.20124],[112.73042,-7.20037],[112.73198,-7.20008],[112.7319,-7.1997],[112.73169,-7.19971],[112.73153,-7.19851],[112.72509342773816,-7.199727487938262],[112.72509342773816,-7.197746851828813],[112.7334694,-7.1963365],[112.7334777,-7.1963351],[112.73407658057934,-7.196234253974486],[112.73407658057934,-7.199997002217965],[112.73856815699995,-7.199997002217965],[112.73856815699995,-7.213471731479758],[112.74305973342055,-7.213471731479758],[112.74305973342055,-7.217963307900356],[112.75204288626173,-7.217963307900356],[112.75204288626173,-7.213471731479758],[112.76551761552354,-7.213471731479758],[112.76551761552354,-7.20898015505916],[112.77899234478532,-7.20898015505916],[112.77899234478532,-7.217963307900356],[112.78348392120591,-7.217963307900356],[112.78348392120591,-7.24940434284454],[112.78797549762652,-7.24940434284454],[112.78797549762652,-7.253895919265136],[112.79246707404712,-7.253895919265136],[112.79246707404712,-7.258387495685734],[112.79695865046772,-7.258387495685734],[112.79695865046772,-7.262879072106332],[112.8104333797295,-7.262879072106332],[112.8104333797295,-7.271862224947527],[112.8194165325707,-7.271862224947527],[112.8194165325707,-7.276353801368125],[112.81492495615011,-7.276353801368125],[112.81492495615011,-7.280845377788721],[112.80594180330891,-7.280845377788721],[112.80594180330891,-7.28533695420932],[112.79695865046772,-7.28533695420932],[112.79695865046772,-7.289828530629918],[112.79246707404712,-7.289828530629918],[112.79246707404712,-7.298811683471112],[112.8014502268883,-7.298811683471112],[112.8014502268883,-7.316777989153503],[112.80594180330891,-7.316777989153503],[112.80594180330891,-7.330252718415296],[112.8014502268883,-7.330252718415296],[112.8014502268883,-7.334744294835894],[112.79695865046772,-7.334744294835894],[112.79695865046772,-7.33923587125649],[112.78348392120591,-7.33923587125649],[112.78348392120591,-7.343727447677089],[112.77939244287931,-7.343727447677089],[112.779396,-7.3436673],[112.7794036,-7.3435305],[112.7794112,-7.3433922],[112.7794147,-7.3433303],[112.7794189,-7.3432563],[112.7794265,-7.343128],[112.7794341,-7.3430112],[112.7794341,-7.3429106],[112.7794418,-7.3428295],[112.7794418,-7.3427666],[112.7794494,-7.3427194],[112.7794494,-7.342685],[112.7794494,-7.3426612],[112.7794418,-7.342635],[112.7794341,-7.3426126],[112.7794036,-7.3425959],[112.7793807,-7.3425854],[112.7793426,-7.3425735],[112.7792968,-7.3425592],[112.7792434,-7.342542],[112.7791671,-7.3425224],[112.7790832,-7.3425005],[112.77899234478532,-7.342476397579513],[112.77899234478532,-7.33923587125649],[112.77450076836473,-7.33923587125649],[112.77450076836473,-7.34092845182568],[112.7738953,-7.3408275],[112.771286,-7.3395734],[112.7709276,-7.3393618],[112.7709197,-7.3393758],[112.7708968,-7.3393996],[112.7708663,-7.3394058],[112.7708358,-7.3394011],[112.7707977,-7.3393925],[112.7707748,-7.3393868],[112.7707443,-7.3393806],[112.7707214,-7.3393734],[112.7706909,-7.3393658],[112.7706603,-7.3393572],[112.7706222,-7.3393481],[112.7705917,-7.3393391],[112.7705535,-7.3393291],[112.7705154,-7.3393191],[112.7704848,-7.3393095],[112.7704467,-7.3392995],[112.7704162,-7.3392904],[112.770378,-7.3392814],[112.7703475,-7.3392728],[112.770317,-7.3392652],[112.7702941,-7.339258],[112.7702842,-7.339256],[112.7702636,-7.3392518],[112.7702407,-7.3392461],[112.7702026,-7.3392375],[112.7701415,-7.3392323],[112.770111,-7.3392394],[112.7700881,-7.3392504],[112.7700652,-7.3392656],[112.77005,-7.3392852],[112.7700195,-7.339309],[112.7699966,-7.3393362],[112.7699737,-7.3393667],[112.7699432,-7.3393973],[112.7699203,-7.3394263],[112.7698898,-7.3394507],[112.7698669,-7.3394683],[112.769844,-7.3394793],[112.7698134,-7.3394855],[112.7697753,-7.3394874],[112.7697219,-7.3394864],[112.7696914,-7.339485],[112.7696609,-7.3394831],[112.7696304,-7.3394812],[112.7695998,-7.3394793],[112.7695583,-7.3394763],[112.7695465,-7.3394755],[112.7695083,-7.3394731],[112.7694625,-7.3394721],[112.7694244,-7.339474],[112.7694091,-7.3394969],[112.7694148,-7.3395136],[112.7694168,-7.3395193],[112.7694244,-7.3395441],[112.769425,-7.3395465],[112.7693936,-7.3395782],[112.7690854,-7.3399337],[112.769057,-7.340041],[112.7690367,-7.3401317],[112.7689331,-7.3405586],[112.7688063,-7.340532],[112.7687597,-7.3405222],[112.7686863,-7.340562],[112.7686863,-7.3405997],[112.7686378,-7.3406708],[112.7686252,-7.3406894],[112.7686196,-7.3407033],[112.7686007,-7.3407506],[112.7685722,-7.3408647],[112.7685518,-7.3409993],[112.7685151,-7.3412317],[112.7684784,-7.3413581],[112.7684417,-7.341403],[112.768405,-7.3414641],[112.7683764,-7.341509],[112.7683234,-7.3415538],[112.7682745,-7.3415824],[112.7681929,-7.3415824],[112.7681359,-7.3415824],[112.7680339,-7.3415783],[112.7680374,-7.3417434],[112.7679061,-7.3417395],[112.7678713,-7.3417347],[112.7677993,-7.3417247],[112.7676849,-7.3417085],[112.7675781,-7.3416918],[112.7674713,-7.3416741],[112.7673721,-7.341657],[112.7672805,-7.3416393],[112.7672042,-7.3416227],[112.7671355,-7.3416074],[112.7670745,-7.3415926],[112.7670287,-7.3415793],[112.7669982,-7.3415664],[112.7669525,-7.3415406],[112.7669219,-7.3415125],[112.7669067,-7.3414782],[112.7668914,-7.3414548],[112.7668838,-7.3414233],[112.7668761,-7.3413804],[112.7668609,-7.3413227],[112.7668533,-7.3412469],[112.7668456,-7.3411501],[112.7668304,-7.341029],[112.7668228,-7.3408821],[112.7668151,-7.3407138],[112.7667999,-7.3405316],[112.7667922,-7.3403414],[112.7667846,-7.3401497],[112.766777,-7.3399633],[112.7667617,-7.3397887],[112.7667541,-7.3396323],[112.766752,-7.339596],[112.7667464,-7.3394998],[112.7667457,-7.3394894],[112.7667388,-7.3393887],[112.7667312,-7.3392976],[112.7667236,-7.3392222],[112.766716,-7.3391608],[112.7667083,-7.3391102],[112.7667007,-7.3390673],[112.7666931,-7.3390296],[112.7666778,-7.3389943],[112.7666702,-7.338961],[112.7666625,-7.3389276],[112.7666473,-7.3388947],[112.766632,-7.3388608],[112.7666244,-7.3388255],[112.7666091,-7.3387874],[112.7665862,-7.3387469],[112.766571,-7.3387025],[112.7665481,-7.3386558],[112.7665328,-7.3386081],[112.7665252,-7.3383759],[112.766514,-7.3383467],[112.7665099,-7.3383363],[112.7664138,-7.3383586],[112.7664133,-7.3383587],[112.7664031,-7.3383611],[112.7659988,-7.3384984],[112.765808,-7.3385671],[112.7657656,-7.3385695],[112.7656555,-7.3385757],[112.765335,-7.3384226],[112.7651712,-7.3383595],[112.7650985,-7.3383315],[112.7649841,-7.3383201],[112.7649561,-7.3383329],[112.7648391,-7.3383868],[112.7645005,-7.3384154],[112.7644526,-7.3384194],[112.764438,-7.3384206],[112.7643127,-7.3384312],[112.7634048,-7.3385075],[112.7633438,-7.3385075],[112.7632129,-7.3385078],[112.7631507,-7.338508],[112.7631454,-7.338508],[112.7627639,-7.3384789],[112.7624892,-7.3384669],[112.761711,-7.3381284],[112.7609405,-7.33791],[112.7606811,-7.3378342],[112.7606277,-7.3378299],[112.7605361,-7.3378175],[112.7601852,-7.3377712],[112.7600583,-7.337738],[112.7598571,-7.3376854],[112.7593231,-7.3375457],[112.7576064,-7.3371504],[112.7571487,-7.3370321],[112.7568359,-7.3369549],[112.7563857,-7.3368991],[112.7559432,-7.3368772],[112.755722,-7.3368171],[112.7554092,-7.3367432],[112.7552337,-7.3367561],[112.7550903,-7.3368202],[112.7550887,-7.3368209],[112.7548751,-7.3370107],[112.7547912,-7.3371571],[112.7547759,-7.3371876],[112.7546936,-7.3373587],[112.7546081,-7.3375362],[112.7545857,-7.3375841],[112.7545089,-7.3377488],[112.754158,-7.3384979],[112.7541572,-7.3385015],[112.7541045,-7.3387635],[112.7540893,-7.338827],[112.754089,-7.3388536],[112.7540864,-7.3390662],[112.7540745,-7.3400572],[112.754074,-7.3400987],[112.7539977,-7.3403886],[112.753925,-7.3404857],[112.7539138,-7.3405007],[112.7538565,-7.3405723],[112.7537536,-7.3407009],[112.7536926,-7.3408721],[112.7536636,-7.3411612],[112.753662,-7.3411773],[112.753662,-7.3411804],[112.753662,-7.3416667],[112.753662,-7.3416713],[112.753662,-7.3416768],[112.753662,-7.3417355],[112.753662,-7.3417533],[112.7536391,-7.3420184],[112.7536091,-7.3420703],[112.7536068,-7.3420743],[112.7535705,-7.3421372],[112.7535682,-7.3421391],[112.7534637,-7.3422302],[112.7533263,-7.3422673],[112.7526855,-7.3423484],[112.7524941,-7.3423594],[112.7524108,-7.3423642],[112.751831,-7.3423465],[112.7517165,-7.3423432],[112.7516042,-7.3423425],[112.7513275,-7.3423408],[112.7504958,-7.3423226],[112.7501373,-7.3422712],[112.7499999,-7.3422669],[112.7499084,-7.342264],[112.7494506,-7.3422302],[112.7491073,-7.342202],[112.7490539,-7.3421998],[112.7489165,-7.3421939],[112.7485732,-7.3422964],[112.7480621,-7.3423951],[112.7478256,-7.3423699],[112.7474898,-7.3422426],[112.7471872,-7.3421431],[112.7470168,-7.3420871],[112.7464698,-7.3419311],[112.7464599,-7.3419283],[112.7456825,-7.3417337],[112.7452926,-7.341636],[112.7447738,-7.3414777],[112.7446718,-7.3414466],[112.7443237,-7.3413404],[112.7442553,-7.3413221],[112.7441024,-7.3412812],[112.7438049,-7.3412021],[112.743431,-7.3410652],[112.7431311,-7.3408792],[112.7431258,-7.3408759],[112.7430267,-7.3408149],[112.7429676,-7.3408481],[112.742958,-7.3408535],[112.7428817,-7.3409537],[112.7428567,-7.341035],[112.7428283,-7.3411272],[112.7427666,-7.3414105],[112.7427369,-7.3415472],[112.7427367,-7.3415478],[112.7426449,-7.3420007],[112.7425634,-7.3424026],[112.7425613,-7.3424133],[112.7424962,-7.3427656],[112.7424239,-7.3431575],[112.7423934,-7.3433226],[112.7423248,-7.3437136],[112.7422942,-7.3438604],[112.7421035,-7.3446692],[112.7420425,-7.3449753],[112.7419814,-7.3452018],[112.7418897,-7.3452209],[112.741867,-7.3452256],[112.7416152,-7.3452194],[112.7411269,-7.345178],[112.7408683,-7.345162],[112.7406081,-7.345146],[112.7404287,-7.3451354],[112.7401733,-7.3451203],[112.7397155,-7.3450902],[112.7389373,-7.3450425],[112.7378621,-7.3449563],[112.7377776,-7.3449496],[112.7377695,-7.3449489],[112.7377517,-7.3449475],[112.7377166,-7.3449446],[112.737564,-7.3449324],[112.7371825,-7.3448003],[112.7369689,-7.3447827],[112.7367706,-7.3447965],[112.7366561,-7.3448566],[112.7365264,-7.3449777],[112.7364425,-7.3451665],[112.736408,-7.345347],[112.7363815,-7.345486],[112.7363754,-7.3455713],[112.7363414,-7.3460488],[112.7363357,-7.3461297],[112.7363204,-7.346185],[112.7363196,-7.3461895],[112.7363128,-7.3462275],[112.7362365,-7.3462551],[112.7360763,-7.3462594],[112.7358391,-7.346268],[112.7352676,-7.3462885],[112.7347201,-7.346376],[112.7338714,-7.3465117],[112.7334289,-7.3465903],[112.7333907,-7.3468211],[112.7332992,-7.3473166],[112.7331924,-7.3479966],[112.7331542,-7.3481267],[112.7330703,-7.3481401],[112.7329289,-7.3481411],[112.7312621,-7.348153],[112.7295989,-7.3482316],[112.7295532,-7.3482335],[112.7294311,-7.3482335],[112.7293588,-7.348234],[112.7293472,-7.348234],[112.7290725,-7.3482722],[112.7290316,-7.348278],[112.7289357,-7.3482916],[112.7287902,-7.3483122],[112.7282943,-7.3483623],[112.7277145,-7.3484266],[112.7274551,-7.3484562],[112.7271899,-7.3484439],[112.7271893,-7.3484439],[112.7271768,-7.3483787],[112.7258469,-7.3482934],[112.7258112,-7.3482814],[112.7255976,-7.3482096],[112.7255107,-7.3481451],[112.7253653,-7.3480371],[112.7253026,-7.3479905],[112.7252569,-7.3478946],[112.724891,-7.3475991],[112.7248907,-7.3475988],[112.724891,-7.3475984],[112.7248928,-7.3475896],[112.7248774,-7.3475878],[112.7247946,-7.3475325],[112.7246556,-7.3474396],[112.7244887,-7.3471918],[112.7244699,-7.3469901],[112.7244656,-7.3469434],[112.7244102,-7.346927],[112.7242387,-7.3469111],[112.724215,-7.3465081],[112.7242071,-7.3458952],[112.7239557,-7.3457344],[112.7235025,-7.3455604],[112.7234578,-7.3455433],[112.7234576,-7.345543],[112.7234344,-7.3455341],[112.7231712,-7.3454566],[112.723091,-7.3454331],[112.7226257,-7.3452957],[112.7217483,-7.345033],[112.7212142,-7.3448856],[112.7200088,-7.3445547],[112.7197952,-7.3445109],[112.7197265,-7.3444999],[112.7197036,-7.3444255],[112.7197495,-7.3441823],[112.719818,-7.3438194],[112.7199554,-7.3433298],[112.7199609,-7.3433018],[112.7199618,-7.3432999],[112.720026,-7.3430754],[112.7198423,-7.3429639],[112.719499,-7.3428649],[112.7179127,-7.3424164],[112.7172144,-7.3422361],[112.7170824,-7.342198],[112.7169044,-7.3421466],[112.716075,-7.341907],[112.7156963,-7.3418317],[112.7156801,-7.3418275],[112.7156829,-7.341811],[112.7156829,-7.3416165],[112.7156884,-7.3414488],[112.7156905,-7.3413838],[112.7157008,-7.341307],[112.7157245,-7.3411303],[112.7157792,-7.3410912],[112.7158427,-7.3410459],[112.7158891,-7.3407299],[112.7159356,-7.3404605],[112.7160378,-7.3402003],[112.7160378,-7.3400888],[112.7160935,-7.339968],[112.7161011,-7.339933],[112.71568,-7.3398],[112.7151,-7.33964],[112.71484,-7.33957],[112.71463,-7.33951],[112.71388,-7.33928],[112.71373,-7.33923],[112.71353,-7.33919],[112.71344,-7.33917],[112.7134397,-7.3391699],[112.7131195,-7.3390571],[112.7131118,-7.3390544],[112.7128982,-7.3389977],[112.7121734,-7.3387883],[112.711647,-7.3386043],[112.7112197,-7.3384808],[112.7109756,-7.3383964],[112.7104949,-7.3382996],[112.7103576,-7.3382367],[112.7103336,-7.338226],[112.7102737,-7.3381995],[112.7099685,-7.3381174],[112.7097396,-7.338055],[112.7095184,-7.3380073],[112.7092513,-7.3379296],[112.7085811,-7.33771],[112.7085265,-7.3376921],[112.7081145,-7.3375829],[112.7080382,-7.3375348],[112.708023,-7.3374704],[112.708084,-7.3373807],[112.7081069,-7.3373387],[112.7081007,-7.3373379],[112.7079391,-7.3373154],[112.7075347,-7.3372906],[112.7072638,-7.3372367],[112.7070007,-7.3371843],[112.7063169,-7.3369822],[112.7058791,-7.3368529],[112.70566,-7.3367654],[112.7056426,-7.3367584],[112.7054214,-7.3366259],[112.7051363,-7.3364417],[112.7050552,-7.3363894],[112.7048415,-7.3362563],[112.7047776,-7.3362165],[112.7046747,-7.3361528],[112.70466,-7.33617],[112.70461,-7.33623],[112.7045947,-7.3362484],[112.7040424,-7.3368097],[112.7037581,-7.3370987],[112.7037285,-7.3371288],[112.7037124,-7.3371452],[112.7031211,-7.3376674],[112.702932,-7.3378344],[112.70263554563516,-7.338096207483369],[112.70263554563516,-7.334744294835894],[112.69365239279396,-7.334744294835894],[112.69365239279396,-7.330252718415296],[112.68916081637337,-7.330252718415296],[112.68916081637337,-7.321269565574101],[112.69814396921457,-7.321269565574101],[112.69814396921457,-7.316777989153503],[112.66221135784978,-7.316777989153503],[112.66221135784978,-7.30330325989171],[112.65322820500859,-7.30330325989171],[112.65322820500859,-7.298811683471112],[112.64424505216739,-7.298811683471112],[112.64424505216739,-7.294320107050514],[112.648736628588,-7.294320107050514],[112.648736628588,-7.28533695420932],[112.6577197814292,-7.28533695420932],[112.6577197814292,-7.280845377788721],[112.66670293427038,-7.280845377788721],[112.66670293427038,-7.28533695420932],[112.67119451069098,-7.28533695420932],[112.67119451069098,-7.280845377788721],[112.67568608711159,-7.280845377788721],[112.67568608711159,-7.276353801368125],[112.68017766353218,-7.276353801368125],[112.68017766353218,-7.271862224947527],[112.67119451069098,-7.271862224947527],[112.67119451069098,-7.267370648526929],[112.66670293427038,-7.267370648526929],[112.66670293427038,-7.271862224947527],[112.66221135784978,-7.271862224947527],[112.66221135784978,-7.267370648526929],[112.6577197814292,-7.267370648526929],[112.6577197814292,-7.258387495685734],[112.62178717006441,-7.258387495685734],[112.62178717006441,-7.253895919265136],[112.62627874648501,-7.253895919265136],[112.62627874648501,-7.244912766423941],[112.62178717006441,-7.244912766423941],[112.62178717006441,-7.235929613582747],[112.6352618993262,-7.235929613582747],[112.6352618993262,-7.244912766423941],[112.648736628588,-7.244912766423941],[112.648736628588,-7.24940434284454],[112.65322820500859,-7.24940434284454],[112.65322820500859,-7.253895919265136],[112.66221135784978,-7.253895919265136],[112.66221135784978,-7.24940434284454],[112.66670293427038,-7.24940434284454],[112.66670293427038,-7.258387495685734],[112.69814396921457,-7.258387495685734],[112.69814396921457,-7.262879072106332],[112.70712712205577,-7.262879072106332],[112.70712712205577,-7.258387495685734],[112.70263554563516,-7.258387495685734],[112.70263554563516,-7.24940434284454],[112.70712712205577,-7.24940434284454],[112.70712712205577,-7.244912766423941],[112.71161869847636,-7.244912766423941],[112.71161869847636,-7.235929613582747],[112.72060185131755,-7.235929613582747],[112.72060185131755,-7.222454884320952],[112.71611027489696,-7.222454884320952],[112.71611027489696,-7.208030113894448],[112.7190118,-7.206717]],[[112.68466923995277,-7.298811683471112],[112.68916081637337,-7.298811683471112],[112.68916081637337,-7.289828530629918],[112.68466923995277,-7.289828530629918],[112.68466923995277,-7.298811683471112]],[[112.69814396921457,-7.307794836312309],[112.70712712205577,-7.307794836312309],[112.70712712205577,-7.30330325989171],[112.71161869847636,-7.30330325989171],[112.71161869847636,-7.307794836312309],[112.72060185131755,-7.307794836312309],[112.72060185131755,-7.298811683471112],[112.71161869847636,-7.298811683471112],[112.71161869847636,-7.294320107050514],[112.69814396921457,-7.294320107050514],[112.69814396921457,-7.307794836312309]],[[112.66670293427038,-7.307794836312309],[112.67119451069098,-7.307794836312309],[112.67119451069098,-7.30330325989171],[112.66670293427038,-7.30330325989171],[112.66670293427038,-7.307794836312309]]],[[[112.7005385,-7.3392762],[112.6994747,-7.340348],[112.6994683,-7.3403544],[112.6992034,-7.3406213],[112.6991468,-7.3406766],[112.6991424,-7.3406809],[112.6983044,-7.3414965],[112.6982936,-7.341507],[112.69814396921457,-7.341652584685075],[112.69814396921457,-7.33923587125649],[112.70060881866368,-7.33923587125649],[112.7005385,-7.3392762]]],[[[112.6940615,-7.3438258],[112.6940587,-7.3438269],[112.6940213,-7.3438414],[112.69365239279396,-7.343984875499014],[112.69365239279396,-7.343727447677089],[112.6943143317838,-7.343727447677089],[112.6940615,-7.3438258]]]],"type":"MultiPolygon"},"properties":{"fid":33786,"DN":5,"KELAS":"CAHAYA TINGGI","CLASS":"HIGH LIGHTS","INTENSITAS (nW/sr/cm²)":"≥20"}},{"type":"Feature","geometry":{"coordinates":[[[[112.6569366,-7.3560888],[112.6568659,-7.3561914],[112.6563434,-7.3568201],[112.6560435,-7.3568885],[112.655109,-7.3568885],[112.6547085,-7.3567217],[112.6543808,-7.3562112],[112.6551514,-7.3532104],[112.6557083,-7.3491597],[112.6559753,-7.3455586],[112.6557541,-7.342586],[112.6549835,-7.3405561],[112.6546326,-7.3400788],[112.6544266,-7.3401022],[112.6538315,-7.3389978],[112.6520081,-7.337533],[112.6502533,-7.3364034],[112.6485091,-7.3353003],[112.6485753,-7.3348166],[112.6485753,-7.3342398],[112.6487814,-7.3336014],[112.6488961,-7.3334613],[112.6490362,-7.3330409],[112.6491636,-7.3327225],[112.6491381,-7.3324168],[112.6491381,-7.331678],[112.6491126,-7.3311557],[112.6490999,-7.3304806],[112.6490489,-7.329487],[112.6490362,-7.3291558],[112.6492273,-7.3288629],[112.6493801,-7.3286208],[112.6493801,-7.3284935],[112.6494948,-7.3282005],[112.6496221,-7.3280476],[112.650017,-7.3277419],[112.6501388,-7.3277419],[112.6501388,-7.3276237],[112.6502303,-7.3270586],[112.6502609,-7.326783],[112.6503984,-7.3253027],[112.6504211,-7.3250583],[112.6505279,-7.32417],[112.6506118,-7.3235791],[112.6506957,-7.3230036],[112.6507415,-7.3226827],[112.6508788,-7.3215154],[112.650884,-7.3214735],[112.6508794,-7.3214714],[112.6508431,-7.3214327],[112.6507996,-7.3213529],[112.6507862,-7.3213261],[112.6507584,-7.3212706],[112.65075845984282,-7.321269565574101],[112.65322820500859,-7.321269565574101],[112.65322820500859,-7.325761141994698],[112.66670293427038,-7.325761141994698],[112.66670293427038,-7.330252718415296],[112.67568608711159,-7.330252718415296],[112.67568608711159,-7.33923587125649],[112.67119451069098,-7.33923587125649],[112.67119451069098,-7.343727447677089],[112.66670293427038,-7.343727447677089],[112.66670293427038,-7.348219024097687],[112.6577197814292,-7.348219024097687],[112.6577197814292,-7.354953968128589],[112.6569366,-7.3560888]]],[[[112.6486509,-7.3192691],[112.6485081,-7.3192528],[112.6483979,-7.3191222],[112.6483367,-7.3189875],[112.6483979,-7.3187468],[112.6484346,-7.318502],[112.6484958,-7.3182408],[112.6485652,-7.3179715],[112.6486264,-7.3177593],[112.648657,-7.3175532],[112.6486815,-7.3173696],[112.6487197,-7.3171403],[112.6487264,-7.3171003],[112.6487345,-7.3169085],[112.648736628588,-7.31689472907401],[112.648736628588,-7.319273301879388],[112.6486509,-7.3192691]]],[[[112.6488162,-7.31668],[112.6488529,-7.3165535],[112.6489447,-7.3162658],[112.6489733,-7.3159516],[112.6490181,-7.3157272],[112.6490508,-7.3155681],[112.6490916,-7.3154089],[112.6491426,-7.3151457],[112.6491671,-7.3149743],[112.6492364,-7.3148234],[112.6493466,-7.3146153],[112.6494568,-7.3145949],[112.6494926,-7.3145818],[112.6487959,-7.3144858],[112.6480255,-7.3143795],[112.6476098,-7.3143106],[112.6476058,-7.3143099],[112.6473922,-7.3142727],[112.6460342,-7.3141282],[112.6449126,-7.314113],[112.64424505216739,-7.314043484022674],[112.64424505216739,-7.312286412732905],[112.6397534757468,-7.312286412732905],[112.6397534757468,-7.313506912508211],[112.639717,-7.3135026],[112.6392822,-7.3135427],[112.6391525,-7.3135451],[112.6390304,-7.3134941],[112.6388473,-7.3133062],[112.6386566,-7.3130663],[112.6384963,-7.3129467],[112.6382446,-7.3128522],[112.6380691,-7.3128155],[112.637535,-7.3129791],[112.6372527,-7.3130597],[112.637001,-7.3130987],[112.6364822,-7.312898],[112.6364803,-7.3128973],[112.63652,-7.31255],[112.63659,-7.31193],[112.6365944,-7.3115031],[112.6339715,-7.3114439],[112.6337128,-7.3114381],[112.6309128,-7.3115444],[112.6294189,-7.3116404],[112.6292571,-7.3091564],[112.6292427,-7.3090843],[112.629144,-7.3085911],[112.6292639,-7.3085366],[112.62919394817294,-7.307794836312309],[112.648736628588,-7.307794836312309],[112.648736628588,-7.312286412732905],[112.65322820500859,-7.312286412732905],[112.65322820500859,-7.316777989153503],[112.64876392310683,-7.316777989153503],[112.6488162,-7.31668]]],[[[112.6262206,-7.3000801],[112.62627874648501,-7.300029266260701],[112.62627874648501,-7.300096383909865],[112.6262206,-7.3000801]]],[[[112.6269073,-7.298755],[112.6269912,-7.2986578],[112.6271057,-7.2985347],[112.6273498,-7.2982553],[112.6274365,-7.2980154],[112.6275558,-7.297685],[112.6275787,-7.2976235],[112.6277084,-7.297149],[112.6277694,-7.2968524],[112.6278096,-7.2966836],[112.6278686,-7.2964357],[112.6279144,-7.2962101],[112.6280059,-7.2959426],[112.6280288,-7.2958592],[112.6280746,-7.2955478],[112.628189,-7.2948426],[112.62828000170745,-7.294320107050514],[112.6307703229056,-7.294320107050514],[112.6307703229056,-7.298811683471112],[112.62687813030362,-7.298811683471112],[112.6269073,-7.298755]]],[[[112.6271972,-7.280443],[112.6272888,-7.2801789],[112.6274337,-7.2797707],[112.6275634,-7.2794665],[112.6277007,-7.2792605],[112.6277116,-7.2792526],[112.6278762,-7.2791322],[112.6280898,-7.279004],[112.6281661,-7.2788962],[112.6281661,-7.2787293],[112.6280364,-7.2784656],[112.6278838,-7.2782992],[112.6274413,-7.2780856],[112.6272735,-7.2779683],[112.6272201,-7.2774595],[112.6268539,-7.2773956],[112.6265334,-7.2772744],[112.6264572,-7.2772373],[112.6264037,-7.2772115],[112.6264419,-7.2771014],[112.6265411,-7.2769469],[112.6267471,-7.2766117],[112.6268844,-7.276482],[112.6271514,-7.2764872],[112.6274795,-7.2764314],[112.6275558,-7.2763851],[112.6276321,-7.2762597],[112.6276702,-7.276101],[112.627716,-7.2760571],[112.6278915,-7.2760757],[112.6281966,-7.2760781],[112.628395,-7.2760571],[112.6286544,-7.2760209],[112.629013,-7.2757924],[112.6290758,-7.275758],[112.629158,-7.2757128],[112.6294708,-7.2755254],[112.6295394,-7.2755073],[112.6302184,-7.2753132],[112.6303634,-7.2752689],[112.6304397,-7.2752112],[112.6305618,-7.2751201],[112.6306686,-7.2750223],[112.6309585,-7.275009],[112.6311035,-7.2750038],[112.6313628,-7.2746609],[112.6316528,-7.2738498],[112.6319503,-7.272157],[112.6318969,-7.2708853],[112.6317901,-7.2689923],[112.6317234,-7.2683545],[112.631607,-7.2672413],[112.6317062,-7.266198],[112.6320342,-7.2653545],[112.632553,-7.2644561],[112.6327972,-7.2640341],[112.6327972,-7.264031],[112.6328124,-7.2632926],[112.6327229,-7.2628889],[112.63272072204342,-7.262879072106332],[112.6352618993262,-7.262879072106332],[112.6352618993262,-7.276353801368125],[112.6307703229056,-7.276353801368125],[112.6307703229056,-7.280845377788721],[112.62687315763543,-7.280845377788721],[112.6271972,-7.280443]]],[[[112.6078185,-7.2483872],[112.6067352,-7.2486113],[112.6065215,-7.2486132],[112.6055907,-7.2484015],[112.6049804,-7.2482046],[112.6045074,-7.2480615],[112.6041335,-7.247918],[112.6039804,-7.2478319],[112.6038665,-7.2477678],[112.6034927,-7.2476352],[112.6034698,-7.2475637],[112.6033859,-7.247383],[112.6032409,-7.2471455],[112.6031188,-7.247074],[112.6028518,-7.2470192],[112.6026687,-7.2469562],[112.602539,-7.246847],[112.6023711,-7.2467307],[112.6019974,-7.2464905],[112.6019897,-7.2464856],[112.6020278,-7.2463272],[112.6021957,-7.2460688],[112.6022949,-7.2460121],[112.6024398,-7.2458475],[112.602684,-7.2456468],[112.6027984,-7.2456048],[112.6029891,-7.2456029],[112.603012,-7.2451485],[112.6030883,-7.2447608],[112.6031036,-7.2446922],[112.6031646,-7.244707],[112.6033248,-7.2447527],[112.6033325,-7.2447217],[112.6035842,-7.2440437],[112.6035995,-7.2440108],[112.6038436,-7.2433628],[112.6039428,-7.2431973],[112.6040878,-7.2430728],[112.6044921,-7.2427662],[112.6047363,-7.2426551],[112.6049041,-7.2426966],[112.605133,-7.2427953],[112.6052474,-7.2428397],[112.6053924,-7.2427991],[112.6055145,-7.2427071],[112.6055984,-7.2425755],[112.6055907,-7.2424925],[112.6055679,-7.2422927],[112.605606,-7.2422203],[112.6056823,-7.2421563],[112.6057662,-7.242143],[112.605957,-7.2421945],[112.6060485,-7.2421974],[112.6060638,-7.2421516],[112.606163,-7.2417415],[112.606224,-7.2413977],[112.6062316,-7.241372],[112.6062392,-7.2412952],[112.6062545,-7.2412671],[112.6062774,-7.2411598],[112.6062927,-7.2410525],[112.6062927,-7.2410023],[112.6062927,-7.2409995],[112.6063003,-7.2409581],[112.606346,-7.2407564],[112.6064452,-7.240516],[112.6064986,-7.2403863],[112.6064452,-7.2402862],[112.6064376,-7.2402161],[112.60643,-7.2400578],[112.6064147,-7.2397951],[112.6064605,-7.2396983],[112.6065139,-7.2395304],[112.6065139,-7.2394136],[112.6064681,-7.2393878],[112.6061324,-7.2392867],[112.6056823,-7.2391561],[112.6049651,-7.2389477],[112.6049651,-7.2388924],[112.6050109,-7.2386273],[112.6049194,-7.2385796],[112.6045608,-7.2384742],[112.6045684,-7.2382959],[112.6045455,-7.2380632],[112.6044894,-7.2378954],[112.6044769,-7.2378581],[112.6043548,-7.2377146],[112.6041869,-7.2375554],[112.6041564,-7.2375368],[112.6040725,-7.2374962],[112.6039581,-7.2374023],[112.6038665,-7.237234],[112.6038665,-7.2371963],[112.6038665,-7.237183],[112.6038665,-7.237008],[112.6040191,-7.2362474],[112.6042098,-7.2354253],[112.6043166,-7.2348965],[112.6043929,-7.2343062],[112.6044144,-7.2342005],[112.604454,-7.2340058],[112.6045913,-7.2334231],[112.6045913,-7.2333807],[112.6045913,-7.2333468],[112.6045913,-7.2333144],[112.6045913,-7.232901],[112.6046064,-7.2327688],[112.6046066,-7.232767],[112.604482,-7.2326566],[112.6044311,-7.2326115],[112.6041107,-7.2324384],[112.6037368,-7.2322658],[112.6036452,-7.232199],[112.6017837,-7.2307809],[112.6017532,-7.2307161],[112.6015319,-7.2305993],[112.6011123,-7.2303718],[112.6004867,-7.2302254],[112.6004104,-7.2301997],[112.6003646,-7.2298811],[112.600357,-7.2297777],[112.600273,-7.2296852],[112.6001129,-7.2296098],[112.5998535,-7.2294739],[112.5997674,-7.2294336],[112.5996398,-7.2293738],[112.5995025,-7.2293399],[112.5994415,-7.2293557],[112.5993804,-7.2294362],[112.599388,-7.2295927],[112.599388,-7.2296771],[112.5993423,-7.2297319],[112.59932928796142,-7.229735900677184],[112.59932928796142,-7.222454884320952],[112.60382086438202,-7.222454884320952],[112.60382086438202,-7.231438037162149],[112.60831244080262,-7.231438037162149],[112.60831244080262,-7.24829698749256],[112.6078185,-7.2483872]]]],"type":"MultiPolygon"},"properties":{"fid":33803,"DN":3,"KELAS":"CAHAYA RENDAH","CLASS":"LOW LIGHTS","INTENSITAS (nW/sr/cm²)":"5 - 10"}},{"type":"Feature","geometry":{"coordinates":[[[[112.5992431,-7.2297624],[112.5989913,-7.2296461],[112.598915,-7.2295884],[112.5989303,-7.2292756],[112.5989455,-7.229019],[112.598648,-7.2289699],[112.5984878,-7.2289427],[112.5981139,-7.228669],[112.5979156,-7.2285589],[112.5978164,-7.2284936],[112.5977706,-7.2284173],[112.5978156,-7.2281807],[112.5978164,-7.2281765],[112.5978763,-7.2281712],[112.598175,-7.228145],[112.5982818,-7.2281311],[112.5984573,-7.2280005],[112.5986175,-7.2278274],[112.5987167,-7.2276553],[112.5987777,-7.2273558],[112.5987701,-7.2271794],[112.5987014,-7.2269791],[112.5985794,-7.2267707],[112.5984496,-7.2266334],[112.5980453,-7.2263974],[112.5979232,-7.2263258],[112.5977859,-7.2262305],[112.597618,-7.2260049],[112.5975265,-7.2257861],[112.5974349,-7.2251686],[112.5971806,-7.2238852],[112.5971527,-7.2237442],[112.5970687,-7.2236279],[112.5969466,-7.2235201],[112.5968597,-7.2234714],[112.5968528,-7.2234675],[112.5967407,-7.2234047],[112.5967025,-7.2233899],[112.596611,-7.2233733],[112.5961608,-7.2233532],[112.594757,-7.2233075],[112.5939864,-7.2233404],[112.5938777,-7.2233674],[112.5936054,-7.2234352],[112.5935668,-7.2234448],[112.5926208,-7.2237347],[112.5921935,-7.2237347],[112.5920715,-7.2236875],[112.5919494,-7.2235783],[112.5916442,-7.2232183],[112.5915832,-7.2230218],[112.5915603,-7.2229041],[112.591545,-7.2227882],[112.5915603,-7.2225688],[112.591629,-7.2219985],[112.5916442,-7.2217101],[112.5916192,-7.2214247],[112.5923309,-7.2207522],[112.5922045,-7.2195355],[112.5921236,-7.2187567],[112.5921173,-7.2186966],[112.5920278,-7.2177628],[112.5920715,-7.217552],[112.5921477,-7.2171568],[112.5922241,-7.2167753],[112.5923309,-7.2164987],[112.5924377,-7.216327],[112.5926055,-7.2160901],[112.5927352,-7.215905],[112.5929641,-7.2157205],[112.593254,-7.2154959],[112.5935897,-7.2152842],[112.5939331,-7.2151249],[112.5940093,-7.2151249],[112.594551,-7.2171696],[112.5949477,-7.2178677],[112.5952377,-7.2186569],[112.5953521,-7.2191447],[112.5953826,-7.2196149],[112.5956344,-7.2199691],[112.5959243,-7.2201813],[112.5961074,-7.2204026],[112.5961532,-7.2206772],[112.5961761,-7.2210501],[112.5964202,-7.2214578],[112.5969619,-7.2218641],[112.5973129,-7.2220229],[112.5975799,-7.2216757],[112.5977401,-7.2213644],[112.5978088,-7.2202281],[112.5975951,-7.2193497],[112.597702,-7.2190655],[112.598091,-7.2188242],[112.5985443,-7.2186056],[112.5991668,-7.2183054],[112.59996367412478,-7.217963307900356],[112.60382086438202,-7.217963307900356],[112.60382086438202,-7.222454884320952],[112.59932928796142,-7.222454884320952],[112.59932928796142,-7.229735900677184],[112.5992431,-7.2297624]]],[[[112.5985717,-7.215638],[112.5980529,-7.2154945],[112.5976257,-7.2155894],[112.5975036,-7.2157558],[112.5973815,-7.2160257],[112.5972976,-7.2163166],[112.5970992,-7.2164625],[112.596466,-7.2163814],[112.5961074,-7.2161544],[112.5957107,-7.2158554],[112.5955428,-7.2153371],[112.5952529,-7.2150734],[112.5946578,-7.2147296],[112.5947799,-7.2146224],[112.5951461,-7.2142919],[112.5956725,-7.2138432],[112.59612127966018,-7.213471731479758],[112.59932928796142,-7.213471731479758],[112.59932928796142,-7.215890294981702],[112.5985717,-7.215638]]]],"type":"MultiPolygon"},"properties":{"fid":33921,"DN":2,"KELAS":"CAHAYA SANGAT RENDAH","CLASS":"VERY LOW LIGHTS","INTENSITAS (nW/sr/cm²)":"3 - 5"}},{"type":"Feature","geometry":{"coordinates":[[[[112.8238143,-7.3434852],[112.8236617,-7.3434818],[112.8235168,-7.3434771],[112.8233794,-7.3434713],[112.8232345,-7.3434642],[112.8230972,-7.343457],[112.8229675,-7.3434489],[112.8228378,-7.3434404],[112.822708,-7.3434323],[112.8225936,-7.3434237],[112.8224792,-7.3434156],[112.8223723,-7.3434075],[112.8222655,-7.3433994],[112.8221664,-7.3433912],[112.8220748,-7.3433826],[112.8219832,-7.3433741],[112.8218917,-7.343365],[112.8218078,-7.3433555],[112.8217238,-7.3433459],[112.8216399,-7.3433364],[112.8215713,-7.3433269],[112.8215026,-7.3433178],[112.8214339,-7.3433097],[112.8213805,-7.3433025],[112.8213271,-7.3432963],[112.821289,-7.3432916],[112.8212508,-7.3432882],[112.8212203,-7.3432863],[112.8211898,-7.3432849],[112.8211593,-7.3432854],[112.8211211,-7.3432863],[112.821083,-7.3432882],[112.8210372,-7.3432911],[112.8209838,-7.3432949],[112.8209228,-7.3432997],[112.8208617,-7.3433049],[112.8207854,-7.3433106],[112.8207168,-7.3433164],[112.8206405,-7.3433231],[112.8205642,-7.3433297],[112.8204879,-7.3433364],[112.8204192,-7.3433431],[112.8203506,-7.3433497],[112.8202819,-7.3433559],[112.8202209,-7.3433617],[112.8201598,-7.3433669],[112.8201064,-7.3433717],[112.8200606,-7.343376],[112.8200149,-7.3433788],[112.8199767,-7.3433807],[112.8199386,-7.3433822],[112.819908,-7.3433822],[112.8198775,-7.3433812],[112.8198241,-7.3433769],[112.8197783,-7.3433693],[112.8197555,-7.343364],[112.819725,-7.3433579],[112.8197021,-7.3433512],[112.8196715,-7.3433431],[112.8196487,-7.343334],[112.8196249,-7.3433262],[112.8191395,-7.3434807],[112.8190045,-7.3435236],[112.8187579,-7.3435198],[112.818756,-7.3435362],[112.818756,-7.3435441],[112.8186853,-7.3435379],[112.8184959,-7.3436048],[112.8183777,-7.3436533],[112.8180771,-7.343779],[112.817801,-7.3439079],[112.8175219,-7.3440183],[112.8174361,-7.3440617],[112.817398,-7.344066],[112.8173675,-7.3440736],[112.8173293,-7.3440841],[112.8172912,-7.3440988],[112.817253,-7.3441189],[112.8172301,-7.3441313],[112.8172072,-7.3441461],[112.8171969,-7.3441521],[112.8171767,-7.3441637],[112.8171462,-7.3441837],[112.8171081,-7.3442071],[112.8170623,-7.3442338],[112.8170165,-7.3442629],[112.8169631,-7.3442944],[112.8169097,-7.3443268],[112.8168563,-7.3443597],[112.8168029,-7.3443926],[112.8167495,-7.3444245],[112.8167037,-7.3444546],[112.8166503,-7.3444827],[112.8166045,-7.3445085],[112.8165587,-7.3445323],[112.816513,-7.3445542],[112.8164748,-7.3445752],[112.816429,-7.3445948],[112.8163909,-7.3446134],[112.8163528,-7.3446315],[112.816307,-7.3446491],[112.8162689,-7.3446663],[112.8162231,-7.344683],[112.8161849,-7.3446987],[112.8161468,-7.3447144],[112.816101,-7.3447292],[112.8160628,-7.3447435],[112.8160247,-7.3447569],[112.8159865,-7.3447693],[112.8159408,-7.3447812],[112.8159026,-7.3447922],[112.8158721,-7.3448032],[112.815834,-7.3448132],[112.8158034,-7.3448227],[112.8157729,-7.3448322],[112.8157424,-7.3448413],[112.8157195,-7.3448499],[112.8156966,-7.3448594],[112.8156737,-7.3448689],[112.8156509,-7.3448804],[112.8156204,-7.3448933],[112.8155975,-7.344908],[112.8155669,-7.3449257],[112.8155288,-7.3449467],[112.8154907,-7.344971],[112.8154449,-7.3449987],[112.8153915,-7.3450282],[112.815338,-7.3450597],[112.8152846,-7.3450921],[112.8152312,-7.345125],[112.8151778,-7.3451579],[112.8151244,-7.3451899],[112.815071,-7.3452209],[112.8150252,-7.3452504],[112.8149795,-7.3452786],[112.8149337,-7.3453058],[112.8148955,-7.345332],[112.8148574,-7.3453572],[112.8148193,-7.3453816],[112.8147811,-7.3454049],[112.8147506,-7.3454283],[112.8147201,-7.3454512],[112.8146896,-7.3454746],[112.814659,-7.3454979],[112.8146285,-7.3455227],[112.814598,-7.3455489],[112.8145599,-7.3455771],[112.8145293,-7.3456071],[112.8144912,-7.3456395],[112.8144454,-7.3456743],[112.8144073,-7.3457106],[112.8143615,-7.3457478],[112.8143157,-7.3457854],[112.8142776,-7.3458226],[112.8142318,-7.3458593],[112.8142191,-7.3458693],[112.8141106,-7.3458777],[112.8133635,-7.3461385],[112.8133544,-7.3461369],[112.8133269,-7.3461308],[112.8133047,-7.346156],[112.8129357,-7.3462804],[112.8128261,-7.3462809],[112.8128127,-7.346289],[112.8128098,-7.3462909],[112.8127898,-7.346281],[112.8126861,-7.3462879],[112.8123757,-7.3463064],[112.812355,-7.3463019],[112.8123421,-7.3462982],[112.8123168,-7.3462909],[112.8122787,-7.3462828],[112.8122558,-7.3462775],[112.8122176,-7.3462742],[112.8121871,-7.3462775],[112.8121642,-7.3462837],[112.8121337,-7.3462942],[112.8121032,-7.3463104],[112.8120979,-7.3463145],[112.8120848,-7.3463245],[112.8120463,-7.346316],[112.8120266,-7.3463116],[112.8109259,-7.346242],[112.8109054,-7.3462318],[112.8108749,-7.3462218],[112.8108444,-7.3462131],[112.8108215,-7.346206],[112.8107909,-7.3462017],[112.8107528,-7.3461989],[112.8107147,-7.3462017],[112.8106918,-7.346207],[112.8106612,-7.346216],[112.8106231,-7.3462332],[112.8106212,-7.346234],[112.810503,-7.3461967],[112.8104333797295,-7.346180744485642],[112.8104333797295,-7.343727447677089],[112.81492495615011,-7.343727447677089],[112.81492495615011,-7.33923587125649],[112.8194165325707,-7.33923587125649],[112.8194165325707,-7.325761141994698],[112.81492495615011,-7.325761141994698],[112.81492495615011,-7.316777989153503],[112.8239081089913,-7.316777989153503],[112.8239081089913,-7.312286412732905],[112.8194165325707,-7.312286412732905],[112.8194165325707,-7.294320107050514],[112.8239081089913,-7.294320107050514],[112.8239081089913,-7.276353801368125],[112.8283996854119,-7.276353801368125],[112.8283996854119,-7.271862224947527],[112.8328912618325,-7.271862224947527],[112.8328912618325,-7.280845377788721],[112.8283996854119,-7.280845377788721],[112.8283996854119,-7.325761141994698],[112.8239081089913,-7.325761141994698],[112.8239081089913,-7.343486429221265],[112.8238143,-7.3434852]]]],"type":"MultiPolygon"},"properties":{"fid":33947,"DN":2,"KELAS":"CAHAYA SANGAT RENDAH","CLASS":"VERY LOW LIGHTS","INTENSITAS (nW/sr/cm²)":"3 - 5"}}]}